
INSERT INTO BLC_ADMIN_PERMISSION (ADMIN_PERMISSION_ID, DESCRIPTION, NAME, PERMISSION_TYPE) VALUES (69,'Create FulfillmentLocation','PERMISSION_CREATE_FULFILLMENT_LOCATION', 'CREATE');
INSERT INTO BLC_ADMIN_PERMISSION (ADMIN_PERMISSION_ID, DESCRIPTION, NAME, PERMISSION_TYPE) VALUES (70,'Update FulfillmentLocation','PERMISSION_UPDATE_FULFILLMENT_LOCATION', 'UPDATE');
INSERT INTO BLC_ADMIN_PERMISSION (ADMIN_PERMISSION_ID, DESCRIPTION, NAME, PERMISSION_TYPE) VALUES (71,'Delete FulfillmentLocation','PERMISSION_DELETE_FULFILLMENT_LOCATION', 'DELETE');
INSERT INTO BLC_ADMIN_PERMISSION (ADMIN_PERMISSION_ID, DESCRIPTION, NAME, PERMISSION_TYPE) VALUES (72,'Read FulfillmentLocation','PERMISSION_READ_FULFILLMENT_LOCATION', 'READ');
INSERT INTO BLC_ADMIN_PERMISSION (ADMIN_PERMISSION_ID, DESCRIPTION, NAME, PERMISSION_TYPE) VALUES (73,'All FulfillmentLocation','PERMISSION_ALL_FULFILLMENT_LOCATION','ALL');
INSERT INTO BLC_ADMIN_PERMISSION (ADMIN_PERMISSION_ID, DESCRIPTION, NAME, PERMISSION_TYPE) VALUES (74,'Create Inventory','PERMISSION_CREATE_INVENTORY', 'CREATE');
INSERT INTO BLC_ADMIN_PERMISSION (ADMIN_PERMISSION_ID, DESCRIPTION, NAME, PERMISSION_TYPE) VALUES (75,'Update Inventory','PERMISSION_UPDATE_INVENTORY', 'UPDATE');
INSERT INTO BLC_ADMIN_PERMISSION (ADMIN_PERMISSION_ID, DESCRIPTION, NAME, PERMISSION_TYPE) VALUES (76,'Delete Inventory','PERMISSION_DELETE_INVENTORY', 'DELETE');
INSERT INTO BLC_ADMIN_PERMISSION (ADMIN_PERMISSION_ID, DESCRIPTION, NAME, PERMISSION_TYPE) VALUES (77,'Read Inventory','PERMISSION_READ_INVENTORY', 'READ');
INSERT INTO BLC_ADMIN_PERMISSION (ADMIN_PERMISSION_ID, DESCRIPTION, NAME, PERMISSION_TYPE) VALUES (78,'All Inventory','PERMISSION_ALL_INVENTORY','ALL');


INSERT INTO BLC_ADMIN_PERMISSION_ENTITY (ADMIN_PERMISSION_ENTITY_ID, CEILING_ENTITY, ADMIN_PERMISSION_ID) VALUES (230, 'org.broadleafcommerce.inventory.domain.FulfillmentLocation', 69);
INSERT INTO BLC_ADMIN_PERMISSION_ENTITY (ADMIN_PERMISSION_ENTITY_ID, CEILING_ENTITY, ADMIN_PERMISSION_ID) VALUES (231, 'org.broadleafcommerce.inventory.domain.FulfillmentLocation', 70);
INSERT INTO BLC_ADMIN_PERMISSION_ENTITY (ADMIN_PERMISSION_ENTITY_ID, CEILING_ENTITY, ADMIN_PERMISSION_ID) VALUES (232, 'org.broadleafcommerce.inventory.domain.FulfillmentLocation', 71);
INSERT INTO BLC_ADMIN_PERMISSION_ENTITY (ADMIN_PERMISSION_ENTITY_ID, CEILING_ENTITY, ADMIN_PERMISSION_ID) VALUES (233, 'org.broadleafcommerce.inventory.domain.FulfillmentLocation', 72);
INSERT INTO BLC_ADMIN_PERMISSION_ENTITY (ADMIN_PERMISSION_ENTITY_ID, CEILING_ENTITY, ADMIN_PERMISSION_ID) VALUES (234, 'org.broadleafcommerce.inventory.domain.FulfillmentLocation', 73);
INSERT INTO BLC_ADMIN_PERMISSION_ENTITY (ADMIN_PERMISSION_ENTITY_ID, CEILING_ENTITY, ADMIN_PERMISSION_ID) VALUES (235, 'org.broadleafcommerce.inventory.domain.Inventory', 74);
INSERT INTO BLC_ADMIN_PERMISSION_ENTITY (ADMIN_PERMISSION_ENTITY_ID, CEILING_ENTITY, ADMIN_PERMISSION_ID) VALUES (236, 'org.broadleafcommerce.inventory.domain.Inventory', 75);
INSERT INTO BLC_ADMIN_PERMISSION_ENTITY (ADMIN_PERMISSION_ENTITY_ID, CEILING_ENTITY, ADMIN_PERMISSION_ID) VALUES (237, 'org.broadleafcommerce.inventory.domain.Inventory', 76);
INSERT INTO BLC_ADMIN_PERMISSION_ENTITY (ADMIN_PERMISSION_ENTITY_ID, CEILING_ENTITY, ADMIN_PERMISSION_ID) VALUES (238, 'org.broadleafcommerce.inventory.domain.Inventory', 77);
INSERT INTO BLC_ADMIN_PERMISSION_ENTITY (ADMIN_PERMISSION_ENTITY_ID, CEILING_ENTITY, ADMIN_PERMISSION_ID) VALUES (239, 'org.broadleafcommerce.inventory.domain.Inventory', 78);



insert into BLC_ADMIN_ROLE_PERMISSION_XREF (ADMIN_ROLE_ID, ADMIN_PERMISSION_ID) values(-1, 78);
insert into BLC_ADMIN_ROLE_PERMISSION_XREF (ADMIN_ROLE_ID, ADMIN_PERMISSION_ID) values(-1, 73);


-- tell the admin it needs to load this section also and associate permissions
INSERT INTO BLC_ADMIN_SECTION (ADMIN_SECTION_ID, ADMIN_MODULE_ID, NAME, SECTION_KEY, URL, USE_DEFAULT_HANDLER) VALUES (15, -1, 'Inventory', 'Inventory', '/inventory', false);
update  blc_admin_section set CEILING_ENTITY='org.broadleafcommerce.inventory.domain.Inventory' where admin_section_id=15;

INSERT INTO blc_admin_sec_perm_xref (ADMIN_SECTION_ID, ADMIN_PERMISSION_ID) VALUES (15,74);
INSERT INTO blc_admin_sec_perm_xref (ADMIN_SECTION_ID, ADMIN_PERMISSION_ID) VALUES (15,75);
INSERT INTO blc_admin_sec_perm_xref (ADMIN_SECTION_ID, ADMIN_PERMISSION_ID) VALUES (15,76);
INSERT INTO blc_admin_sec_perm_xref (ADMIN_SECTION_ID, ADMIN_PERMISSION_ID) VALUES (15,77);



-- 建立分仓
insert into blc_address (ADDRESS_ID, ADDRESS_LINE1, ADDRESS_LINE2, ADDRESS_LINE3, CITY, COMPANY_NAME, COUNTY, EMAIL_ADDRESS, FAX, FIRST_NAME, IS_ACTIVE, IS_BUSINESS, IS_DEFAULT, LAST_NAME, POSTAL_CODE, PRIMARY_PHONE, SECONDARY_PHONE, STANDARDIZED, TOKENIZED_ADDRESS, VERIFICATION_LEVEL, ZIP_FOUR, COUNTRY, PHONE_FAX_ID, PHONE_PRIMARY_ID, PHONE_SECONDARY_ID, STATE_PROV_REGION) values(-1, '下沙xx路234号', '', '', '杭州', '浙理工团队', '', '', '', '', true, true, true, '', '310018', '', '', true, true, null, null, 'CN', null, null, null, '浙');
insert into BLC_FULFILLMENT_LOCATION (FULFILLMENT_LOCATION_ID, DEFAULT_LOCATION, LOCATION_NAME, PICKUP_LOCATION, SHIPPING_LOCATION, ADDRESS_ID)values('-1', true, '浙江理工仓1', true, true, -1);

insert into blc_address (ADDRESS_ID, ADDRESS_LINE1, ADDRESS_LINE2, ADDRESS_LINE3, CITY, COMPANY_NAME, COUNTY, EMAIL_ADDRESS, FAX, FIRST_NAME, IS_ACTIVE, IS_BUSINESS, IS_DEFAULT, LAST_NAME, POSTAL_CODE, PRIMARY_PHONE, SECONDARY_PHONE, STANDARDIZED, TOKENIZED_ADDRESS, VERIFICATION_LEVEL, ZIP_FOUR, COUNTRY, PHONE_FAX_ID, PHONE_PRIMARY_ID, PHONE_SECONDARY_ID, STATE_PROV_REGION) values(-2, '丽水xx路236号', '', '', '丽水', '丽水学院团队', '', '', '', '', true, true, true, '', '310018', '', '', true, true, null, null, 'CN', null, null, null, '浙');
insert into BLC_FULFILLMENT_LOCATION (FULFILLMENT_LOCATION_ID, DEFAULT_LOCATION, LOCATION_NAME, PICKUP_LOCATION, SHIPPING_LOCATION, ADDRESS_ID)values('-2', true, '丽水仓1', true, true, -2);



