-- BLC Admin Required Categories
INSERT INTO BLC_CATEGORY (CATEGORY_ID,LONG_DESCRIPTION,NAME,URL,DEFAULT_PARENT_CATEGORY_ID,ACTIVE_START_DATE) VALUES (1,'Root','Root',NULL,NULL,CURRENT_TIMESTAMP);
INSERT INTO BLC_CATEGORY (CATEGORY_ID,LONG_DESCRIPTION,NAME,URL,DEFAULT_PARENT_CATEGORY_ID,ACTIVE_START_DATE) VALUES (2, '商品分类root','Primary Nav',NULL,1,CURRENT_TIMESTAMP);



INSERT INTO BLC_CATEGORY (CATEGORY_ID,LONG_DESCRIPTION,NAME,URL,DEFAULT_PARENT_CATEGORY_ID,ACTIVE_START_DATE) VALUES (1002,'楼层root','Floor',NULL,1,CURRENT_TIMESTAMP);
INSERT INTO BLC_CATEGORY (CATEGORY_ID,LONG_DESCRIPTION,NAME,URL,DEFAULT_PARENT_CATEGORY_ID,ACTIVE_START_DATE) VALUES (1003,'热门零食root','Hot-sale',NULL,1,CURRENT_TIMESTAMP);
INSERT INTO BLC_CATEGORY (CATEGORY_ID,LONG_DESCRIPTION,NAME,URL,DEFAULT_PARENT_CATEGORY_ID,ACTIVE_START_DATE) VALUES (1005,'超级热门大零食','热门零食','/fenlei/remen',1003,CURRENT_TIMESTAMP);
INSERT INTO BLC_CATEGORY (CATEGORY_ID,LONG_DESCRIPTION,NAME,URL,DEFAULT_PARENT_CATEGORY_ID,ACTIVE_START_DATE) VALUES (1004,'仙丹换购root','Integer',NULL,1,CURRENT_TIMESTAMP);
INSERT INTO BLC_CATEGORY (CATEGORY_ID,LONG_DESCRIPTION,NAME,URL,DEFAULT_PARENT_CATEGORY_ID,ACTIVE_START_DATE) VALUES (1006,'仙丹能兑换什么','仙丹换购','/fenlei/jifenhuangou',1004,CURRENT_TIMESTAMP);

INSERT INTO BLC_CATEGORY (CATEGORY_ID,LONG_DESCRIPTION,NAME,URL,DEFAULT_PARENT_CATEGORY_ID,ACTIVE_START_DATE, DISPLAY_TEMPLATE) VALUES (2001,'Home','Home','/',1,CURRENT_TIMESTAMP, 'layout/home');

INSERT INTO BLC_CATEGORY (CATEGORY_ID,LONG_DESCRIPTION,NAME,URL,DEFAULT_PARENT_CATEGORY_ID,ACTIVE_START_DATE) VALUES (2002,'八戒为你强烈推荐绝佳美味。。','八戒推荐','/fenlei/tuijian',1002,CURRENT_TIMESTAMP);
INSERT INTO BLC_CATEGORY (CATEGORY_ID,LONG_DESCRIPTION,NAME,URL,DEFAULT_PARENT_CATEGORY_ID,ACTIVE_START_DATE) VALUES (2003,'师傅，你先休息休息，待俺老孙去化缘来。。','师父请用餐','/fenlei/zaocan',1002,CURRENT_TIMESTAMP);
INSERT INTO BLC_CATEGORY (CATEGORY_ID,LONG_DESCRIPTION,NAME,URL,DEFAULT_PARENT_CATEGORY_ID,ACTIVE_START_DATE) VALUES (2004,'名特小吃大搜罗','天庭小吃','/fenlei/xiaochi',1002,CURRENT_TIMESTAMP);
INSERT INTO BLC_CATEGORY (CATEGORY_ID,LONG_DESCRIPTION,NAME,URL,DEFAULT_PARENT_CATEGORY_ID,ACTIVE_START_DATE) VALUES (2005,'女生的最爱','女儿国','/fenlei/nvsheng',1002,CURRENT_TIMESTAMP);
INSERT INTO BLC_CATEGORY (CATEGORY_ID,LONG_DESCRIPTION,NAME,URL,DEFAULT_PARENT_CATEGORY_ID,ACTIVE_START_DATE) VALUES (2006,'来点特别的','沙僧找野味','/fenlei/yewei',1002,CURRENT_TIMESTAMP);

-- 食品大分类
INSERT INTO BLC_CATEGORY (CATEGORY_ID,LONG_DESCRIPTION,NAME,URL,DEFAULT_PARENT_CATEGORY_ID,ACTIVE_START_DATE) VALUES (1500,'蜜饯 / 糖果 / 坚果 ','蜜饯 / 糖果 / 坚果 ','/fenlei/ganguo',2,CURRENT_TIMESTAMP);
INSERT INTO BLC_CATEGORY (CATEGORY_ID,LONG_DESCRIPTION,NAME,URL,DEFAULT_PARENT_CATEGORY_ID,ACTIVE_START_DATE) VALUES (1501,'糕点 / 饼干 / 香肠','糕点 / 饼干 / 香肠','/fenlei/sushi',2,CURRENT_TIMESTAMP);
INSERT INTO BLC_CATEGORY (CATEGORY_ID,LONG_DESCRIPTION,NAME,URL,DEFAULT_PARENT_CATEGORY_ID,ACTIVE_START_DATE) VALUES (1502,'卤制 / 下饭 / 方便面','卤制 / 下饭 / 方便面','/fenlei/xiafan',2,CURRENT_TIMESTAMP);
INSERT INTO BLC_CATEGORY (CATEGORY_ID,LONG_DESCRIPTION,NAME,URL,DEFAULT_PARENT_CATEGORY_ID,ACTIVE_START_DATE) VALUES (1503,'水 / 饮品 / 冲饮','水 / 饮品 / 冲饮','/fenlei/yinliao',2,CURRENT_TIMESTAMP);
INSERT INTO BLC_CATEGORY (CATEGORY_ID,LONG_DESCRIPTION,NAME,URL,DEFAULT_PARENT_CATEGORY_ID,ACTIVE_START_DATE) VALUES (1504,'休闲小吃 / 口腔清新','休闲小吃 / 口腔清新','/fenlei/xiuxian',2,CURRENT_TIMESTAMP);
INSERT INTO BLC_CATEGORY (CATEGORY_ID,LONG_DESCRIPTION,NAME,URL,DEFAULT_PARENT_CATEGORY_ID,ACTIVE_START_DATE) VALUES (1505,'进口食品 / 膨化食品','进口食品 / 膨化食品','/fenlei/jinkou',2,CURRENT_TIMESTAMP);
INSERT INTO BLC_CATEGORY (CATEGORY_ID,LONG_DESCRIPTION,NAME,URL,DEFAULT_PARENT_CATEGORY_ID,ACTIVE_START_DATE) VALUES (1506,'生活用品','生活用品','/fenlei/bixupin',2,CURRENT_TIMESTAMP);

INSERT INTO BLC_CATEGORY (CATEGORY_ID,LONG_DESCRIPTION,NAME,URL,DEFAULT_PARENT_CATEGORY_ID,ACTIVE_START_DATE) VALUES (1507,'百草味','百草味','/fenlei/baicaowei',2,CURRENT_TIMESTAMP);

INSERT INTO BLC_CATEGORY (CATEGORY_ID,LONG_DESCRIPTION,NAME,URL,DEFAULT_PARENT_CATEGORY_ID,ACTIVE_START_DATE) VALUES (102,'绝味','绝味','/fenlei/jueweiyabo',2,CURRENT_TIMESTAMP);

INSERT INTO BLC_CATEGORY (CATEGORY_ID,LONG_DESCRIPTION,NAME,URL,DEFAULT_PARENT_CATEGORY_ID,ACTIVE_START_DATE) VALUES (151,'老婆大人','老婆大人','/fenlei/laopodaren',2,CURRENT_TIMESTAMP);

INSERT INTO BLC_MEDIA (MEDIA_ID, URL, TITLE, ALT_TEXT) VALUES (-8,'/cmsstatic/img/cats/icon8.png','百草味','primary');
insert into blc_category_media_map (BLC_CATEGORY_CATEGORY_ID, MEDIA_ID, MAP_KEY) values (102, -8, 'primary');
insert into blc_category_media_map (BLC_CATEGORY_CATEGORY_ID, MEDIA_ID, MAP_KEY) values (151, -8, 'primary');

insert into blc_region_media_map ( B_REGION_REGION_ID, MEDIA_ID, MAP_KEY) values (1, -1, 'primary');
insert into blc_region_media_map ( B_REGION_REGION_ID, MEDIA_ID, MAP_KEY) values (2, -2, 'primary');
insert into blc_region_media_map ( B_REGION_REGION_ID, MEDIA_ID, MAP_KEY) values (3, -3, 'primary');
insert into blc_region_media_map ( B_REGION_REGION_ID, MEDIA_ID, MAP_KEY) values (4, -4, 'primary');
insert into blc_region_media_map ( B_REGION_REGION_ID, MEDIA_ID, MAP_KEY) values (5, -5, 'primary');
insert into blc_region_media_map ( B_REGION_REGION_ID, MEDIA_ID, MAP_KEY) values (6, -6, 'primary');


insert into blc_category_media_map (BLC_CATEGORY_CATEGORY_ID, MEDIA_ID, MAP_KEY) values (1208, -1, 'primary');
insert into blc_category_media_map (BLC_CATEGORY_CATEGORY_ID, MEDIA_ID, MAP_KEY) values (1007, -2, 'primary');
insert into blc_category_media_map (BLC_CATEGORY_CATEGORY_ID, MEDIA_ID, MAP_KEY) values (1106, -3, 'primary');
insert into blc_category_media_map (BLC_CATEGORY_CATEGORY_ID, MEDIA_ID, MAP_KEY) values (928, -4, 'primary');
insert into blc_category_media_map (BLC_CATEGORY_CATEGORY_ID, MEDIA_ID, MAP_KEY) values (919, -5, 'primary');
insert into blc_category_media_map (BLC_CATEGORY_CATEGORY_ID, MEDIA_ID, MAP_KEY) values (1105, -6, 'primary');


-- 食品大分类icon
INSERT INTO BLC_MEDIA (MEDIA_ID, URL, TITLE, ALT_TEXT) VALUES (-1,'/cmsstatic/img/cats/icon1.png','干果类','primary');
insert into blc_category_media_map (BLC_CATEGORY_CATEGORY_ID, MEDIA_ID, MAP_KEY) values (1500, -1, 'primary');
INSERT INTO BLC_MEDIA (MEDIA_ID, URL, TITLE, ALT_TEXT) VALUES (-2,'/cmsstatic/img/cats/icon2.png','速食类','primary');
insert into blc_category_media_map (BLC_CATEGORY_CATEGORY_ID, MEDIA_ID, MAP_KEY) values (1501, -2, 'primary');
INSERT INTO BLC_MEDIA (MEDIA_ID, URL, TITLE, ALT_TEXT) VALUES (-3,'/cmsstatic/img/cats/icon3.png','下饭类','primary');
insert into blc_category_media_map (BLC_CATEGORY_CATEGORY_ID, MEDIA_ID, MAP_KEY) values (1502, -3, 'primary');
INSERT INTO BLC_MEDIA (MEDIA_ID, URL, TITLE, ALT_TEXT) VALUES (-4,'/cmsstatic/img/cats/icon4.png','饮品类','primary');
insert into blc_category_media_map (BLC_CATEGORY_CATEGORY_ID, MEDIA_ID, MAP_KEY) values (1503, -4, 'primary');
INSERT INTO BLC_MEDIA (MEDIA_ID, URL, TITLE, ALT_TEXT) VALUES (-5,'/cmsstatic/img/cats/icon5.png','休闲类','primary');
insert into blc_category_media_map (BLC_CATEGORY_CATEGORY_ID, MEDIA_ID, MAP_KEY) values (1504, -5, 'primary');
INSERT INTO BLC_MEDIA (MEDIA_ID, URL, TITLE, ALT_TEXT) VALUES (-6,'/cmsstatic/img/cats/icon6.png','进口类','primary');
insert into blc_category_media_map (BLC_CATEGORY_CATEGORY_ID, MEDIA_ID, MAP_KEY) values (1505, -6, 'primary');

INSERT INTO BLC_MEDIA (MEDIA_ID, URL, TITLE, ALT_TEXT) VALUES (-7,'/cmsstatic/img/cats/icon7.png','生活类','primary');
insert into blc_category_media_map (BLC_CATEGORY_CATEGORY_ID, MEDIA_ID, MAP_KEY) values (1506, -7, 'primary');

INSERT INTO BLC_MEDIA (MEDIA_ID, URL, TITLE, ALT_TEXT) VALUES (-8,'/cmsstatic/img/cats/icon8.png','百草味','primary');
insert into blc_category_media_map (BLC_CATEGORY_CATEGORY_ID, MEDIA_ID, MAP_KEY) values (1507, -8, 'primary');

INSERT INTO BLC_STATIC_ASSET (STATIC_ASSET_ID, MIME_TYPE, STORAGE_TYPE, FULL_URL, NAME) VALUES (-300,'image/jpg','FILESYSTEM','/img/cats/icon1.png','');
INSERT INTO BLC_STATIC_ASSET (STATIC_ASSET_ID, MIME_TYPE, STORAGE_TYPE, FULL_URL, NAME) VALUES (-301,'image/jpg','FILESYSTEM','/img/cats/icon2.png','');
INSERT INTO BLC_STATIC_ASSET (STATIC_ASSET_ID, MIME_TYPE, STORAGE_TYPE, FULL_URL, NAME) VALUES (-302,'image/jpg','FILESYSTEM','/img/cats/icon3.png','');
INSERT INTO BLC_STATIC_ASSET (STATIC_ASSET_ID, MIME_TYPE, STORAGE_TYPE, FULL_URL, NAME) VALUES (-303,'image/jpg','FILESYSTEM','/img/cats/icon4.png','');
INSERT INTO BLC_STATIC_ASSET (STATIC_ASSET_ID, MIME_TYPE, STORAGE_TYPE, FULL_URL, NAME) VALUES (-304,'image/jpg','FILESYSTEM','/img/cats/icon5.png','');
INSERT INTO BLC_STATIC_ASSET (STATIC_ASSET_ID, MIME_TYPE, STORAGE_TYPE, FULL_URL, NAME) VALUES (-305,'image/jpg','FILESYSTEM','/img/cats/icon6.png','');

INSERT INTO BLC_STATIC_ASSET (STATIC_ASSET_ID, MIME_TYPE, STORAGE_TYPE, FULL_URL, NAME) VALUES (-306,'image/jpg','FILESYSTEM','/img/cats/icon7.png','');
INSERT INTO BLC_STATIC_ASSET (STATIC_ASSET_ID, MIME_TYPE, STORAGE_TYPE, FULL_URL, NAME) VALUES (-307,'image/jpg','FILESYSTEM','/img/cats/icon8.png','');

-- Builds the category hierarchy (simple in this case) - Root --> Nav --> All other categories
INSERT INTO BLC_CATEGORY_XREF (SUB_CATEGORY_ID, CATEGORY_ID, DISPLAY_ORDER) VALUES (2,1,1);
INSERT INTO BLC_CATEGORY_XREF (SUB_CATEGORY_ID, CATEGORY_ID, DISPLAY_ORDER) VALUES (1002,1,1);
INSERT INTO BLC_CATEGORY_XREF (SUB_CATEGORY_ID, CATEGORY_ID, DISPLAY_ORDER) VALUES (1003,1,2);
INSERT INTO BLC_CATEGORY_XREF (SUB_CATEGORY_ID, CATEGORY_ID, DISPLAY_ORDER) VALUES (1004,1,3);
INSERT INTO BLC_CATEGORY_XREF (SUB_CATEGORY_ID, CATEGORY_ID, DISPLAY_ORDER) VALUES (2001,1,4);

INSERT INTO BLC_CATEGORY_XREF (SUB_CATEGORY_ID, CATEGORY_ID, DISPLAY_ORDER) VALUES (1500,2,1);
INSERT INTO BLC_CATEGORY_XREF (SUB_CATEGORY_ID, CATEGORY_ID, DISPLAY_ORDER) VALUES (1501,2,2);
INSERT INTO BLC_CATEGORY_XREF (SUB_CATEGORY_ID, CATEGORY_ID, DISPLAY_ORDER) VALUES (1502,2,3);
INSERT INTO BLC_CATEGORY_XREF (SUB_CATEGORY_ID, CATEGORY_ID, DISPLAY_ORDER) VALUES (1503,2,4);
INSERT INTO BLC_CATEGORY_XREF (SUB_CATEGORY_ID, CATEGORY_ID, DISPLAY_ORDER) VALUES (1504,2,5);
INSERT INTO BLC_CATEGORY_XREF (SUB_CATEGORY_ID, CATEGORY_ID, DISPLAY_ORDER) VALUES (1505,2,6);
INSERT INTO BLC_CATEGORY_XREF (SUB_CATEGORY_ID, CATEGORY_ID, DISPLAY_ORDER) VALUES (1506,2,7);

INSERT INTO BLC_CATEGORY_XREF (SUB_CATEGORY_ID, CATEGORY_ID, DISPLAY_ORDER) VALUES (1507,2,8);

INSERT INTO BLC_CATEGORY_XREF (SUB_CATEGORY_ID, CATEGORY_ID, DISPLAY_ORDER) VALUES (102,2,9);
INSERT INTO BLC_CATEGORY_XREF (SUB_CATEGORY_ID, CATEGORY_ID, DISPLAY_ORDER) VALUES (151,2,10);

INSERT INTO BLC_CATEGORY_XREF (SUB_CATEGORY_ID, CATEGORY_ID, DISPLAY_ORDER) VALUES (2002,1002,1);
INSERT INTO BLC_CATEGORY_XREF (SUB_CATEGORY_ID, CATEGORY_ID, DISPLAY_ORDER) VALUES (2003,1002,2);
INSERT INTO BLC_CATEGORY_XREF (SUB_CATEGORY_ID, CATEGORY_ID, DISPLAY_ORDER) VALUES (2004,1002,3);
INSERT INTO BLC_CATEGORY_XREF (SUB_CATEGORY_ID, CATEGORY_ID, DISPLAY_ORDER) VALUES (2005,1002,4);
INSERT INTO BLC_CATEGORY_XREF (SUB_CATEGORY_ID, CATEGORY_ID, DISPLAY_ORDER) VALUES (2006,1002,5);

INSERT INTO BLC_CATEGORY_XREF (SUB_CATEGORY_ID, CATEGORY_ID, DISPLAY_ORDER) VALUES (1005,1003,1);

INSERT INTO BLC_CATEGORY_XREF (SUB_CATEGORY_ID, CATEGORY_ID, DISPLAY_ORDER) VALUES (1006,1004,1);


INSERT INTO BLC_FIELD (FIELD_ID, ENTITY_TYPE, PROPERTY_NAME, ABBREVIATION, SEARCHABLE, FACET_FIELD_TYPE) VALUES (1, 'PRODUCT', 'manufacturer', 'mfg', TRUE, 's');
INSERT INTO BLC_FIELD (FIELD_ID, ENTITY_TYPE, PROPERTY_NAME, ABBREVIATION, SEARCHABLE, FACET_FIELD_TYPE) VALUES (3, 'PRODUCT', 'defaultSku.retailPrice', 'price', FALSE, 'p');
INSERT INTO BLC_FIELD (FIELD_ID, ENTITY_TYPE, PROPERTY_NAME, ABBREVIATION, SEARCHABLE, TRANSLATABLE, FACET_FIELD_TYPE) VALUES (4, 'PRODUCT', 'defaultSku.name', 'name', TRUE, TRUE, 's');
INSERT INTO BLC_FIELD (FIELD_ID, ENTITY_TYPE, PROPERTY_NAME, ABBREVIATION, SEARCHABLE, TRANSLATABLE) VALUES (6, 'PRODUCT', 'defaultSku.description', 'desc', TRUE, TRUE);
INSERT INTO BLC_FIELD (FIELD_ID, ENTITY_TYPE, PROPERTY_NAME, ABBREVIATION, SEARCHABLE, TRANSLATABLE) VALUES (7, 'PRODUCT', 'defaultSku.longDescription', 'ldesc', TRUE, TRUE);

INSERT INTO BLC_FIELD_SEARCH_TYPES (FIELD_ID, SEARCHABLE_FIELD_TYPE) VALUES (1, 't');
-- Note that we are don't search on heat range
-- Note that we are don't search on price
INSERT INTO BLC_FIELD_SEARCH_TYPES (FIELD_ID, SEARCHABLE_FIELD_TYPE) VALUES (4, 't');
INSERT INTO BLC_FIELD_SEARCH_TYPES (FIELD_ID, SEARCHABLE_FIELD_TYPE) VALUES (6, 't');
INSERT INTO BLC_FIELD_SEARCH_TYPES (FIELD_ID, SEARCHABLE_FIELD_TYPE) VALUES (7, 't');

INSERT INTO BLC_SEARCH_FACET (SEARCH_FACET_ID, FIELD_ID, LABEL, SHOW_ON_SEARCH, MULTISELECT, SEARCH_DISPLAY_PRIORITY) VALUES (1, 1, '生产商', TRUE, TRUE, 0);

INSERT INTO BLC_SEARCH_FACET (SEARCH_FACET_ID, FIELD_ID, LABEL, SHOW_ON_SEARCH, MULTISELECT, SEARCH_DISPLAY_PRIORITY) VALUES (3, 3, '价格', TRUE, TRUE, 1);
INSERT INTO BLC_CAT_SEARCH_FACET_XREF (CATEGORY_SEARCH_FACET_ID, CATEGORY_ID, SEARCH_FACET_ID, SEQUENCE) VALUES (3, 1, 3, 3);
INSERT INTO BLC_SEARCH_FACET_RANGE (SEARCH_FACET_RANGE_ID, SEARCH_FACET_ID, MIN_VALUE, MAX_VALUE) VALUES (1, 3, 0, 5);
INSERT INTO BLC_SEARCH_FACET_RANGE (SEARCH_FACET_RANGE_ID, SEARCH_FACET_ID, MIN_VALUE, MAX_VALUE) VALUES (2, 3, 5, 10);
INSERT INTO BLC_SEARCH_FACET_RANGE (SEARCH_FACET_RANGE_ID, SEARCH_FACET_ID, MIN_VALUE, MAX_VALUE) VALUES (3, 3, 10, 15);
INSERT INTO BLC_SEARCH_FACET_RANGE (SEARCH_FACET_RANGE_ID, SEARCH_FACET_ID, MIN_VALUE, MAX_VALUE) VALUES (4, 3, 15, null);


-- 筋斗云配送
insert into `blc_fulfillment_option` (`FULFILLMENT_OPTION_ID`, `FULFILLMENT_TYPE`, `LONG_DESCRIPTION`, `NAME`, `TAX_CODE`, `TAXABLE`, `USE_FLAT_RATES`) values(-1, 'PHYSICAL', '满8元，免配送费', '筋斗云配送', '', 0, 0);
insert into `blc_fulfillment_opt_banded_prc` values (-1);
insert into `blc_fulfillment_price_band` (`FULFILLMENT_PRICE_BAND_ID`, `RESULT_AMOUNT`, `RESULT_AMOUNT_TYPE`, `RETAIL_PRICE_MINIMUM_AMOUNT`, `FULFILLMENT_OPTION_ID`) values(-1, 0.5, 'RATE', 0, -1);
insert into `blc_fulfillment_price_band` (`FULFILLMENT_PRICE_BAND_ID`, `RESULT_AMOUNT`, `RESULT_AMOUNT_TYPE`, `RETAIL_PRICE_MINIMUM_AMOUNT`, `FULFILLMENT_OPTION_ID`) values(-2, 0, 'RATE', 8, -1);


