insert into BLC_PRODUCT (PRODUCT_ID,  DEFAULT_CATEGORY_ID, URL, IS_FEATURED_PRODUCT) VALUES (-1232,1501,'/product/01.001.0001', FALSE);
insert into BLC_PRODUCT (PRODUCT_ID,  DEFAULT_CATEGORY_ID, URL, IS_FEATURED_PRODUCT) VALUES (-1231,1501,'/product/01.001.0002', FALSE);
insert into BLC_PRODUCT (PRODUCT_ID,  DEFAULT_CATEGORY_ID, URL, IS_FEATURED_PRODUCT) VALUES (-1230,1501,'/product/01.001.0003', FALSE);
insert into BLC_PRODUCT (PRODUCT_ID,  DEFAULT_CATEGORY_ID, URL, IS_FEATURED_PRODUCT) VALUES (-1229,1501,'/product/01.001.0004', FALSE);
insert into BLC_PRODUCT (PRODUCT_ID,  DEFAULT_CATEGORY_ID, URL, IS_FEATURED_PRODUCT) VALUES (-1228,1501,'/product/01.001.0005', FALSE);
insert into BLC_PRODUCT (PRODUCT_ID,  DEFAULT_CATEGORY_ID, URL, IS_FEATURED_PRODUCT) VALUES (-1227,1501,'/product/01.001.0006', FALSE);
insert into BLC_PRODUCT (PRODUCT_ID,  DEFAULT_CATEGORY_ID, URL, IS_FEATURED_PRODUCT) VALUES (-1226,1501,'/product/01.001.0007', FALSE);
insert into BLC_PRODUCT (PRODUCT_ID,  DEFAULT_CATEGORY_ID, URL, IS_FEATURED_PRODUCT) VALUES (-1225,1501,'/product/01.001.0008', FALSE);
insert into BLC_PRODUCT (PRODUCT_ID,  DEFAULT_CATEGORY_ID, URL, IS_FEATURED_PRODUCT) VALUES (-1224,1501,'/product/01.001.0009', FALSE);
insert into BLC_PRODUCT (PRODUCT_ID,  DEFAULT_CATEGORY_ID, URL, IS_FEATURED_PRODUCT) VALUES (-1223,1501,'/product/01.001.0010', FALSE);
insert into BLC_PRODUCT (PRODUCT_ID,  DEFAULT_CATEGORY_ID, URL, IS_FEATURED_PRODUCT) VALUES (-1222,1501,'/product/01.001.0011', FALSE);
insert into BLC_PRODUCT (PRODUCT_ID,  DEFAULT_CATEGORY_ID, URL, IS_FEATURED_PRODUCT) VALUES (-1221,1501,'/product/01.001.0012', FALSE);
insert into BLC_PRODUCT (PRODUCT_ID,  DEFAULT_CATEGORY_ID, URL, IS_FEATURED_PRODUCT) VALUES (-1220,1501,'/product/01.001.0013', FALSE);
insert into BLC_PRODUCT (PRODUCT_ID,  DEFAULT_CATEGORY_ID, URL, IS_FEATURED_PRODUCT) VALUES (-1219,1501,'/product/01.001.0014', FALSE);
insert into BLC_PRODUCT (PRODUCT_ID,  DEFAULT_CATEGORY_ID, URL, IS_FEATURED_PRODUCT) VALUES (-1218,1501,'/product/01.001.0015', FALSE);
insert into BLC_PRODUCT (PRODUCT_ID,  DEFAULT_CATEGORY_ID, URL, IS_FEATURED_PRODUCT) VALUES (-1217,1501,'/product/01.001.0016', FALSE);
insert into BLC_PRODUCT (PRODUCT_ID,  DEFAULT_CATEGORY_ID, URL, IS_FEATURED_PRODUCT) VALUES (-1216,1501,'/product/01.001.0017', FALSE);
insert into BLC_PRODUCT (PRODUCT_ID,  DEFAULT_CATEGORY_ID, URL, IS_FEATURED_PRODUCT) VALUES (-1215,1501,'/product/01.001.0018', FALSE);
insert into BLC_PRODUCT (PRODUCT_ID,  DEFAULT_CATEGORY_ID, URL, IS_FEATURED_PRODUCT) VALUES (-1214,1501,'/product/01.001.0019', FALSE);
insert into BLC_PRODUCT (PRODUCT_ID,  DEFAULT_CATEGORY_ID, URL, IS_FEATURED_PRODUCT) VALUES (-1213,1501,'/product/01.001.0020', FALSE);
insert into BLC_PRODUCT (PRODUCT_ID,  DEFAULT_CATEGORY_ID, URL, IS_FEATURED_PRODUCT) VALUES (-1212,1501,'/product/01.001.0021', FALSE);
insert into BLC_PRODUCT (PRODUCT_ID,  DEFAULT_CATEGORY_ID, URL, IS_FEATURED_PRODUCT) VALUES (-1211,1501,'/product/01.001.0022', FALSE);
insert into BLC_PRODUCT (PRODUCT_ID,  DEFAULT_CATEGORY_ID, URL, IS_FEATURED_PRODUCT) VALUES (-1210,1501,'/product/01.001.0023', FALSE);
insert into BLC_PRODUCT (PRODUCT_ID,  DEFAULT_CATEGORY_ID, URL, IS_FEATURED_PRODUCT) VALUES (-1209,1501,'/product/01.001.0024', FALSE);
insert into BLC_PRODUCT (PRODUCT_ID,  DEFAULT_CATEGORY_ID, URL, IS_FEATURED_PRODUCT) VALUES (-1208,1501,'/product/01.001.0025', FALSE);
insert into BLC_PRODUCT (PRODUCT_ID,  DEFAULT_CATEGORY_ID, URL, IS_FEATURED_PRODUCT) VALUES (-1207,1501,'/product/01.001.0026', FALSE);
insert into BLC_PRODUCT (PRODUCT_ID,  DEFAULT_CATEGORY_ID, URL, IS_FEATURED_PRODUCT) VALUES (-1206,1501,'/product/01.004.0027', FALSE);
insert into BLC_PRODUCT (PRODUCT_ID,  DEFAULT_CATEGORY_ID, URL, IS_FEATURED_PRODUCT) VALUES (-1205,1501,'/product/01.001.0028', FALSE);
insert into BLC_PRODUCT (PRODUCT_ID,  DEFAULT_CATEGORY_ID, URL, IS_FEATURED_PRODUCT) VALUES (-1204,1501,'/product/01.001.0029', FALSE);
insert into BLC_PRODUCT (PRODUCT_ID,  DEFAULT_CATEGORY_ID, URL, IS_FEATURED_PRODUCT) VALUES (-1203,1501,'/product/01.001.0030', FALSE);
insert into BLC_PRODUCT (PRODUCT_ID,  DEFAULT_CATEGORY_ID, URL, IS_FEATURED_PRODUCT) VALUES (-1202,1501,'/product/01.001.0031', FALSE);
insert into BLC_PRODUCT (PRODUCT_ID,  DEFAULT_CATEGORY_ID, URL, IS_FEATURED_PRODUCT) VALUES (-1201,1501,'/product/01.001.0032', FALSE);
insert into BLC_PRODUCT (PRODUCT_ID,  DEFAULT_CATEGORY_ID, URL, IS_FEATURED_PRODUCT) VALUES (-1200,1501,'/product/01.001.0033', FALSE);
insert into BLC_PRODUCT (PRODUCT_ID,  DEFAULT_CATEGORY_ID, URL, IS_FEATURED_PRODUCT) VALUES (-1199,1501,'/product/01.001.0034', FALSE);
insert into BLC_PRODUCT (PRODUCT_ID,  DEFAULT_CATEGORY_ID, URL, IS_FEATURED_PRODUCT) VALUES (-1198,1501,'/product/01.001.0035', FALSE);
insert into BLC_PRODUCT (PRODUCT_ID,  DEFAULT_CATEGORY_ID, URL, IS_FEATURED_PRODUCT) VALUES (-1197,1501,'/product/01.001.0036', FALSE);
insert into BLC_PRODUCT (PRODUCT_ID,  DEFAULT_CATEGORY_ID, URL, IS_FEATURED_PRODUCT) VALUES (-1196,1501,'/product/01.001.0037', FALSE);
insert into BLC_PRODUCT (PRODUCT_ID,  DEFAULT_CATEGORY_ID, URL, IS_FEATURED_PRODUCT) VALUES (-1195,1501,'/product/01.001.0038', FALSE);
insert into BLC_PRODUCT (PRODUCT_ID,  DEFAULT_CATEGORY_ID, URL, IS_FEATURED_PRODUCT) VALUES (-1194,1501,'/product/01.001.0039', FALSE);
insert into BLC_PRODUCT (PRODUCT_ID,  DEFAULT_CATEGORY_ID, URL, IS_FEATURED_PRODUCT) VALUES (-1193,1501,'/product/01.001.0040', FALSE);
insert into BLC_PRODUCT (PRODUCT_ID,  DEFAULT_CATEGORY_ID, URL, IS_FEATURED_PRODUCT) VALUES (-1192,1501,'/product/01.001.0041', FALSE);
insert into BLC_PRODUCT (PRODUCT_ID,  DEFAULT_CATEGORY_ID, URL, IS_FEATURED_PRODUCT) VALUES (-1191,1501,'/product/01.001.0042', FALSE);
insert into BLC_PRODUCT (PRODUCT_ID,  DEFAULT_CATEGORY_ID, URL, IS_FEATURED_PRODUCT) VALUES (-1190,1501,'/product/01.001.0043', FALSE);
insert into BLC_PRODUCT (PRODUCT_ID,  DEFAULT_CATEGORY_ID, URL, IS_FEATURED_PRODUCT) VALUES (-1189,1501,'/product/01.001.0044', FALSE);
insert into BLC_PRODUCT (PRODUCT_ID,  DEFAULT_CATEGORY_ID, URL, IS_FEATURED_PRODUCT) VALUES (-1188,1502,'/product/01.001.0045', FALSE);
insert into BLC_PRODUCT (PRODUCT_ID,  DEFAULT_CATEGORY_ID, URL, IS_FEATURED_PRODUCT) VALUES (-1187,1503,'/product/01.004.0046', FALSE);
insert into BLC_PRODUCT (PRODUCT_ID,  DEFAULT_CATEGORY_ID, URL, IS_FEATURED_PRODUCT) VALUES (-1186,1503,'/product/01.004.0047', FALSE);
insert into BLC_PRODUCT (PRODUCT_ID,  DEFAULT_CATEGORY_ID, URL, IS_FEATURED_PRODUCT) VALUES (-1185,1501,'/product/01.004.0048', FALSE);
insert into BLC_PRODUCT (PRODUCT_ID,  DEFAULT_CATEGORY_ID, URL, IS_FEATURED_PRODUCT) VALUES (-1184,1501,'/product/01.004.0049', FALSE);
insert into BLC_PRODUCT (PRODUCT_ID,  DEFAULT_CATEGORY_ID, URL, IS_FEATURED_PRODUCT) VALUES (-1183,1501,'/product/01.004.0050', FALSE);
insert into BLC_PRODUCT (PRODUCT_ID,  DEFAULT_CATEGORY_ID, URL, IS_FEATURED_PRODUCT) VALUES (-1182,1501,'/product/01.004.0051', FALSE);
insert into BLC_PRODUCT (PRODUCT_ID,  DEFAULT_CATEGORY_ID, URL, IS_FEATURED_PRODUCT) VALUES (-1181,1501,'/product/01.004.0052', FALSE);
insert into BLC_PRODUCT (PRODUCT_ID,  DEFAULT_CATEGORY_ID, URL, IS_FEATURED_PRODUCT) VALUES (-1180,1501,'/product/01.004.0053', FALSE);
insert into BLC_PRODUCT (PRODUCT_ID,  DEFAULT_CATEGORY_ID, URL, IS_FEATURED_PRODUCT) VALUES (-1179,1501,'/product/01.004.0054', FALSE);
insert into BLC_PRODUCT (PRODUCT_ID,  DEFAULT_CATEGORY_ID, URL, IS_FEATURED_PRODUCT) VALUES (-1178,1501,'/product/01.004.0055', FALSE);
insert into BLC_PRODUCT (PRODUCT_ID,  DEFAULT_CATEGORY_ID, URL, IS_FEATURED_PRODUCT) VALUES (-1177,1501,'/product/01.004.0056', FALSE);
insert into BLC_PRODUCT (PRODUCT_ID,  DEFAULT_CATEGORY_ID, URL, IS_FEATURED_PRODUCT) VALUES (-1176,1501,'/product/01.004.0057', FALSE);
insert into BLC_PRODUCT (PRODUCT_ID,  DEFAULT_CATEGORY_ID, URL, IS_FEATURED_PRODUCT) VALUES (-1175,1501,'/product/01.004.0058', FALSE);
insert into BLC_PRODUCT (PRODUCT_ID,  DEFAULT_CATEGORY_ID, URL, IS_FEATURED_PRODUCT) VALUES (-1174,1501,'/product/01.004.0059', FALSE);
insert into BLC_PRODUCT (PRODUCT_ID,  DEFAULT_CATEGORY_ID, URL, IS_FEATURED_PRODUCT) VALUES (-1173,1501,'/product/01.004.0060', FALSE);
insert into BLC_PRODUCT (PRODUCT_ID,  DEFAULT_CATEGORY_ID, URL, IS_FEATURED_PRODUCT) VALUES (-1172,1501,'/product/01.004.0061', FALSE);
insert into BLC_PRODUCT (PRODUCT_ID,  DEFAULT_CATEGORY_ID, URL, IS_FEATURED_PRODUCT) VALUES (-1171,1501,'/product/01.004.0062', FALSE);
insert into BLC_PRODUCT (PRODUCT_ID,  DEFAULT_CATEGORY_ID, URL, IS_FEATURED_PRODUCT) VALUES (-1170,1501,'/product/01.004.0063', FALSE);
insert into BLC_PRODUCT (PRODUCT_ID,  DEFAULT_CATEGORY_ID, URL, IS_FEATURED_PRODUCT) VALUES (-1169,1501,'/product/01.004.0064', FALSE);
insert into BLC_PRODUCT (PRODUCT_ID,  DEFAULT_CATEGORY_ID, URL, IS_FEATURED_PRODUCT) VALUES (-1168,1501,'/product/01.004.0065', FALSE);
insert into BLC_PRODUCT (PRODUCT_ID,  DEFAULT_CATEGORY_ID, URL, IS_FEATURED_PRODUCT) VALUES (-1167,1501,'/product/01.004.0066', FALSE);
insert into BLC_PRODUCT (PRODUCT_ID,  DEFAULT_CATEGORY_ID, URL, IS_FEATURED_PRODUCT) VALUES (-1166,1501,'/product/01.004.0067', FALSE);
insert into BLC_PRODUCT (PRODUCT_ID,  DEFAULT_CATEGORY_ID, URL, IS_FEATURED_PRODUCT) VALUES (-1165,1501,'/product/01.004.0068', FALSE);
insert into BLC_PRODUCT (PRODUCT_ID,  DEFAULT_CATEGORY_ID, URL, IS_FEATURED_PRODUCT) VALUES (-1164,1502,'/product/01.005.0069', FALSE);
insert into BLC_PRODUCT (PRODUCT_ID,  DEFAULT_CATEGORY_ID, URL, IS_FEATURED_PRODUCT) VALUES (-1163,1502,'/product/01.005.0070', FALSE);
insert into BLC_PRODUCT (PRODUCT_ID,  DEFAULT_CATEGORY_ID, URL, IS_FEATURED_PRODUCT) VALUES (-1162,1502,'/product/01.005.0071', FALSE);
insert into BLC_PRODUCT (PRODUCT_ID,  DEFAULT_CATEGORY_ID, URL, IS_FEATURED_PRODUCT) VALUES (-1161,1502,'/product/01.005.0072', FALSE);
insert into BLC_PRODUCT (PRODUCT_ID,  DEFAULT_CATEGORY_ID, URL, IS_FEATURED_PRODUCT) VALUES (-1160,1502,'/product/01.005.0073', FALSE);
insert into BLC_PRODUCT (PRODUCT_ID,  DEFAULT_CATEGORY_ID, URL, IS_FEATURED_PRODUCT) VALUES (-1159,1502,'/product/01.005.0074', FALSE);
insert into BLC_PRODUCT (PRODUCT_ID,  DEFAULT_CATEGORY_ID, URL, IS_FEATURED_PRODUCT) VALUES (-1158,1502,'/product/01.005.0075', FALSE);
insert into BLC_PRODUCT (PRODUCT_ID,  DEFAULT_CATEGORY_ID, URL, IS_FEATURED_PRODUCT) VALUES (-1157,1502,'/product/01.005.0076', FALSE);
insert into BLC_PRODUCT (PRODUCT_ID,  DEFAULT_CATEGORY_ID, URL, IS_FEATURED_PRODUCT) VALUES (-1156,1502,'/product/01.005.0077', FALSE);
insert into BLC_PRODUCT (PRODUCT_ID,  DEFAULT_CATEGORY_ID, URL, IS_FEATURED_PRODUCT) VALUES (-1155,1502,'/product/01.005.0078', FALSE);
insert into BLC_PRODUCT (PRODUCT_ID,  DEFAULT_CATEGORY_ID, URL, IS_FEATURED_PRODUCT) VALUES (-1154,1502,'/product/01.005.0079', FALSE);
insert into BLC_PRODUCT (PRODUCT_ID,  DEFAULT_CATEGORY_ID, URL, IS_FEATURED_PRODUCT) VALUES (-1153,1502,'/product/01.005.0080', FALSE);
insert into BLC_PRODUCT (PRODUCT_ID,  DEFAULT_CATEGORY_ID, URL, IS_FEATURED_PRODUCT) VALUES (-1152,1502,'/product/01.005.0081', FALSE);
insert into BLC_PRODUCT (PRODUCT_ID,  DEFAULT_CATEGORY_ID, URL, IS_FEATURED_PRODUCT) VALUES (-1151,1502,'/product/01.005.0082', FALSE);
insert into BLC_PRODUCT (PRODUCT_ID,  DEFAULT_CATEGORY_ID, URL, IS_FEATURED_PRODUCT) VALUES (-1150,1502,'/product/01.005.0083', FALSE);
insert into BLC_PRODUCT (PRODUCT_ID,  DEFAULT_CATEGORY_ID, URL, IS_FEATURED_PRODUCT) VALUES (-1149,1502,'/product/01.005.0084', FALSE);
insert into BLC_PRODUCT (PRODUCT_ID,  DEFAULT_CATEGORY_ID, URL, IS_FEATURED_PRODUCT) VALUES (-1148,1502,'/product/01.005.0085', FALSE);
insert into BLC_PRODUCT (PRODUCT_ID,  DEFAULT_CATEGORY_ID, URL, IS_FEATURED_PRODUCT) VALUES (-1147,1502,'/product/01.005.0086', FALSE);
insert into BLC_PRODUCT (PRODUCT_ID,  DEFAULT_CATEGORY_ID, URL, IS_FEATURED_PRODUCT) VALUES (-1146,1502,'/product/01.005.0087', FALSE);
insert into BLC_PRODUCT (PRODUCT_ID,  DEFAULT_CATEGORY_ID, URL, IS_FEATURED_PRODUCT) VALUES (-1145,1502,'/product/01.005.0088', FALSE);
insert into BLC_PRODUCT (PRODUCT_ID,  DEFAULT_CATEGORY_ID, URL, IS_FEATURED_PRODUCT) VALUES (-1144,1502,'/product/01.005.0089', FALSE);
insert into BLC_PRODUCT (PRODUCT_ID,  DEFAULT_CATEGORY_ID, URL, IS_FEATURED_PRODUCT) VALUES (-1143,1502,'/product/01.005.0090', FALSE);
insert into BLC_PRODUCT (PRODUCT_ID,  DEFAULT_CATEGORY_ID, URL, IS_FEATURED_PRODUCT) VALUES (-1142,1502,'/product/01.005.0091', FALSE);
insert into BLC_PRODUCT (PRODUCT_ID,  DEFAULT_CATEGORY_ID, URL, IS_FEATURED_PRODUCT) VALUES (-1141,1502,'/product/01.005.0092', FALSE);
insert into BLC_PRODUCT (PRODUCT_ID,  DEFAULT_CATEGORY_ID, URL, IS_FEATURED_PRODUCT) VALUES (-1140,1503,'/product/01.006.0093', FALSE);
insert into BLC_PRODUCT (PRODUCT_ID,  DEFAULT_CATEGORY_ID, URL, IS_FEATURED_PRODUCT) VALUES (-1139,1503,'/product/01.006.0094', FALSE);
insert into BLC_PRODUCT (PRODUCT_ID,  DEFAULT_CATEGORY_ID, URL, IS_FEATURED_PRODUCT) VALUES (-1138,1503,'/product/01.006.0095', FALSE);
insert into BLC_PRODUCT (PRODUCT_ID,  DEFAULT_CATEGORY_ID, URL, IS_FEATURED_PRODUCT) VALUES (-1137,1503,'/product/01.006.0096', FALSE);
insert into BLC_PRODUCT (PRODUCT_ID,  DEFAULT_CATEGORY_ID, URL, IS_FEATURED_PRODUCT) VALUES (-1136,1503,'/product/01.006.0097', FALSE);
insert into BLC_PRODUCT (PRODUCT_ID,  DEFAULT_CATEGORY_ID, URL, IS_FEATURED_PRODUCT) VALUES (-1135,1503,'/product/01.006.0098', FALSE);
insert into BLC_PRODUCT (PRODUCT_ID,  DEFAULT_CATEGORY_ID, URL, IS_FEATURED_PRODUCT) VALUES (-1134,1503,'/product/01.006.0099', FALSE);
insert into BLC_PRODUCT (PRODUCT_ID,  DEFAULT_CATEGORY_ID, URL, IS_FEATURED_PRODUCT) VALUES (-1133,1503,'/product/01.006.0100', FALSE);
insert into BLC_PRODUCT (PRODUCT_ID,  DEFAULT_CATEGORY_ID, URL, IS_FEATURED_PRODUCT) VALUES (-1132,1502,'/product/01.007.0101', FALSE);
insert into BLC_PRODUCT (PRODUCT_ID,  DEFAULT_CATEGORY_ID, URL, IS_FEATURED_PRODUCT) VALUES (-1131,1502,'/product/01.007.0102', FALSE);
insert into BLC_PRODUCT (PRODUCT_ID,  DEFAULT_CATEGORY_ID, URL, IS_FEATURED_PRODUCT) VALUES (-1130,1502,'/product/01.007.0103', FALSE);
insert into BLC_PRODUCT (PRODUCT_ID,  DEFAULT_CATEGORY_ID, URL, IS_FEATURED_PRODUCT) VALUES (-1129,1502,'/product/01.007.0104', FALSE);
insert into BLC_PRODUCT (PRODUCT_ID,  DEFAULT_CATEGORY_ID, URL, IS_FEATURED_PRODUCT) VALUES (-1128,1502,'/product/01.007.0105', FALSE);
insert into BLC_PRODUCT (PRODUCT_ID,  DEFAULT_CATEGORY_ID, URL, IS_FEATURED_PRODUCT) VALUES (-1127,1502,'/product/01.007.0106', FALSE);
insert into BLC_PRODUCT (PRODUCT_ID,  DEFAULT_CATEGORY_ID, URL, IS_FEATURED_PRODUCT) VALUES (-1126,1502,'/product/01.007.0107', FALSE);
insert into BLC_PRODUCT (PRODUCT_ID,  DEFAULT_CATEGORY_ID, URL, IS_FEATURED_PRODUCT) VALUES (-1125,1502,'/product/01.007.0108', FALSE);
insert into BLC_PRODUCT (PRODUCT_ID,  DEFAULT_CATEGORY_ID, URL, IS_FEATURED_PRODUCT) VALUES (-1124,1502,'/product/01.007.0109', FALSE);
insert into BLC_PRODUCT (PRODUCT_ID,  DEFAULT_CATEGORY_ID, URL, IS_FEATURED_PRODUCT) VALUES (-1123,1502,'/product/01.007.0110', FALSE);
insert into BLC_PRODUCT (PRODUCT_ID,  DEFAULT_CATEGORY_ID, URL, IS_FEATURED_PRODUCT) VALUES (-1122,1502,'/product/01.007.0111', FALSE);
insert into BLC_PRODUCT (PRODUCT_ID,  DEFAULT_CATEGORY_ID, URL, IS_FEATURED_PRODUCT) VALUES (-1121,1502,'/product/01.007.0112', FALSE);
insert into BLC_PRODUCT (PRODUCT_ID,  DEFAULT_CATEGORY_ID, URL, IS_FEATURED_PRODUCT) VALUES (-1120,1502,'/product/01.007.0113', FALSE);
insert into BLC_PRODUCT (PRODUCT_ID,  DEFAULT_CATEGORY_ID, URL, IS_FEATURED_PRODUCT) VALUES (-1119,1502,'/product/01.007.0114', FALSE);
insert into BLC_PRODUCT (PRODUCT_ID,  DEFAULT_CATEGORY_ID, URL, IS_FEATURED_PRODUCT) VALUES (-1118,1502,'/product/01.007.0115', FALSE);
insert into BLC_PRODUCT (PRODUCT_ID,  DEFAULT_CATEGORY_ID, URL, IS_FEATURED_PRODUCT) VALUES (-1117,1502,'/product/01.007.0116', FALSE);
insert into BLC_PRODUCT (PRODUCT_ID,  DEFAULT_CATEGORY_ID, URL, IS_FEATURED_PRODUCT) VALUES (-1116,1502,'/product/01.007.0117', FALSE);
insert into BLC_PRODUCT (PRODUCT_ID,  DEFAULT_CATEGORY_ID, URL, IS_FEATURED_PRODUCT) VALUES (-1115,1502,'/product/01.007.0118', FALSE);
insert into BLC_PRODUCT (PRODUCT_ID,  DEFAULT_CATEGORY_ID, URL, IS_FEATURED_PRODUCT) VALUES (-1114,1502,'/product/01.007.0119', FALSE);
insert into BLC_PRODUCT (PRODUCT_ID,  DEFAULT_CATEGORY_ID, URL, IS_FEATURED_PRODUCT) VALUES (-1113,1502,'/product/01.007.0120', FALSE);
insert into BLC_PRODUCT (PRODUCT_ID,  DEFAULT_CATEGORY_ID, URL, IS_FEATURED_PRODUCT) VALUES (-1112,1502,'/product/01.007.0121', FALSE);
insert into BLC_PRODUCT (PRODUCT_ID,  DEFAULT_CATEGORY_ID, URL, IS_FEATURED_PRODUCT) VALUES (-1111,1502,'/product/01.007.0122', FALSE);
insert into BLC_PRODUCT (PRODUCT_ID,  DEFAULT_CATEGORY_ID, URL, IS_FEATURED_PRODUCT) VALUES (-1110,1502,'/product/01.007.0123', FALSE);
insert into BLC_PRODUCT (PRODUCT_ID,  DEFAULT_CATEGORY_ID, URL, IS_FEATURED_PRODUCT) VALUES (-1109,1502,'/product/01.007.0124', FALSE);
insert into BLC_PRODUCT (PRODUCT_ID,  DEFAULT_CATEGORY_ID, URL, IS_FEATURED_PRODUCT) VALUES (-1108,1502,'/product/01.007.0125', FALSE);
insert into BLC_PRODUCT (PRODUCT_ID,  DEFAULT_CATEGORY_ID, URL, IS_FEATURED_PRODUCT) VALUES (-1107,1502,'/product/01.007.0126', FALSE);
insert into BLC_PRODUCT (PRODUCT_ID,  DEFAULT_CATEGORY_ID, URL, IS_FEATURED_PRODUCT) VALUES (-1106,1502,'/product/01.007.0127', FALSE);
insert into BLC_PRODUCT (PRODUCT_ID,  DEFAULT_CATEGORY_ID, URL, IS_FEATURED_PRODUCT) VALUES (-1105,1502,'/product/01.007.0128', FALSE);
insert into BLC_PRODUCT (PRODUCT_ID,  DEFAULT_CATEGORY_ID, URL, IS_FEATURED_PRODUCT) VALUES (-1104,1502,'/product/01.007.0129', FALSE);
insert into BLC_PRODUCT (PRODUCT_ID,  DEFAULT_CATEGORY_ID, URL, IS_FEATURED_PRODUCT) VALUES (-1103,1502,'/product/01.007.0130', FALSE);
insert into BLC_PRODUCT (PRODUCT_ID,  DEFAULT_CATEGORY_ID, URL, IS_FEATURED_PRODUCT) VALUES (-1102,1502,'/product/01.007.0131', FALSE);
insert into BLC_PRODUCT (PRODUCT_ID,  DEFAULT_CATEGORY_ID, URL, IS_FEATURED_PRODUCT) VALUES (-1101,1502,'/product/01.007.0132', FALSE);
insert into BLC_PRODUCT (PRODUCT_ID,  DEFAULT_CATEGORY_ID, URL, IS_FEATURED_PRODUCT) VALUES (-1100,1502,'/product/01.007.0133', FALSE);
insert into BLC_PRODUCT (PRODUCT_ID,  DEFAULT_CATEGORY_ID, URL, IS_FEATURED_PRODUCT) VALUES (-1099,1502,'/product/01.007.0134', FALSE);
insert into BLC_PRODUCT (PRODUCT_ID,  DEFAULT_CATEGORY_ID, URL, IS_FEATURED_PRODUCT) VALUES (-1098,1502,'/product/01.007.0135', FALSE);
insert into BLC_PRODUCT (PRODUCT_ID,  DEFAULT_CATEGORY_ID, URL, IS_FEATURED_PRODUCT) VALUES (-1097,1505,'/product/01.008.0136', FALSE);
insert into BLC_PRODUCT (PRODUCT_ID,  DEFAULT_CATEGORY_ID, URL, IS_FEATURED_PRODUCT) VALUES (-1096,1505,'/product/01.008.0137', FALSE);
insert into BLC_PRODUCT (PRODUCT_ID,  DEFAULT_CATEGORY_ID, URL, IS_FEATURED_PRODUCT) VALUES (-1095,1505,'/product/01.008.0138', FALSE);
insert into BLC_PRODUCT (PRODUCT_ID,  DEFAULT_CATEGORY_ID, URL, IS_FEATURED_PRODUCT) VALUES (-1094,1505,'/product/01.008.0139', FALSE);
insert into BLC_PRODUCT (PRODUCT_ID,  DEFAULT_CATEGORY_ID, URL, IS_FEATURED_PRODUCT) VALUES (-1093,1505,'/product/01.008.0140', FALSE);
insert into BLC_PRODUCT (PRODUCT_ID,  DEFAULT_CATEGORY_ID, URL, IS_FEATURED_PRODUCT) VALUES (-1092,1505,'/product/01.008.0141', FALSE);
insert into BLC_PRODUCT (PRODUCT_ID,  DEFAULT_CATEGORY_ID, URL, IS_FEATURED_PRODUCT) VALUES (-1091,1505,'/product/01.008.0142', FALSE);
insert into BLC_PRODUCT (PRODUCT_ID,  DEFAULT_CATEGORY_ID, URL, IS_FEATURED_PRODUCT) VALUES (-1090,1505,'/product/01.008.0143', FALSE);
insert into BLC_PRODUCT (PRODUCT_ID,  DEFAULT_CATEGORY_ID, URL, IS_FEATURED_PRODUCT) VALUES (-1089,1505,'/product/01.008.0144', FALSE);
insert into BLC_PRODUCT (PRODUCT_ID,  DEFAULT_CATEGORY_ID, URL, IS_FEATURED_PRODUCT) VALUES (-1088,1505,'/product/01.008.0145', FALSE);
insert into BLC_PRODUCT (PRODUCT_ID,  DEFAULT_CATEGORY_ID, URL, IS_FEATURED_PRODUCT) VALUES (-1087,1505,'/product/01.008.0146', FALSE);
insert into BLC_PRODUCT (PRODUCT_ID,  DEFAULT_CATEGORY_ID, URL, IS_FEATURED_PRODUCT) VALUES (-1086,1505,'/product/01.008.0147', FALSE);
insert into BLC_PRODUCT (PRODUCT_ID,  DEFAULT_CATEGORY_ID, URL, IS_FEATURED_PRODUCT) VALUES (-1085,1505,'/product/01.008.0148', FALSE);
insert into BLC_PRODUCT (PRODUCT_ID,  DEFAULT_CATEGORY_ID, URL, IS_FEATURED_PRODUCT) VALUES (-1084,1505,'/product/01.008.0149', FALSE);
insert into BLC_PRODUCT (PRODUCT_ID,  DEFAULT_CATEGORY_ID, URL, IS_FEATURED_PRODUCT) VALUES (-1083,1505,'/product/01.008.0150', FALSE);
insert into BLC_PRODUCT (PRODUCT_ID,  DEFAULT_CATEGORY_ID, URL, IS_FEATURED_PRODUCT) VALUES (-1082,1505,'/product/01.008.0151', FALSE);
insert into BLC_PRODUCT (PRODUCT_ID,  DEFAULT_CATEGORY_ID, URL, IS_FEATURED_PRODUCT) VALUES (-1081,1505,'/product/01.008.0152', FALSE);
insert into BLC_PRODUCT (PRODUCT_ID,  DEFAULT_CATEGORY_ID, URL, IS_FEATURED_PRODUCT) VALUES (-1080,1505,'/product/01.008.0153', FALSE);
insert into BLC_PRODUCT (PRODUCT_ID,  DEFAULT_CATEGORY_ID, URL, IS_FEATURED_PRODUCT) VALUES (-1079,1505,'/product/01.008.0154', FALSE);
insert into BLC_PRODUCT (PRODUCT_ID,  DEFAULT_CATEGORY_ID, URL, IS_FEATURED_PRODUCT) VALUES (-1078,1505,'/product/01.008.0155', FALSE);
insert into BLC_PRODUCT (PRODUCT_ID,  DEFAULT_CATEGORY_ID, URL, IS_FEATURED_PRODUCT) VALUES (-1077,1505,'/product/01.008.0156', FALSE);
insert into BLC_PRODUCT (PRODUCT_ID,  DEFAULT_CATEGORY_ID, URL, IS_FEATURED_PRODUCT) VALUES (-1076,1505,'/product/01.008.0157', FALSE);
insert into BLC_PRODUCT (PRODUCT_ID,  DEFAULT_CATEGORY_ID, URL, IS_FEATURED_PRODUCT) VALUES (-1075,1505,'/product/01.008.0158', FALSE);
insert into BLC_PRODUCT (PRODUCT_ID,  DEFAULT_CATEGORY_ID, URL, IS_FEATURED_PRODUCT) VALUES (-1074,1505,'/product/01.008.0159', FALSE);
insert into BLC_PRODUCT (PRODUCT_ID,  DEFAULT_CATEGORY_ID, URL, IS_FEATURED_PRODUCT) VALUES (-1073,1505,'/product/01.008.0160', FALSE);
insert into BLC_PRODUCT (PRODUCT_ID,  DEFAULT_CATEGORY_ID, URL, IS_FEATURED_PRODUCT) VALUES (-1072,1505,'/product/01.008.0161', FALSE);
insert into BLC_PRODUCT (PRODUCT_ID,  DEFAULT_CATEGORY_ID, URL, IS_FEATURED_PRODUCT) VALUES (-1071,1505,'/product/01.008.0162', FALSE);
insert into BLC_PRODUCT (PRODUCT_ID,  DEFAULT_CATEGORY_ID, URL, IS_FEATURED_PRODUCT) VALUES (-1070,1505,'/product/01.008.0163', FALSE);
insert into BLC_PRODUCT (PRODUCT_ID,  DEFAULT_CATEGORY_ID, URL, IS_FEATURED_PRODUCT) VALUES (-1069,1501,'/product/01.009.0164', FALSE);
insert into BLC_PRODUCT (PRODUCT_ID,  DEFAULT_CATEGORY_ID, URL, IS_FEATURED_PRODUCT) VALUES (-1068,1501,'/product/01.009.0165', FALSE);
insert into BLC_PRODUCT (PRODUCT_ID,  DEFAULT_CATEGORY_ID, URL, IS_FEATURED_PRODUCT) VALUES (-1067,1501,'/product/01.009.0166', FALSE);
insert into BLC_PRODUCT (PRODUCT_ID,  DEFAULT_CATEGORY_ID, URL, IS_FEATURED_PRODUCT) VALUES (-1066,1501,'/product/01.009.0167', FALSE);
insert into BLC_PRODUCT (PRODUCT_ID,  DEFAULT_CATEGORY_ID, URL, IS_FEATURED_PRODUCT) VALUES (-1065,1501,'/product/01.009.0168', FALSE);
insert into BLC_PRODUCT (PRODUCT_ID,  DEFAULT_CATEGORY_ID, URL, IS_FEATURED_PRODUCT) VALUES (-1064,1501,'/product/01.009.0169', FALSE);
insert into BLC_PRODUCT (PRODUCT_ID,  DEFAULT_CATEGORY_ID, URL, IS_FEATURED_PRODUCT) VALUES (-1063,1501,'/product/01.009.0170', FALSE);
insert into BLC_PRODUCT (PRODUCT_ID,  DEFAULT_CATEGORY_ID, URL, IS_FEATURED_PRODUCT) VALUES (-1062,1500,'/product/01.010.0171', FALSE);
insert into BLC_PRODUCT (PRODUCT_ID,  DEFAULT_CATEGORY_ID, URL, IS_FEATURED_PRODUCT) VALUES (-1061,1500,'/product/01.010.0172', FALSE);
insert into BLC_PRODUCT (PRODUCT_ID,  DEFAULT_CATEGORY_ID, URL, IS_FEATURED_PRODUCT) VALUES (-1060,1500,'/product/01.010.0173', FALSE);
insert into BLC_PRODUCT (PRODUCT_ID,  DEFAULT_CATEGORY_ID, URL, IS_FEATURED_PRODUCT) VALUES (-1059,1500,'/product/01.010.0174', FALSE);
insert into BLC_PRODUCT (PRODUCT_ID,  DEFAULT_CATEGORY_ID, URL, IS_FEATURED_PRODUCT) VALUES (-1058,1500,'/product/01.010.0175', FALSE);
insert into BLC_PRODUCT (PRODUCT_ID,  DEFAULT_CATEGORY_ID, URL, IS_FEATURED_PRODUCT) VALUES (-1057,1500,'/product/01.010.0176', FALSE);
insert into BLC_PRODUCT (PRODUCT_ID,  DEFAULT_CATEGORY_ID, URL, IS_FEATURED_PRODUCT) VALUES (-1056,1500,'/product/01.010.0177', FALSE);
insert into BLC_PRODUCT (PRODUCT_ID,  DEFAULT_CATEGORY_ID, URL, IS_FEATURED_PRODUCT) VALUES (-1055,1500,'/product/01.010.0178', FALSE);
insert into BLC_PRODUCT (PRODUCT_ID,  DEFAULT_CATEGORY_ID, URL, IS_FEATURED_PRODUCT) VALUES (-1054,1500,'/product/01.010.0179', FALSE);
insert into BLC_PRODUCT (PRODUCT_ID,  DEFAULT_CATEGORY_ID, URL, IS_FEATURED_PRODUCT) VALUES (-1053,1500,'/product/01.010.0180', FALSE);
insert into BLC_PRODUCT (PRODUCT_ID,  DEFAULT_CATEGORY_ID, URL, IS_FEATURED_PRODUCT) VALUES (-1052,1500,'/product/01.010.0181', FALSE);
insert into BLC_PRODUCT (PRODUCT_ID,  DEFAULT_CATEGORY_ID, URL, IS_FEATURED_PRODUCT) VALUES (-1051,1500,'/product/01.011.0182', FALSE);
insert into BLC_PRODUCT (PRODUCT_ID,  DEFAULT_CATEGORY_ID, URL, IS_FEATURED_PRODUCT) VALUES (-1050,1500,'/product/01.011.0183', FALSE);
insert into BLC_PRODUCT (PRODUCT_ID,  DEFAULT_CATEGORY_ID, URL, IS_FEATURED_PRODUCT) VALUES (-1049,1500,'/product/01.011.0184', FALSE);
insert into BLC_PRODUCT (PRODUCT_ID,  DEFAULT_CATEGORY_ID, URL, IS_FEATURED_PRODUCT) VALUES (-1048,1500,'/product/01.011.0185', FALSE);
insert into BLC_PRODUCT (PRODUCT_ID,  DEFAULT_CATEGORY_ID, URL, IS_FEATURED_PRODUCT) VALUES (-1047,1500,'/product/01.011.0186', FALSE);
insert into BLC_PRODUCT (PRODUCT_ID,  DEFAULT_CATEGORY_ID, URL, IS_FEATURED_PRODUCT) VALUES (-1046,1500,'/product/01.011.0187', FALSE);
insert into BLC_PRODUCT (PRODUCT_ID,  DEFAULT_CATEGORY_ID, URL, IS_FEATURED_PRODUCT) VALUES (-1045,1500,'/product/01.011.0188', FALSE);
insert into BLC_PRODUCT (PRODUCT_ID,  DEFAULT_CATEGORY_ID, URL, IS_FEATURED_PRODUCT) VALUES (-1044,1500,'/product/01.011.0189', FALSE);
insert into BLC_PRODUCT (PRODUCT_ID,  DEFAULT_CATEGORY_ID, URL, IS_FEATURED_PRODUCT) VALUES (-1043,1500,'/product/01.011.0190', FALSE);
insert into BLC_PRODUCT (PRODUCT_ID,  DEFAULT_CATEGORY_ID, URL, IS_FEATURED_PRODUCT) VALUES (-1042,1500,'/product/01.011.0191', FALSE);
insert into BLC_PRODUCT (PRODUCT_ID,  DEFAULT_CATEGORY_ID, URL, IS_FEATURED_PRODUCT) VALUES (-1041,1500,'/product/01.011.0192', FALSE);
insert into BLC_PRODUCT (PRODUCT_ID,  DEFAULT_CATEGORY_ID, URL, IS_FEATURED_PRODUCT) VALUES (-1040,1500,'/product/01.011.0193', FALSE);
insert into BLC_PRODUCT (PRODUCT_ID,  DEFAULT_CATEGORY_ID, URL, IS_FEATURED_PRODUCT) VALUES (-1039,1504,'/product/01.013.0194', FALSE);
insert into BLC_PRODUCT (PRODUCT_ID,  DEFAULT_CATEGORY_ID, URL, IS_FEATURED_PRODUCT) VALUES (-1038,1504,'/product/01.008.0195', FALSE);
insert into BLC_PRODUCT (PRODUCT_ID,  DEFAULT_CATEGORY_ID, URL, IS_FEATURED_PRODUCT) VALUES (-1037,1504,'/product/01.013.0196', FALSE);
insert into BLC_PRODUCT (PRODUCT_ID,  DEFAULT_CATEGORY_ID, URL, IS_FEATURED_PRODUCT) VALUES (-1036,1504,'/product/01.013.0197', FALSE);
insert into BLC_PRODUCT (PRODUCT_ID,  DEFAULT_CATEGORY_ID, URL, IS_FEATURED_PRODUCT) VALUES (-1035,1504,'/product/01.013.0198', FALSE);
insert into BLC_PRODUCT (PRODUCT_ID,  DEFAULT_CATEGORY_ID, URL, IS_FEATURED_PRODUCT) VALUES (-1034,1504,'/product/01.013.0199', FALSE);
insert into BLC_PRODUCT (PRODUCT_ID,  DEFAULT_CATEGORY_ID, URL, IS_FEATURED_PRODUCT) VALUES (-1033,1504,'/product/01.013.0200', FALSE);
insert into BLC_PRODUCT (PRODUCT_ID,  DEFAULT_CATEGORY_ID, URL, IS_FEATURED_PRODUCT) VALUES (-1032,1504,'/product/01.013.0201', FALSE);
insert into BLC_PRODUCT (PRODUCT_ID,  DEFAULT_CATEGORY_ID, URL, IS_FEATURED_PRODUCT) VALUES (-1031,1504,'/product/01.013.0202', FALSE);
insert into BLC_PRODUCT (PRODUCT_ID,  DEFAULT_CATEGORY_ID, URL, IS_FEATURED_PRODUCT) VALUES (-1030,1504,'/product/01.013.0203', FALSE);
insert into BLC_PRODUCT (PRODUCT_ID,  DEFAULT_CATEGORY_ID, URL, IS_FEATURED_PRODUCT) VALUES (-1029,1504,'/product/01.013.0204', FALSE);
insert into BLC_PRODUCT (PRODUCT_ID,  DEFAULT_CATEGORY_ID, URL, IS_FEATURED_PRODUCT) VALUES (-1028,1504,'/product/01.013.0205', FALSE);
insert into BLC_PRODUCT (PRODUCT_ID,  DEFAULT_CATEGORY_ID, URL, IS_FEATURED_PRODUCT) VALUES (-1027,1504,'/product/01.013.0206', FALSE);
insert into BLC_PRODUCT (PRODUCT_ID,  DEFAULT_CATEGORY_ID, URL, IS_FEATURED_PRODUCT) VALUES (-1026,1504,'/product/01.013.0207', FALSE);
insert into BLC_PRODUCT (PRODUCT_ID,  DEFAULT_CATEGORY_ID, URL, IS_FEATURED_PRODUCT) VALUES (-1025,1504,'/product/01.013.0208', FALSE);
insert into BLC_PRODUCT (PRODUCT_ID,  DEFAULT_CATEGORY_ID, URL, IS_FEATURED_PRODUCT) VALUES (-1024,1504,'/product/01.008.0209', FALSE);
insert into BLC_PRODUCT (PRODUCT_ID,  DEFAULT_CATEGORY_ID, URL, IS_FEATURED_PRODUCT) VALUES (-1023,1504,'/product/01.013.0210', FALSE);
insert into BLC_PRODUCT (PRODUCT_ID,  DEFAULT_CATEGORY_ID, URL, IS_FEATURED_PRODUCT) VALUES (-1022,1504,'/product/01.013.0211', FALSE);
insert into BLC_PRODUCT (PRODUCT_ID,  DEFAULT_CATEGORY_ID, URL, IS_FEATURED_PRODUCT) VALUES (-1021,1504,'/product/01.013.0212', FALSE);
insert into BLC_PRODUCT (PRODUCT_ID,  DEFAULT_CATEGORY_ID, URL, IS_FEATURED_PRODUCT) VALUES (-1020,1504,'/product/01.013.0213', FALSE);
insert into BLC_PRODUCT (PRODUCT_ID,  DEFAULT_CATEGORY_ID, URL, IS_FEATURED_PRODUCT) VALUES (-1019,1504,'/product/01.013.0214', FALSE);
insert into BLC_PRODUCT (PRODUCT_ID,  DEFAULT_CATEGORY_ID, URL, IS_FEATURED_PRODUCT) VALUES (-1018,1504,'/product/01.013.0215', FALSE);
insert into BLC_PRODUCT (PRODUCT_ID,  DEFAULT_CATEGORY_ID, URL, IS_FEATURED_PRODUCT) VALUES (-1017,1504,'/product/01.013.0216', FALSE);
insert into BLC_PRODUCT (PRODUCT_ID,  DEFAULT_CATEGORY_ID, URL, IS_FEATURED_PRODUCT) VALUES (-1016,1504,'/product/01.013.0217', FALSE);
insert into BLC_PRODUCT (PRODUCT_ID,  DEFAULT_CATEGORY_ID, URL, IS_FEATURED_PRODUCT) VALUES (-1015,1504,'/product/01.013.0218', FALSE);
insert into BLC_PRODUCT (PRODUCT_ID,  DEFAULT_CATEGORY_ID, URL, IS_FEATURED_PRODUCT) VALUES (-1014,1504,'/product/01.013.0219', FALSE);
insert into BLC_PRODUCT (PRODUCT_ID,  DEFAULT_CATEGORY_ID, URL, IS_FEATURED_PRODUCT) VALUES (-1013,1504,'/product/01.013.0220', FALSE);
insert into BLC_PRODUCT (PRODUCT_ID,  DEFAULT_CATEGORY_ID, URL, IS_FEATURED_PRODUCT) VALUES (-1012,1504,'/product/01.013.0221', FALSE);
insert into BLC_PRODUCT (PRODUCT_ID,  DEFAULT_CATEGORY_ID, URL, IS_FEATURED_PRODUCT) VALUES (-1011,1504,'/product/01.013.0222', FALSE);
insert into BLC_PRODUCT (PRODUCT_ID,  DEFAULT_CATEGORY_ID, URL, IS_FEATURED_PRODUCT) VALUES (-1010,1504,'/product/01.013.0223', FALSE);
insert into BLC_PRODUCT (PRODUCT_ID,  DEFAULT_CATEGORY_ID, URL, IS_FEATURED_PRODUCT) VALUES (-1009,1504,'/product/01.013.0224', FALSE);
insert into BLC_PRODUCT (PRODUCT_ID,  DEFAULT_CATEGORY_ID, URL, IS_FEATURED_PRODUCT) VALUES (-1008,1504,'/product/01.013.0225', FALSE);
insert into BLC_PRODUCT (PRODUCT_ID,  DEFAULT_CATEGORY_ID, URL, IS_FEATURED_PRODUCT) VALUES (-1007,1504,'/product/01.014.0226', FALSE);
insert into BLC_PRODUCT (PRODUCT_ID,  DEFAULT_CATEGORY_ID, URL, IS_FEATURED_PRODUCT) VALUES (-1006,1504,'/product/01.014.0227', FALSE);
insert into BLC_PRODUCT (PRODUCT_ID,  DEFAULT_CATEGORY_ID, URL, IS_FEATURED_PRODUCT) VALUES (-1005,1504,'/product/01.014.0228', FALSE);
insert into BLC_PRODUCT (PRODUCT_ID,  DEFAULT_CATEGORY_ID, URL, IS_FEATURED_PRODUCT) VALUES (-1004,1504,'/product/01.014.0229', FALSE);
insert into BLC_PRODUCT (PRODUCT_ID,  DEFAULT_CATEGORY_ID, URL, IS_FEATURED_PRODUCT) VALUES (-1003,1504,'/product/01.014.0230', FALSE);
insert into BLC_PRODUCT (PRODUCT_ID,  DEFAULT_CATEGORY_ID, URL, IS_FEATURED_PRODUCT) VALUES (-1002,1504,'/product/01.014.0231', FALSE);
insert into BLC_PRODUCT (PRODUCT_ID,  DEFAULT_CATEGORY_ID, URL, IS_FEATURED_PRODUCT) VALUES (-1001,1503,'/product/01.015.0232', FALSE);
insert into BLC_PRODUCT (PRODUCT_ID,  DEFAULT_CATEGORY_ID, URL, IS_FEATURED_PRODUCT) VALUES (-1000,1503,'/product/01.015.0233', FALSE);





INSERT INTO BLC_SKU (SKU_ID,DEFAULT_PRODUCT_ID,NAME,LONG_DESCRIPTION,RETAIL_PRICE,ACTIVE_START_DATE, INVENTORY_TYPE) VALUES (-1232,-1232,'奥利奥原味夹心饼干','130g', 6,CURRENT_TIMESTAMP, 'BASIC');
INSERT INTO BLC_SKU (SKU_ID,DEFAULT_PRODUCT_ID,NAME,LONG_DESCRIPTION,RETAIL_PRICE,ACTIVE_START_DATE, INVENTORY_TYPE) VALUES (-1231,-1231,'奥利奥巧克力味夹心','130g', 6,CURRENT_TIMESTAMP, 'BASIC');
INSERT INTO BLC_SKU (SKU_ID,DEFAULT_PRODUCT_ID,NAME,LONG_DESCRIPTION,RETAIL_PRICE,ACTIVE_START_DATE, INVENTORY_TYPE) VALUES (-1230,-1230,'奥利奥草莓味夹心','130g', 6,CURRENT_TIMESTAMP, 'BASIC');
INSERT INTO BLC_SKU (SKU_ID,DEFAULT_PRODUCT_ID,NAME,LONG_DESCRIPTION,RETAIL_PRICE,ACTIVE_START_DATE, INVENTORY_TYPE) VALUES (-1229,-1229,'奥利奥原味夹心','65g', 3.5,CURRENT_TIMESTAMP, 'BASIC');
INSERT INTO BLC_SKU (SKU_ID,DEFAULT_PRODUCT_ID,NAME,LONG_DESCRIPTION,RETAIL_PRICE,ACTIVE_START_DATE, INVENTORY_TYPE) VALUES (-1228,-1228,'奥利奥巧克力夹心','65g', 3.5,CURRENT_TIMESTAMP, 'BASIC');
INSERT INTO BLC_SKU (SKU_ID,DEFAULT_PRODUCT_ID,NAME,LONG_DESCRIPTION,RETAIL_PRICE,ACTIVE_START_DATE, INVENTORY_TYPE) VALUES (-1227,-1227,'奥利奥威化原味夹心','21g', 1,CURRENT_TIMESTAMP, 'BASIC');
INSERT INTO BLC_SKU (SKU_ID,DEFAULT_PRODUCT_ID,NAME,LONG_DESCRIPTION,RETAIL_PRICE,ACTIVE_START_DATE, INVENTORY_TYPE) VALUES (-1226,-1226,'奥利奥原味巧克力棒随心装','64g', 6.5,CURRENT_TIMESTAMP, 'BASIC');
INSERT INTO BLC_SKU (SKU_ID,DEFAULT_PRODUCT_ID,NAME,LONG_DESCRIPTION,RETAIL_PRICE,ACTIVE_START_DATE, INVENTORY_TYPE) VALUES (-1225,-1225,'奥利奥牛奶巧克力棒随心装','64g', 6.5,CURRENT_TIMESTAMP, 'BASIC');
INSERT INTO BLC_SKU (SKU_ID,DEFAULT_PRODUCT_ID,NAME,LONG_DESCRIPTION,RETAIL_PRICE,ACTIVE_START_DATE, INVENTORY_TYPE) VALUES (-1224,-1224,'奥利奥金装巧克力味','106g', 7,CURRENT_TIMESTAMP, 'BASIC');
INSERT INTO BLC_SKU (SKU_ID,DEFAULT_PRODUCT_ID,NAME,LONG_DESCRIPTION,RETAIL_PRICE,ACTIVE_START_DATE, INVENTORY_TYPE) VALUES (-1223,-1223,'趣多多经典巧克力原味','95g', 5.8,CURRENT_TIMESTAMP, 'BASIC');
INSERT INTO BLC_SKU (SKU_ID,DEFAULT_PRODUCT_ID,NAME,LONG_DESCRIPTION,RETAIL_PRICE,ACTIVE_START_DATE, INVENTORY_TYPE) VALUES (-1222,-1222,'趣多多缤纷曲奇饼巧克力味','85g', 5.8,CURRENT_TIMESTAMP, 'BASIC');
INSERT INTO BLC_SKU (SKU_ID,DEFAULT_PRODUCT_ID,NAME,LONG_DESCRIPTION,RETAIL_PRICE,ACTIVE_START_DATE, INVENTORY_TYPE) VALUES (-1221,-1221,'趣多多大块巧克力曲奇饼干（咖啡味）','85g', 5.8,CURRENT_TIMESTAMP, 'BASIC');
INSERT INTO BLC_SKU (SKU_ID,DEFAULT_PRODUCT_ID,NAME,LONG_DESCRIPTION,RETAIL_PRICE,ACTIVE_START_DATE, INVENTORY_TYPE) VALUES (-1220,-1220,'趣多多软式甜饼经典巧克力原味','85g', 5.8,CURRENT_TIMESTAMP, 'BASIC');
INSERT INTO BLC_SKU (SKU_ID,DEFAULT_PRODUCT_ID,NAME,LONG_DESCRIPTION,RETAIL_PRICE,ACTIVE_START_DATE, INVENTORY_TYPE) VALUES (-1219,-1219,'优冠牛奶香脆（纯正牛奶）','125g', 4.5,CURRENT_TIMESTAMP, 'BASIC');
INSERT INTO BLC_SKU (SKU_ID,DEFAULT_PRODUCT_ID,NAME,LONG_DESCRIPTION,RETAIL_PRICE,ACTIVE_START_DATE, INVENTORY_TYPE) VALUES (-1218,-1218,'优冠牛奶特浓夹心（香浓夹心）','130g', 5,CURRENT_TIMESTAMP, 'BASIC');
INSERT INTO BLC_SKU (SKU_ID,DEFAULT_PRODUCT_ID,NAME,LONG_DESCRIPTION,RETAIL_PRICE,ACTIVE_START_DATE, INVENTORY_TYPE) VALUES (-1217,-1217,'优冠牛奶特浓夹心（香滑巧克力）','130g', 5,CURRENT_TIMESTAMP, 'BASIC');
INSERT INTO BLC_SKU (SKU_ID,DEFAULT_PRODUCT_ID,NAME,LONG_DESCRIPTION,RETAIL_PRICE,ACTIVE_START_DATE, INVENTORY_TYPE) VALUES (-1216,-1216,'优冠牛奶特浓夹心（香酥蛋黄）','130g', 5,CURRENT_TIMESTAMP, 'BASIC');
INSERT INTO BLC_SKU (SKU_ID,DEFAULT_PRODUCT_ID,NAME,LONG_DESCRIPTION,RETAIL_PRICE,ACTIVE_START_DATE, INVENTORY_TYPE) VALUES (-1215,-1215,'王子曲奇星（香浓巧克力）','85g', 3.5,CURRENT_TIMESTAMP, 'BASIC');
INSERT INTO BLC_SKU (SKU_ID,DEFAULT_PRODUCT_ID,NAME,LONG_DESCRIPTION,RETAIL_PRICE,ACTIVE_START_DATE, INVENTORY_TYPE) VALUES (-1214,-1214,'太平梳打（香葱味）','100g', 3.5,CURRENT_TIMESTAMP, 'BASIC');
INSERT INTO BLC_SKU (SKU_ID,DEFAULT_PRODUCT_ID,NAME,LONG_DESCRIPTION,RETAIL_PRICE,ACTIVE_START_DATE, INVENTORY_TYPE) VALUES (-1213,-1213,'太平梳打（奶盐味）','100g', 3.5,CURRENT_TIMESTAMP, 'BASIC');
INSERT INTO BLC_SKU (SKU_ID,DEFAULT_PRODUCT_ID,NAME,LONG_DESCRIPTION,RETAIL_PRICE,ACTIVE_START_DATE, INVENTORY_TYPE) VALUES (-1212,-1212,'闲趣（自然清威原味）','90g', 3.7,CURRENT_TIMESTAMP, 'BASIC');
INSERT INTO BLC_SKU (SKU_ID,DEFAULT_PRODUCT_ID,NAME,LONG_DESCRIPTION,RETAIL_PRICE,ACTIVE_START_DATE, INVENTORY_TYPE) VALUES (-1211,-1211,'闲趣（田园番茄味）','90g', 3.7,CURRENT_TIMESTAMP, 'BASIC');
INSERT INTO BLC_SKU (SKU_ID,DEFAULT_PRODUCT_ID,NAME,LONG_DESCRIPTION,RETAIL_PRICE,ACTIVE_START_DATE, INVENTORY_TYPE) VALUES (-1210,-1210,'闲趣（秘制小牛排味）','90g', 3.7,CURRENT_TIMESTAMP, 'BASIC');
INSERT INTO BLC_SKU (SKU_ID,DEFAULT_PRODUCT_ID,NAME,LONG_DESCRIPTION,RETAIL_PRICE,ACTIVE_START_DATE, INVENTORY_TYPE) VALUES (-1209,-1209,'康师傅3+2苏打夹心饼干(香浓奶油味)','125g', 4.5,CURRENT_TIMESTAMP, 'BASIC');
INSERT INTO BLC_SKU (SKU_ID,DEFAULT_PRODUCT_ID,NAME,LONG_DESCRIPTION,RETAIL_PRICE,ACTIVE_START_DATE, INVENTORY_TYPE) VALUES (-1208,-1208,'康师傅3+2苏打夹心饼干(香草巧克力味)','125g', 4.5,CURRENT_TIMESTAMP, 'BASIC');
INSERT INTO BLC_SKU (SKU_ID,DEFAULT_PRODUCT_ID,NAME,LONG_DESCRIPTION,RETAIL_PRICE,ACTIVE_START_DATE, INVENTORY_TYPE) VALUES (-1207,-1207,'康师傅3+2苏打夹心饼干(抹茶蜜豆味)','125g', 4.5,CURRENT_TIMESTAMP, 'BASIC');
INSERT INTO BLC_SKU (SKU_ID,DEFAULT_PRODUCT_ID,NAME,LONG_DESCRIPTION,RETAIL_PRICE,ACTIVE_START_DATE, INVENTORY_TYPE) VALUES (-1206,-1206,'徐福记松软蛋酥沙琪玛迷你包','32g', 1.5,CURRENT_TIMESTAMP, 'BASIC');
INSERT INTO BLC_SKU (SKU_ID,DEFAULT_PRODUCT_ID,NAME,LONG_DESCRIPTION,RETAIL_PRICE,ACTIVE_START_DATE, INVENTORY_TYPE) VALUES (-1205,-1205,'康师傅美味酥什锦烧烤味','85g', 3.8,CURRENT_TIMESTAMP, 'BASIC');
INSERT INTO BLC_SKU (SKU_ID,DEFAULT_PRODUCT_ID,NAME,LONG_DESCRIPTION,RETAIL_PRICE,ACTIVE_START_DATE, INVENTORY_TYPE) VALUES (-1204,-1204,'康师傅美味酥黑胡椒牛排味','85g', 3.8,CURRENT_TIMESTAMP, 'BASIC');
INSERT INTO BLC_SKU (SKU_ID,DEFAULT_PRODUCT_ID,NAME,LONG_DESCRIPTION,RETAIL_PRICE,ACTIVE_START_DATE, INVENTORY_TYPE) VALUES (-1203,-1203,'康师傅美味酥点点葱香味','85g', 3.8,CURRENT_TIMESTAMP, 'BASIC');
INSERT INTO BLC_SKU (SKU_ID,DEFAULT_PRODUCT_ID,NAME,LONG_DESCRIPTION,RETAIL_PRICE,ACTIVE_START_DATE, INVENTORY_TYPE) VALUES (-1202,-1202,'达利园香葱咸饼','130g', 3.2,CURRENT_TIMESTAMP, 'BASIC');
INSERT INTO BLC_SKU (SKU_ID,DEFAULT_PRODUCT_ID,NAME,LONG_DESCRIPTION,RETAIL_PRICE,ACTIVE_START_DATE, INVENTORY_TYPE) VALUES (-1201,-1201,'好吃点低糖海苔饼','130g', 3.2,CURRENT_TIMESTAMP, 'BASIC');
INSERT INTO BLC_SKU (SKU_ID,DEFAULT_PRODUCT_ID,NAME,LONG_DESCRIPTION,RETAIL_PRICE,ACTIVE_START_DATE, INVENTORY_TYPE) VALUES (-1200,-1200,'好吃点香脆核桃酥饼','108g', 3.2,CURRENT_TIMESTAMP, 'BASIC');
INSERT INTO BLC_SKU (SKU_ID,DEFAULT_PRODUCT_ID,NAME,LONG_DESCRIPTION,RETAIL_PRICE,ACTIVE_START_DATE, INVENTORY_TYPE) VALUES (-1199,-1199,'好吃点杏仁酥饼','108g', 3.2,CURRENT_TIMESTAMP, 'BASIC');
INSERT INTO BLC_SKU (SKU_ID,DEFAULT_PRODUCT_ID,NAME,LONG_DESCRIPTION,RETAIL_PRICE,ACTIVE_START_DATE, INVENTORY_TYPE) VALUES (-1198,-1198,'好吃点香脆腰果饼','108g', 3.2,CURRENT_TIMESTAMP, 'BASIC');
INSERT INTO BLC_SKU (SKU_ID,DEFAULT_PRODUCT_ID,NAME,LONG_DESCRIPTION,RETAIL_PRICE,ACTIVE_START_DATE, INVENTORY_TYPE) VALUES (-1197,-1197,'好吃点香脆杏仁饼','108g', 3.2,CURRENT_TIMESTAMP, 'BASIC');
INSERT INTO BLC_SKU (SKU_ID,DEFAULT_PRODUCT_ID,NAME,LONG_DESCRIPTION,RETAIL_PRICE,ACTIVE_START_DATE, INVENTORY_TYPE) VALUES (-1196,-1196,'好吃点香脆核桃饼','108g', 3.2,CURRENT_TIMESTAMP, 'BASIC');
INSERT INTO BLC_SKU (SKU_ID,DEFAULT_PRODUCT_ID,NAME,LONG_DESCRIPTION,RETAIL_PRICE,ACTIVE_START_DATE, INVENTORY_TYPE) VALUES (-1195,-1195,'好吃点榛仁酥','108g', 3.2,CURRENT_TIMESTAMP, 'BASIC');
INSERT INTO BLC_SKU (SKU_ID,DEFAULT_PRODUCT_ID,NAME,LONG_DESCRIPTION,RETAIL_PRICE,ACTIVE_START_DATE, INVENTORY_TYPE) VALUES (-1194,-1194,'格力高菜园小饼孜然烧烤','80g', 4.5,CURRENT_TIMESTAMP, 'BASIC');
INSERT INTO BLC_SKU (SKU_ID,DEFAULT_PRODUCT_ID,NAME,LONG_DESCRIPTION,RETAIL_PRICE,ACTIVE_START_DATE, INVENTORY_TYPE) VALUES (-1193,-1193,'格力高菜园小饼番茄味','80g', 4.5,CURRENT_TIMESTAMP, 'BASIC');
INSERT INTO BLC_SKU (SKU_ID,DEFAULT_PRODUCT_ID,NAME,LONG_DESCRIPTION,RETAIL_PRICE,ACTIVE_START_DATE, INVENTORY_TYPE) VALUES (-1192,-1192,'格力高菜园小饼葱辣味','80g', 4.5,CURRENT_TIMESTAMP, 'BASIC');
INSERT INTO BLC_SKU (SKU_ID,DEFAULT_PRODUCT_ID,NAME,LONG_DESCRIPTION,RETAIL_PRICE,ACTIVE_START_DATE, INVENTORY_TYPE) VALUES (-1191,-1191,'格力高菜园小饼色拉虾味','80g', 4.5,CURRENT_TIMESTAMP, 'BASIC');
INSERT INTO BLC_SKU (SKU_ID,DEFAULT_PRODUCT_ID,NAME,LONG_DESCRIPTION,RETAIL_PRICE,ACTIVE_START_DATE, INVENTORY_TYPE) VALUES (-1190,-1190,'格力高菜园小饼比萨味','80g', 4.5,CURRENT_TIMESTAMP, 'BASIC');
INSERT INTO BLC_SKU (SKU_ID,DEFAULT_PRODUCT_ID,NAME,LONG_DESCRIPTION,RETAIL_PRICE,ACTIVE_START_DATE, INVENTORY_TYPE) VALUES (-1189,-1189,'旺旺雪饼','84g', 4.7,CURRENT_TIMESTAMP, 'BASIC');
INSERT INTO BLC_SKU (SKU_ID,DEFAULT_PRODUCT_ID,NAME,LONG_DESCRIPTION,RETAIL_PRICE,ACTIVE_START_DATE, INVENTORY_TYPE) VALUES (-1188,-1188,'津味金针菇脆笋','70g', 1.5,CURRENT_TIMESTAMP, 'BASIC');
INSERT INTO BLC_SKU (SKU_ID,DEFAULT_PRODUCT_ID,NAME,LONG_DESCRIPTION,RETAIL_PRICE,ACTIVE_START_DATE, INVENTORY_TYPE) VALUES (-1187,-1187,'雀巢咖啡1+2（11+2杯装）','143g', 15,CURRENT_TIMESTAMP, 'BASIC');
INSERT INTO BLC_SKU (SKU_ID,DEFAULT_PRODUCT_ID,NAME,LONG_DESCRIPTION,RETAIL_PRICE,ACTIVE_START_DATE, INVENTORY_TYPE) VALUES (-1186,-1186,'Tang 菓珍','12g', 1,CURRENT_TIMESTAMP, 'BASIC');
INSERT INTO BLC_SKU (SKU_ID,DEFAULT_PRODUCT_ID,NAME,LONG_DESCRIPTION,RETAIL_PRICE,ACTIVE_START_DATE, INVENTORY_TYPE) VALUES (-1185,-1185,'达利园法式软面包香橙味160g（8枚）','160g', 5.4,CURRENT_TIMESTAMP, 'BASIC');
INSERT INTO BLC_SKU (SKU_ID,DEFAULT_PRODUCT_ID,NAME,LONG_DESCRIPTION,RETAIL_PRICE,ACTIVE_START_DATE, INVENTORY_TYPE) VALUES (-1184,-1184,'达利园法式软面包香奶味160g（8枚）','160g', 5.4,CURRENT_TIMESTAMP, 'BASIC');
INSERT INTO BLC_SKU (SKU_ID,DEFAULT_PRODUCT_ID,NAME,LONG_DESCRIPTION,RETAIL_PRICE,ACTIVE_START_DATE, INVENTORY_TYPE) VALUES (-1183,-1183,'达利园草莓派250g(10枚)','250g', 7,CURRENT_TIMESTAMP, 'BASIC');
INSERT INTO BLC_SKU (SKU_ID,DEFAULT_PRODUCT_ID,NAME,LONG_DESCRIPTION,RETAIL_PRICE,ACTIVE_START_DATE, INVENTORY_TYPE) VALUES (-1182,-1182,'达利园蛋黄派250g(10枚)','250g', 7,CURRENT_TIMESTAMP, 'BASIC');
INSERT INTO BLC_SKU (SKU_ID,DEFAULT_PRODUCT_ID,NAME,LONG_DESCRIPTION,RETAIL_PRICE,ACTIVE_START_DATE, INVENTORY_TYPE) VALUES (-1181,-1181,'达利园巧克力派300g（10枚）','300g', 7,CURRENT_TIMESTAMP, 'BASIC');
INSERT INTO BLC_SKU (SKU_ID,DEFAULT_PRODUCT_ID,NAME,LONG_DESCRIPTION,RETAIL_PRICE,ACTIVE_START_DATE, INVENTORY_TYPE) VALUES (-1180,-1180,'达利园瑞士卷8枚(草莓味)','160g', 6,CURRENT_TIMESTAMP, 'BASIC');
INSERT INTO BLC_SKU (SKU_ID,DEFAULT_PRODUCT_ID,NAME,LONG_DESCRIPTION,RETAIL_PRICE,ACTIVE_START_DATE, INVENTORY_TYPE) VALUES (-1179,-1179,'达利园瑞士卷8枚(橙汁味)','160g', 6,CURRENT_TIMESTAMP, 'BASIC');
INSERT INTO BLC_SKU (SKU_ID,DEFAULT_PRODUCT_ID,NAME,LONG_DESCRIPTION,RETAIL_PRICE,ACTIVE_START_DATE, INVENTORY_TYPE) VALUES (-1178,-1178,'达利园瑞士卷8枚(巧克力味)','160g', 6,CURRENT_TIMESTAMP, 'BASIC');
INSERT INTO BLC_SKU (SKU_ID,DEFAULT_PRODUCT_ID,NAME,LONG_DESCRIPTION,RETAIL_PRICE,ACTIVE_START_DATE, INVENTORY_TYPE) VALUES (-1177,-1177,'好丽友Q蒂2枚装（摩卡巧克力）','56g', 4.3,CURRENT_TIMESTAMP, 'BASIC');
INSERT INTO BLC_SKU (SKU_ID,DEFAULT_PRODUCT_ID,NAME,LONG_DESCRIPTION,RETAIL_PRICE,ACTIVE_START_DATE, INVENTORY_TYPE) VALUES (-1176,-1176,'好丽友蛋黄派2枚装','46g', 4,CURRENT_TIMESTAMP, 'BASIC');
INSERT INTO BLC_SKU (SKU_ID,DEFAULT_PRODUCT_ID,NAME,LONG_DESCRIPTION,RETAIL_PRICE,ACTIVE_START_DATE, INVENTORY_TYPE) VALUES (-1175,-1175,'好丽友派2枚装','68g', 3.5,CURRENT_TIMESTAMP, 'BASIC');
INSERT INTO BLC_SKU (SKU_ID,DEFAULT_PRODUCT_ID,NAME,LONG_DESCRIPTION,RETAIL_PRICE,ACTIVE_START_DATE, INVENTORY_TYPE) VALUES (-1174,-1174,'好丽友派6枚装','204g', 10.5,CURRENT_TIMESTAMP, 'BASIC');
INSERT INTO BLC_SKU (SKU_ID,DEFAULT_PRODUCT_ID,NAME,LONG_DESCRIPTION,RETAIL_PRICE,ACTIVE_START_DATE, INVENTORY_TYPE) VALUES (-1173,-1173,'三辉麦风法式香奶面包','120g', 2.7,CURRENT_TIMESTAMP, 'BASIC');
INSERT INTO BLC_SKU (SKU_ID,DEFAULT_PRODUCT_ID,NAME,LONG_DESCRIPTION,RETAIL_PRICE,ACTIVE_START_DATE, INVENTORY_TYPE) VALUES (-1172,-1172,'三辉麦风法式香奶面包','200g', 4.5,CURRENT_TIMESTAMP, 'BASIC');
INSERT INTO BLC_SKU (SKU_ID,DEFAULT_PRODUCT_ID,NAME,LONG_DESCRIPTION,RETAIL_PRICE,ACTIVE_START_DATE, INVENTORY_TYPE) VALUES (-1171,-1171,'三辉麦风提拉米苏4枚装(巧克力味)','100g', 3,CURRENT_TIMESTAMP, 'BASIC');
INSERT INTO BLC_SKU (SKU_ID,DEFAULT_PRODUCT_ID,NAME,LONG_DESCRIPTION,RETAIL_PRICE,ACTIVE_START_DATE, INVENTORY_TYPE) VALUES (-1170,-1170,'徐福记芝麻香酥沙琪玛迷你包','32g', 1.5,CURRENT_TIMESTAMP, 'BASIC');
INSERT INTO BLC_SKU (SKU_ID,DEFAULT_PRODUCT_ID,NAME,LONG_DESCRIPTION,RETAIL_PRICE,ACTIVE_START_DATE, INVENTORY_TYPE) VALUES (-1169,-1169,'徐福记巧克力味沙琪玛迷你包','32g', 1.5,CURRENT_TIMESTAMP, 'BASIC');
INSERT INTO BLC_SKU (SKU_ID,DEFAULT_PRODUCT_ID,NAME,LONG_DESCRIPTION,RETAIL_PRICE,ACTIVE_START_DATE, INVENTORY_TYPE) VALUES (-1168,-1168,'徐福记松软蛋酥沙琪玛迷你包','32g', 1.5,CURRENT_TIMESTAMP, 'BASIC');
INSERT INTO BLC_SKU (SKU_ID,DEFAULT_PRODUCT_ID,NAME,LONG_DESCRIPTION,RETAIL_PRICE,ACTIVE_START_DATE, INVENTORY_TYPE) VALUES (-1167,-1167,'回头客铜锣烧红豆味（10枚入）','160g', 5.4,CURRENT_TIMESTAMP, 'BASIC');
INSERT INTO BLC_SKU (SKU_ID,DEFAULT_PRODUCT_ID,NAME,LONG_DESCRIPTION,RETAIL_PRICE,ACTIVE_START_DATE, INVENTORY_TYPE) VALUES (-1166,-1166,'回头客铜锣烧香芋味(10枚入）','160g', 5.4,CURRENT_TIMESTAMP, 'BASIC');
INSERT INTO BLC_SKU (SKU_ID,DEFAULT_PRODUCT_ID,NAME,LONG_DESCRIPTION,RETAIL_PRICE,ACTIVE_START_DATE, INVENTORY_TYPE) VALUES (-1165,-1165,'回头客铜锣烧抹茶味（10枚入）','160g', 5.4,CURRENT_TIMESTAMP, 'BASIC');
INSERT INTO BLC_SKU (SKU_ID,DEFAULT_PRODUCT_ID,NAME,LONG_DESCRIPTION,RETAIL_PRICE,ACTIVE_START_DATE, INVENTORY_TYPE) VALUES (-1164,-1164,'康师傅干拌面（红烧牛肉味）','122g', 5,CURRENT_TIMESTAMP, 'BASIC');
INSERT INTO BLC_SKU (SKU_ID,DEFAULT_PRODUCT_ID,NAME,LONG_DESCRIPTION,RETAIL_PRICE,ACTIVE_START_DATE, INVENTORY_TYPE) VALUES (-1163,-1163,'康师傅干拌面（葱油拌味）','122g', 5,CURRENT_TIMESTAMP, 'BASIC');
INSERT INTO BLC_SKU (SKU_ID,DEFAULT_PRODUCT_ID,NAME,LONG_DESCRIPTION,RETAIL_PRICE,ACTIVE_START_DATE, INVENTORY_TYPE) VALUES (-1162,-1162,'康师傅干拌面（香辣牛肉味）','122g', 4.5,CURRENT_TIMESTAMP, 'BASIC');
INSERT INTO BLC_SKU (SKU_ID,DEFAULT_PRODUCT_ID,NAME,LONG_DESCRIPTION,RETAIL_PRICE,ACTIVE_START_DATE, INVENTORY_TYPE) VALUES (-1161,-1161,'康师傅随心杯红烧牛肉面（杯）','55g', 5,CURRENT_TIMESTAMP, 'BASIC');
INSERT INTO BLC_SKU (SKU_ID,DEFAULT_PRODUCT_ID,NAME,LONG_DESCRIPTION,RETAIL_PRICE,ACTIVE_START_DATE, INVENTORY_TYPE) VALUES (-1160,-1160,'康师傅随心杯香辣牛肉面（杯）','55g', 5,CURRENT_TIMESTAMP, 'BASIC');
INSERT INTO BLC_SKU (SKU_ID,DEFAULT_PRODUCT_ID,NAME,LONG_DESCRIPTION,RETAIL_PRICE,ACTIVE_START_DATE, INVENTORY_TYPE) VALUES (-1159,-1159,'康师傅酸菜牛肉面（桶）','105g', 3.8,CURRENT_TIMESTAMP, 'BASIC');
INSERT INTO BLC_SKU (SKU_ID,DEFAULT_PRODUCT_ID,NAME,LONG_DESCRIPTION,RETAIL_PRICE,ACTIVE_START_DATE, INVENTORY_TYPE) VALUES (-1158,-1158,'康师傅卤香牛肉面（桶）','105g', 3.8,CURRENT_TIMESTAMP, 'BASIC');
INSERT INTO BLC_SKU (SKU_ID,DEFAULT_PRODUCT_ID,NAME,LONG_DESCRIPTION,RETAIL_PRICE,ACTIVE_START_DATE, INVENTORY_TYPE) VALUES (-1157,-1157,'康师傅香菇炖鸡面（桶）','105g', 3.8,CURRENT_TIMESTAMP, 'BASIC');
INSERT INTO BLC_SKU (SKU_ID,DEFAULT_PRODUCT_ID,NAME,LONG_DESCRIPTION,RETAIL_PRICE,ACTIVE_START_DATE, INVENTORY_TYPE) VALUES (-1156,-1156,'康师傅鲜虾鱼板面（桶）','105g', 3.8,CURRENT_TIMESTAMP, 'BASIC');
INSERT INTO BLC_SKU (SKU_ID,DEFAULT_PRODUCT_ID,NAME,LONG_DESCRIPTION,RETAIL_PRICE,ACTIVE_START_DATE, INVENTORY_TYPE) VALUES (-1155,-1155,'康师傅笋干老鸭煲面（桶）','105g', 3.8,CURRENT_TIMESTAMP, 'BASIC');
INSERT INTO BLC_SKU (SKU_ID,DEFAULT_PRODUCT_ID,NAME,LONG_DESCRIPTION,RETAIL_PRICE,ACTIVE_START_DATE, INVENTORY_TYPE) VALUES (-1154,-1154,'康师傅香辣牛肉面（桶）','105g', 3.8,CURRENT_TIMESTAMP, 'BASIC');
INSERT INTO BLC_SKU (SKU_ID,DEFAULT_PRODUCT_ID,NAME,LONG_DESCRIPTION,RETAIL_PRICE,ACTIVE_START_DATE, INVENTORY_TYPE) VALUES (-1153,-1153,'康师傅红烧牛肉面（桶）','105g', 3.8,CURRENT_TIMESTAMP, 'BASIC');
INSERT INTO BLC_SKU (SKU_ID,DEFAULT_PRODUCT_ID,NAME,LONG_DESCRIPTION,RETAIL_PRICE,ACTIVE_START_DATE, INVENTORY_TYPE) VALUES (-1152,-1152,'袋装康师傅东坡红烧肉面','106g', 2.5,CURRENT_TIMESTAMP, 'BASIC');
INSERT INTO BLC_SKU (SKU_ID,DEFAULT_PRODUCT_ID,NAME,LONG_DESCRIPTION,RETAIL_PRICE,ACTIVE_START_DATE, INVENTORY_TYPE) VALUES (-1151,-1151,'袋装康师傅酸菜牛肉面','106g', 2.5,CURRENT_TIMESTAMP, 'BASIC');
INSERT INTO BLC_SKU (SKU_ID,DEFAULT_PRODUCT_ID,NAME,LONG_DESCRIPTION,RETAIL_PRICE,ACTIVE_START_DATE, INVENTORY_TYPE) VALUES (-1150,-1150,'袋装康师傅香菇炖鸡面','106g', 2.5,CURRENT_TIMESTAMP, 'BASIC');
INSERT INTO BLC_SKU (SKU_ID,DEFAULT_PRODUCT_ID,NAME,LONG_DESCRIPTION,RETAIL_PRICE,ACTIVE_START_DATE, INVENTORY_TYPE) VALUES (-1149,-1149,'袋装康师傅鲜虾鱼板面','106g', 2.5,CURRENT_TIMESTAMP, 'BASIC');
INSERT INTO BLC_SKU (SKU_ID,DEFAULT_PRODUCT_ID,NAME,LONG_DESCRIPTION,RETAIL_PRICE,ACTIVE_START_DATE, INVENTORY_TYPE) VALUES (-1148,-1148,'袋装康师傅笋干老鸭煲面','106g', 2.5,CURRENT_TIMESTAMP, 'BASIC');
INSERT INTO BLC_SKU (SKU_ID,DEFAULT_PRODUCT_ID,NAME,LONG_DESCRIPTION,RETAIL_PRICE,ACTIVE_START_DATE, INVENTORY_TYPE) VALUES (-1147,-1147,'袋装康师傅香辣牛肉面','106g', 2.5,CURRENT_TIMESTAMP, 'BASIC');
INSERT INTO BLC_SKU (SKU_ID,DEFAULT_PRODUCT_ID,NAME,LONG_DESCRIPTION,RETAIL_PRICE,ACTIVE_START_DATE, INVENTORY_TYPE) VALUES (-1146,-1146,'袋装康师傅红烧牛肉面','106g', 2.5,CURRENT_TIMESTAMP, 'BASIC');
INSERT INTO BLC_SKU (SKU_ID,DEFAULT_PRODUCT_ID,NAME,LONG_DESCRIPTION,RETAIL_PRICE,ACTIVE_START_DATE, INVENTORY_TYPE) VALUES (-1145,-1145,'康师傅香爆脆干脆面（烤羊肉串味）','30g', 0.5,CURRENT_TIMESTAMP, 'BASIC');
INSERT INTO BLC_SKU (SKU_ID,DEFAULT_PRODUCT_ID,NAME,LONG_DESCRIPTION,RETAIL_PRICE,ACTIVE_START_DATE, INVENTORY_TYPE) VALUES (-1144,-1144,'康师傅香爆脆干脆面（香葱鸡块味）','30g', 0.5,CURRENT_TIMESTAMP, 'BASIC');
INSERT INTO BLC_SKU (SKU_ID,DEFAULT_PRODUCT_ID,NAME,LONG_DESCRIPTION,RETAIL_PRICE,ACTIVE_START_DATE, INVENTORY_TYPE) VALUES (-1143,-1143,'康师傅香爆脆干脆面（蜜汁牛排味）','30g', 0.5,CURRENT_TIMESTAMP, 'BASIC');
INSERT INTO BLC_SKU (SKU_ID,DEFAULT_PRODUCT_ID,NAME,LONG_DESCRIPTION,RETAIL_PRICE,ACTIVE_START_DATE, INVENTORY_TYPE) VALUES (-1142,-1142,'康师傅香爆脆干脆面（蛋烤番茄味）','30g', 0.5,CURRENT_TIMESTAMP, 'BASIC');
INSERT INTO BLC_SKU (SKU_ID,DEFAULT_PRODUCT_ID,NAME,LONG_DESCRIPTION,RETAIL_PRICE,ACTIVE_START_DATE, INVENTORY_TYPE) VALUES (-1141,-1141,'康师傅香爆脆干脆面（巴西烤肉味）','30g', 0.5,CURRENT_TIMESTAMP, 'BASIC');
INSERT INTO BLC_SKU (SKU_ID,DEFAULT_PRODUCT_ID,NAME,LONG_DESCRIPTION,RETAIL_PRICE,ACTIVE_START_DATE, INVENTORY_TYPE) VALUES (-1140,-1140,'康师傅茉莉蜜茶','600ml', 2.5,CURRENT_TIMESTAMP, 'BASIC');
INSERT INTO BLC_SKU (SKU_ID,DEFAULT_PRODUCT_ID,NAME,LONG_DESCRIPTION,RETAIL_PRICE,ACTIVE_START_DATE, INVENTORY_TYPE) VALUES (-1139,-1139,'康师傅茉莉清茶','600ml', 2.5,CURRENT_TIMESTAMP, 'BASIC');
INSERT INTO BLC_SKU (SKU_ID,DEFAULT_PRODUCT_ID,NAME,LONG_DESCRIPTION,RETAIL_PRICE,ACTIVE_START_DATE, INVENTORY_TYPE) VALUES (-1138,-1138,'康师傅冰红茶','600ml', 2.5,CURRENT_TIMESTAMP, 'BASIC');
INSERT INTO BLC_SKU (SKU_ID,DEFAULT_PRODUCT_ID,NAME,LONG_DESCRIPTION,RETAIL_PRICE,ACTIVE_START_DATE, INVENTORY_TYPE) VALUES (-1137,-1137,'康师傅酸枣汁','450ml', 2.5,CURRENT_TIMESTAMP, 'BASIC');
INSERT INTO BLC_SKU (SKU_ID,DEFAULT_PRODUCT_ID,NAME,LONG_DESCRIPTION,RETAIL_PRICE,ACTIVE_START_DATE, INVENTORY_TYPE) VALUES (-1136,-1136,'康师傅酸梅汤','450ml', 2.5,CURRENT_TIMESTAMP, 'BASIC');
INSERT INTO BLC_SKU (SKU_ID,DEFAULT_PRODUCT_ID,NAME,LONG_DESCRIPTION,RETAIL_PRICE,ACTIVE_START_DATE, INVENTORY_TYPE) VALUES (-1135,-1135,'康师傅鲜的每日C橙汁500ml','450ml', 2.5,CURRENT_TIMESTAMP, 'BASIC');
INSERT INTO BLC_SKU (SKU_ID,DEFAULT_PRODUCT_ID,NAME,LONG_DESCRIPTION,RETAIL_PRICE,ACTIVE_START_DATE, INVENTORY_TYPE) VALUES (-1134,-1134,'红牛维生素功能饮料','250ml', 5.6,CURRENT_TIMESTAMP, 'BASIC');
INSERT INTO BLC_SKU (SKU_ID,DEFAULT_PRODUCT_ID,NAME,LONG_DESCRIPTION,RETAIL_PRICE,ACTIVE_START_DATE, INVENTORY_TYPE) VALUES (-1133,-1133,'雀巢香滑咖啡180ml','180ml', 3.5,CURRENT_TIMESTAMP, 'BASIC');
INSERT INTO BLC_SKU (SKU_ID,DEFAULT_PRODUCT_ID,NAME,LONG_DESCRIPTION,RETAIL_PRICE,ACTIVE_START_DATE, INVENTORY_TYPE) VALUES (-1132,-1132,'金大州香辣金针菇','60g', 3.5,CURRENT_TIMESTAMP, 'BASIC');
INSERT INTO BLC_SKU (SKU_ID,DEFAULT_PRODUCT_ID,NAME,LONG_DESCRIPTION,RETAIL_PRICE,ACTIVE_START_DATE, INVENTORY_TYPE) VALUES (-1131,-1131,'老爸豆腐干100g（卤辣味）','100g', 4.5,CURRENT_TIMESTAMP, 'BASIC');
INSERT INTO BLC_SKU (SKU_ID,DEFAULT_PRODUCT_ID,NAME,LONG_DESCRIPTION,RETAIL_PRICE,ACTIVE_START_DATE, INVENTORY_TYPE) VALUES (-1130,-1130,'老爸豆腐干100g（卤味）','100g', 4.5,CURRENT_TIMESTAMP, 'BASIC');
INSERT INTO BLC_SKU (SKU_ID,DEFAULT_PRODUCT_ID,NAME,LONG_DESCRIPTION,RETAIL_PRICE,ACTIVE_START_DATE, INVENTORY_TYPE) VALUES (-1129,-1129,'老爸豆腐干100g（肉汁味）','100g', 4.5,CURRENT_TIMESTAMP, 'BASIC');
INSERT INTO BLC_SKU (SKU_ID,DEFAULT_PRODUCT_ID,NAME,LONG_DESCRIPTION,RETAIL_PRICE,ACTIVE_START_DATE, INVENTORY_TYPE) VALUES (-1128,-1128,'老爸豆腐干100g（牛肉味）','100g', 4.5,CURRENT_TIMESTAMP, 'BASIC');
INSERT INTO BLC_SKU (SKU_ID,DEFAULT_PRODUCT_ID,NAME,LONG_DESCRIPTION,RETAIL_PRICE,ACTIVE_START_DATE, INVENTORY_TYPE) VALUES (-1127,-1127,'祖名虾米干','100g', 2.6,CURRENT_TIMESTAMP, 'BASIC');
INSERT INTO BLC_SKU (SKU_ID,DEFAULT_PRODUCT_ID,NAME,LONG_DESCRIPTION,RETAIL_PRICE,ACTIVE_START_DATE, INVENTORY_TYPE) VALUES (-1126,-1126,'祖名香逗干肉汁味100g','100g', 4.3,CURRENT_TIMESTAMP, 'BASIC');
INSERT INTO BLC_SKU (SKU_ID,DEFAULT_PRODUCT_ID,NAME,LONG_DESCRIPTION,RETAIL_PRICE,ACTIVE_START_DATE, INVENTORY_TYPE) VALUES (-1125,-1125,'祖名香逗干鸡汁味100g','100g', 4.3,CURRENT_TIMESTAMP, 'BASIC');
INSERT INTO BLC_SKU (SKU_ID,DEFAULT_PRODUCT_ID,NAME,LONG_DESCRIPTION,RETAIL_PRICE,ACTIVE_START_DATE, INVENTORY_TYPE) VALUES (-1124,-1124,'祖名香逗干麻辣味100g','100g', 4.3,CURRENT_TIMESTAMP, 'BASIC');
INSERT INTO BLC_SKU (SKU_ID,DEFAULT_PRODUCT_ID,NAME,LONG_DESCRIPTION,RETAIL_PRICE,ACTIVE_START_DATE, INVENTORY_TYPE) VALUES (-1123,-1123,'香菇肥牛牛肉味','20g', 0.5,CURRENT_TIMESTAMP, 'BASIC');
INSERT INTO BLC_SKU (SKU_ID,DEFAULT_PRODUCT_ID,NAME,LONG_DESCRIPTION,RETAIL_PRICE,ACTIVE_START_DATE, INVENTORY_TYPE) VALUES (-1122,-1122,'好又好酱鸭腿','90g', 4,CURRENT_TIMESTAMP, 'BASIC');
INSERT INTO BLC_SKU (SKU_ID,DEFAULT_PRODUCT_ID,NAME,LONG_DESCRIPTION,RETAIL_PRICE,ACTIVE_START_DATE, INVENTORY_TYPE) VALUES (-1121,-1121,'永健泡山椒凤爪','35g', 1,CURRENT_TIMESTAMP, 'BASIC');
INSERT INTO BLC_SKU (SKU_ID,DEFAULT_PRODUCT_ID,NAME,LONG_DESCRIPTION,RETAIL_PRICE,ACTIVE_START_DATE, INVENTORY_TYPE) VALUES (-1120,-1120,'老李五香翅','75g', 8.5,CURRENT_TIMESTAMP, 'BASIC');
INSERT INTO BLC_SKU (SKU_ID,DEFAULT_PRODUCT_ID,NAME,LONG_DESCRIPTION,RETAIL_PRICE,ACTIVE_START_DATE, INVENTORY_TYPE) VALUES (-1119,-1119,'老李五香干','70g', 2.7,CURRENT_TIMESTAMP, 'BASIC');
INSERT INTO BLC_SKU (SKU_ID,DEFAULT_PRODUCT_ID,NAME,LONG_DESCRIPTION,RETAIL_PRICE,ACTIVE_START_DATE, INVENTORY_TYPE) VALUES (-1118,-1118,'威益威劲辣鸭脖','22g', 1,CURRENT_TIMESTAMP, 'BASIC');
INSERT INTO BLC_SKU (SKU_ID,DEFAULT_PRODUCT_ID,NAME,LONG_DESCRIPTION,RETAIL_PRICE,ACTIVE_START_DATE, INVENTORY_TYPE) VALUES (-1117,-1117,'卫龙大面筋','138g', 2,CURRENT_TIMESTAMP, 'BASIC');
INSERT INTO BLC_SKU (SKU_ID,DEFAULT_PRODUCT_ID,NAME,LONG_DESCRIPTION,RETAIL_PRICE,ACTIVE_START_DATE, INVENTORY_TYPE) VALUES (-1116,-1116,'卫龙面筋','28g', 0.5,CURRENT_TIMESTAMP, 'BASIC');
INSERT INTO BLC_SKU (SKU_ID,DEFAULT_PRODUCT_ID,NAME,LONG_DESCRIPTION,RETAIL_PRICE,ACTIVE_START_DATE, INVENTORY_TYPE) VALUES (-1115,-1115,'乡巴佬鸡腿','75g', 5.5,CURRENT_TIMESTAMP, 'BASIC');
INSERT INTO BLC_SKU (SKU_ID,DEFAULT_PRODUCT_ID,NAME,LONG_DESCRIPTION,RETAIL_PRICE,ACTIVE_START_DATE, INVENTORY_TYPE) VALUES (-1114,-1114,'乡巴佬凤爪','35g', 1,CURRENT_TIMESTAMP, 'BASIC');
INSERT INTO BLC_SKU (SKU_ID,DEFAULT_PRODUCT_ID,NAME,LONG_DESCRIPTION,RETAIL_PRICE,ACTIVE_START_DATE, INVENTORY_TYPE) VALUES (-1113,-1113,'有友泡椒凤爪','80g', 4.5,CURRENT_TIMESTAMP, 'BASIC');
INSERT INTO BLC_SKU (SKU_ID,DEFAULT_PRODUCT_ID,NAME,LONG_DESCRIPTION,RETAIL_PRICE,ACTIVE_START_DATE, INVENTORY_TYPE) VALUES (-1112,-1112,'富贵阁北京烤鸭','22g', 0.5,CURRENT_TIMESTAMP, 'BASIC');
INSERT INTO BLC_SKU (SKU_ID,DEFAULT_PRODUCT_ID,NAME,LONG_DESCRIPTION,RETAIL_PRICE,ACTIVE_START_DATE, INVENTORY_TYPE) VALUES (-1111,-1111,'卫龙豆筋烧烤味','18g', 0.5,CURRENT_TIMESTAMP, 'BASIC');
INSERT INTO BLC_SKU (SKU_ID,DEFAULT_PRODUCT_ID,NAME,LONG_DESCRIPTION,RETAIL_PRICE,ACTIVE_START_DATE, INVENTORY_TYPE) VALUES (-1110,-1110,'怡冠园酒鬼鱼山椒味','42g', 3,CURRENT_TIMESTAMP, 'BASIC');
INSERT INTO BLC_SKU (SKU_ID,DEFAULT_PRODUCT_ID,NAME,LONG_DESCRIPTION,RETAIL_PRICE,ACTIVE_START_DATE, INVENTORY_TYPE) VALUES (-1109,-1109,'口留香相思卷','100g', 2,CURRENT_TIMESTAMP, 'BASIC');
INSERT INTO BLC_SKU (SKU_ID,DEFAULT_PRODUCT_ID,NAME,LONG_DESCRIPTION,RETAIL_PRICE,ACTIVE_START_DATE, INVENTORY_TYPE) VALUES (-1108,-1108,'乡巴佬晶凉松卤蛋','30g', 11,CURRENT_TIMESTAMP, 'BASIC');
INSERT INTO BLC_SKU (SKU_ID,DEFAULT_PRODUCT_ID,NAME,LONG_DESCRIPTION,RETAIL_PRICE,ACTIVE_START_DATE, INVENTORY_TYPE) VALUES (-1107,-1107,'八里香酥鸡腿','85g', 7.8,CURRENT_TIMESTAMP, 'BASIC');
INSERT INTO BLC_SKU (SKU_ID,DEFAULT_PRODUCT_ID,NAME,LONG_DESCRIPTION,RETAIL_PRICE,ACTIVE_START_DATE, INVENTORY_TYPE) VALUES (-1106,-1106,'老李五香腿','85g', 9,CURRENT_TIMESTAMP, 'BASIC');
INSERT INTO BLC_SKU (SKU_ID,DEFAULT_PRODUCT_ID,NAME,LONG_DESCRIPTION,RETAIL_PRICE,ACTIVE_START_DATE, INVENTORY_TYPE) VALUES (-1105,-1105,'馋嘴娃蒜香豆角干','120g', 2.2,CURRENT_TIMESTAMP, 'BASIC');
INSERT INTO BLC_SKU (SKU_ID,DEFAULT_PRODUCT_ID,NAME,LONG_DESCRIPTION,RETAIL_PRICE,ACTIVE_START_DATE, INVENTORY_TYPE) VALUES (-1104,-1104,'怡冠园红烧拉面条','120g', 2,CURRENT_TIMESTAMP, 'BASIC');
INSERT INTO BLC_SKU (SKU_ID,DEFAULT_PRODUCT_ID,NAME,LONG_DESCRIPTION,RETAIL_PRICE,ACTIVE_START_DATE, INVENTORY_TYPE) VALUES (-1103,-1103,'太阳岛鸡汁麻辣串','100g', 2.6,CURRENT_TIMESTAMP, 'BASIC');
INSERT INTO BLC_SKU (SKU_ID,DEFAULT_PRODUCT_ID,NAME,LONG_DESCRIPTION,RETAIL_PRICE,ACTIVE_START_DATE, INVENTORY_TYPE) VALUES (-1102,-1102,'口留乡香辣鱼仔','60g', 3,CURRENT_TIMESTAMP, 'BASIC');
INSERT INTO BLC_SKU (SKU_ID,DEFAULT_PRODUCT_ID,NAME,LONG_DESCRIPTION,RETAIL_PRICE,ACTIVE_START_DATE, INVENTORY_TYPE) VALUES (-1101,-1101,'味中香麻辣串','100g', 2.7,CURRENT_TIMESTAMP, 'BASIC');
INSERT INTO BLC_SKU (SKU_ID,DEFAULT_PRODUCT_ID,NAME,LONG_DESCRIPTION,RETAIL_PRICE,ACTIVE_START_DATE, INVENTORY_TYPE) VALUES (-1100,-1100,'腾哥日本多味鱼','50g', 3.5,CURRENT_TIMESTAMP, 'BASIC');
INSERT INTO BLC_SKU (SKU_ID,DEFAULT_PRODUCT_ID,NAME,LONG_DESCRIPTION,RETAIL_PRICE,ACTIVE_START_DATE, INVENTORY_TYPE) VALUES (-1099,-1099,'素味居烧烤土豆','90g', 2,CURRENT_TIMESTAMP, 'BASIC');
INSERT INTO BLC_SKU (SKU_ID,DEFAULT_PRODUCT_ID,NAME,LONG_DESCRIPTION,RETAIL_PRICE,ACTIVE_START_DATE, INVENTORY_TYPE) VALUES (-1098,-1098,'喜来香大酱鸭翅','100g', 4.3,CURRENT_TIMESTAMP, 'BASIC');
INSERT INTO BLC_SKU (SKU_ID,DEFAULT_PRODUCT_ID,NAME,LONG_DESCRIPTION,RETAIL_PRICE,ACTIVE_START_DATE, INVENTORY_TYPE) VALUES (-1097,-1097,'上好佳田园泡（玉米口味）','40g', 3.3,CURRENT_TIMESTAMP, 'BASIC');
INSERT INTO BLC_SKU (SKU_ID,DEFAULT_PRODUCT_ID,NAME,LONG_DESCRIPTION,RETAIL_PRICE,ACTIVE_START_DATE, INVENTORY_TYPE) VALUES (-1096,-1096,'上好佳粟米条45g(朱古力口味)','40g', 3.3,CURRENT_TIMESTAMP, 'BASIC');
INSERT INTO BLC_SKU (SKU_ID,DEFAULT_PRODUCT_ID,NAME,LONG_DESCRIPTION,RETAIL_PRICE,ACTIVE_START_DATE, INVENTORY_TYPE) VALUES (-1095,-1095,'上好佳玉米卷','40g', 3.3,CURRENT_TIMESTAMP, 'BASIC');
INSERT INTO BLC_SKU (SKU_ID,DEFAULT_PRODUCT_ID,NAME,LONG_DESCRIPTION,RETAIL_PRICE,ACTIVE_START_DATE, INVENTORY_TYPE) VALUES (-1094,-1094,'上好佳芝士条','40g', 3.3,CURRENT_TIMESTAMP, 'BASIC');
INSERT INTO BLC_SKU (SKU_ID,DEFAULT_PRODUCT_ID,NAME,LONG_DESCRIPTION,RETAIL_PRICE,ACTIVE_START_DATE, INVENTORY_TYPE) VALUES (-1093,-1093,'上好佳鲜虾条','40g', 3.3,CURRENT_TIMESTAMP, 'BASIC');
INSERT INTO BLC_SKU (SKU_ID,DEFAULT_PRODUCT_ID,NAME,LONG_DESCRIPTION,RETAIL_PRICE,ACTIVE_START_DATE, INVENTORY_TYPE) VALUES (-1092,-1092,'上好佳荷兰豆','55g', 3.3,CURRENT_TIMESTAMP, 'BASIC');
INSERT INTO BLC_SKU (SKU_ID,DEFAULT_PRODUCT_ID,NAME,LONG_DESCRIPTION,RETAIL_PRICE,ACTIVE_START_DATE, INVENTORY_TYPE) VALUES (-1091,-1091,'上好佳鲜虾片','40g', 3.3,CURRENT_TIMESTAMP, 'BASIC');
INSERT INTO BLC_SKU (SKU_ID,DEFAULT_PRODUCT_ID,NAME,LONG_DESCRIPTION,RETAIL_PRICE,ACTIVE_START_DATE, INVENTORY_TYPE) VALUES (-1090,-1090,'上好佳粟米条(草莓口味)','40g', 3.3,CURRENT_TIMESTAMP, 'BASIC');
INSERT INTO BLC_SKU (SKU_ID,DEFAULT_PRODUCT_ID,NAME,LONG_DESCRIPTION,RETAIL_PRICE,ACTIVE_START_DATE, INVENTORY_TYPE) VALUES (-1089,-1089,'上好佳玉米花(果仁奶油)','50g', 3.3,CURRENT_TIMESTAMP, 'BASIC');
INSERT INTO BLC_SKU (SKU_ID,DEFAULT_PRODUCT_ID,NAME,LONG_DESCRIPTION,RETAIL_PRICE,ACTIVE_START_DATE, INVENTORY_TYPE) VALUES (-1088,-1088,'上好佳洋葱圈','40g', 3.3,CURRENT_TIMESTAMP, 'BASIC');
INSERT INTO BLC_SKU (SKU_ID,DEFAULT_PRODUCT_ID,NAME,LONG_DESCRIPTION,RETAIL_PRICE,ACTIVE_START_DATE, INVENTORY_TYPE) VALUES (-1087,-1087,'上好佳田园泡(玉米口味)','15g', 1,CURRENT_TIMESTAMP, 'BASIC');
INSERT INTO BLC_SKU (SKU_ID,DEFAULT_PRODUCT_ID,NAME,LONG_DESCRIPTION,RETAIL_PRICE,ACTIVE_START_DATE, INVENTORY_TYPE) VALUES (-1086,-1086,'上好佳玉米卷','15g', 1,CURRENT_TIMESTAMP, 'BASIC');
INSERT INTO BLC_SKU (SKU_ID,DEFAULT_PRODUCT_ID,NAME,LONG_DESCRIPTION,RETAIL_PRICE,ACTIVE_START_DATE, INVENTORY_TYPE) VALUES (-1085,-1085,'上好佳洋葱圈','15g', 1,CURRENT_TIMESTAMP, 'BASIC');
INSERT INTO BLC_SKU (SKU_ID,DEFAULT_PRODUCT_ID,NAME,LONG_DESCRIPTION,RETAIL_PRICE,ACTIVE_START_DATE, INVENTORY_TYPE) VALUES (-1084,-1084,'上好佳荷兰豆','16g', 1,CURRENT_TIMESTAMP, 'BASIC');
INSERT INTO BLC_SKU (SKU_ID,DEFAULT_PRODUCT_ID,NAME,LONG_DESCRIPTION,RETAIL_PRICE,ACTIVE_START_DATE, INVENTORY_TYPE) VALUES (-1083,-1083,'上好佳鲜虾片15g','15g', 1,CURRENT_TIMESTAMP, 'BASIC');
INSERT INTO BLC_SKU (SKU_ID,DEFAULT_PRODUCT_ID,NAME,LONG_DESCRIPTION,RETAIL_PRICE,ACTIVE_START_DATE, INVENTORY_TYPE) VALUES (-1082,-1082,'好丽友呀！土豆番茄酱味','40g', 3.5,CURRENT_TIMESTAMP, 'BASIC');
INSERT INTO BLC_SKU (SKU_ID,DEFAULT_PRODUCT_ID,NAME,LONG_DESCRIPTION,RETAIL_PRICE,ACTIVE_START_DATE, INVENTORY_TYPE) VALUES (-1081,-1081,'好丽友呀！土豆烤鸡比萨味40g','40g', 3.5,CURRENT_TIMESTAMP, 'BASIC');
INSERT INTO BLC_SKU (SKU_ID,DEFAULT_PRODUCT_ID,NAME,LONG_DESCRIPTION,RETAIL_PRICE,ACTIVE_START_DATE, INVENTORY_TYPE) VALUES (-1080,-1080,'好丽友呀！土豆里脊牛排味40g','40g', 3.5,CURRENT_TIMESTAMP, 'BASIC');
INSERT INTO BLC_SKU (SKU_ID,DEFAULT_PRODUCT_ID,NAME,LONG_DESCRIPTION,RETAIL_PRICE,ACTIVE_START_DATE, INVENTORY_TYPE) VALUES (-1079,-1079,'正宗咪咪虾条','18g', 0.5,CURRENT_TIMESTAMP, 'BASIC');
INSERT INTO BLC_SKU (SKU_ID,DEFAULT_PRODUCT_ID,NAME,LONG_DESCRIPTION,RETAIL_PRICE,ACTIVE_START_DATE, INVENTORY_TYPE) VALUES (-1078,-1078,'咪咪蟹味','18g', 0.5,CURRENT_TIMESTAMP, 'BASIC');
INSERT INTO BLC_SKU (SKU_ID,DEFAULT_PRODUCT_ID,NAME,LONG_DESCRIPTION,RETAIL_PRICE,ACTIVE_START_DATE, INVENTORY_TYPE) VALUES (-1077,-1077,'狗牙儿加蛋锅巴','50g', 1,CURRENT_TIMESTAMP, 'BASIC');
INSERT INTO BLC_SKU (SKU_ID,DEFAULT_PRODUCT_ID,NAME,LONG_DESCRIPTION,RETAIL_PRICE,ACTIVE_START_DATE, INVENTORY_TYPE) VALUES (-1076,-1076,'乐事黄瓜味薯片','40g', 3.5,CURRENT_TIMESTAMP, 'BASIC');
INSERT INTO BLC_SKU (SKU_ID,DEFAULT_PRODUCT_ID,NAME,LONG_DESCRIPTION,RETAIL_PRICE,ACTIVE_START_DATE, INVENTORY_TYPE) VALUES (-1075,-1075,'乐事鸡汁番茄味薯片','40g', 3.5,CURRENT_TIMESTAMP, 'BASIC');
INSERT INTO BLC_SKU (SKU_ID,DEFAULT_PRODUCT_ID,NAME,LONG_DESCRIPTION,RETAIL_PRICE,ACTIVE_START_DATE, INVENTORY_TYPE) VALUES (-1074,-1074,'乐事墨西哥鸡汁番茄味薯片','40g', 3.5,CURRENT_TIMESTAMP, 'BASIC');
INSERT INTO BLC_SKU (SKU_ID,DEFAULT_PRODUCT_ID,NAME,LONG_DESCRIPTION,RETAIL_PRICE,ACTIVE_START_DATE, INVENTORY_TYPE) VALUES (-1073,-1073,'乐事德克萨斯烧烤味薯片','40g', 3.5,CURRENT_TIMESTAMP, 'BASIC');
INSERT INTO BLC_SKU (SKU_ID,DEFAULT_PRODUCT_ID,NAME,LONG_DESCRIPTION,RETAIL_PRICE,ACTIVE_START_DATE, INVENTORY_TYPE) VALUES (-1072,-1072,'乐事牛仔骨味薯片','40g', 3.5,CURRENT_TIMESTAMP, 'BASIC');
INSERT INTO BLC_SKU (SKU_ID,DEFAULT_PRODUCT_ID,NAME,LONG_DESCRIPTION,RETAIL_PRICE,ACTIVE_START_DATE, INVENTORY_TYPE) VALUES (-1071,-1071,'乐事原味薯片','40g', 3.5,CURRENT_TIMESTAMP, 'BASIC');
INSERT INTO BLC_SKU (SKU_ID,DEFAULT_PRODUCT_ID,NAME,LONG_DESCRIPTION,RETAIL_PRICE,ACTIVE_START_DATE, INVENTORY_TYPE) VALUES (-1070,-1070,'乐事秘制酸汤鱼味薯片','40g', 3.5,CURRENT_TIMESTAMP, 'BASIC');
INSERT INTO BLC_SKU (SKU_ID,DEFAULT_PRODUCT_ID,NAME,LONG_DESCRIPTION,RETAIL_PRICE,ACTIVE_START_DATE, INVENTORY_TYPE) VALUES (-1069,-1069,'双汇王中王火腿肠','35g', 1,CURRENT_TIMESTAMP, 'BASIC');
INSERT INTO BLC_SKU (SKU_ID,DEFAULT_PRODUCT_ID,NAME,LONG_DESCRIPTION,RETAIL_PRICE,ACTIVE_START_DATE, INVENTORY_TYPE) VALUES (-1068,-1068,'双汇香辣香脆肠','35g', 1.2,CURRENT_TIMESTAMP, 'BASIC');
INSERT INTO BLC_SKU (SKU_ID,DEFAULT_PRODUCT_ID,NAME,LONG_DESCRIPTION,RETAIL_PRICE,ACTIVE_START_DATE, INVENTORY_TYPE) VALUES (-1067,-1067,'双汇泡面搭档香肠','45g', 1.2,CURRENT_TIMESTAMP, 'BASIC');
INSERT INTO BLC_SKU (SKU_ID,DEFAULT_PRODUCT_ID,NAME,LONG_DESCRIPTION,RETAIL_PRICE,ACTIVE_START_DATE, INVENTORY_TYPE) VALUES (-1066,-1066,'双汇台式烤香肠(原味)','48g', 2.3,CURRENT_TIMESTAMP, 'BASIC');
INSERT INTO BLC_SKU (SKU_ID,DEFAULT_PRODUCT_ID,NAME,LONG_DESCRIPTION,RETAIL_PRICE,ACTIVE_START_DATE, INVENTORY_TYPE) VALUES (-1065,-1065,'双汇台式烤香肠（香辣味）','48g', 2.3,CURRENT_TIMESTAMP, 'BASIC');
INSERT INTO BLC_SKU (SKU_ID,DEFAULT_PRODUCT_ID,NAME,LONG_DESCRIPTION,RETAIL_PRICE,ACTIVE_START_DATE, INVENTORY_TYPE) VALUES (-1064,-1064,'双汇Q趣蘑菇风味香肠','95g', 2.4,CURRENT_TIMESTAMP, 'BASIC');
INSERT INTO BLC_SKU (SKU_ID,DEFAULT_PRODUCT_ID,NAME,LONG_DESCRIPTION,RETAIL_PRICE,ACTIVE_START_DATE, INVENTORY_TYPE) VALUES (-1063,-1063,'双汇Q趣香辣风味香肠','95g', 2.4,CURRENT_TIMESTAMP, 'BASIC');
INSERT INTO BLC_SKU (SKU_ID,DEFAULT_PRODUCT_ID,NAME,LONG_DESCRIPTION,RETAIL_PRICE,ACTIVE_START_DATE, INVENTORY_TYPE) VALUES (-1062,-1062,'华味亨冰糖杨梅','90g', 3.7,CURRENT_TIMESTAMP, 'BASIC');
INSERT INTO BLC_SKU (SKU_ID,DEFAULT_PRODUCT_ID,NAME,LONG_DESCRIPTION,RETAIL_PRICE,ACTIVE_START_DATE, INVENTORY_TYPE) VALUES (-1061,-1061,'华味亨新疆葡萄干','80g', 4,CURRENT_TIMESTAMP, 'BASIC');
INSERT INTO BLC_SKU (SKU_ID,DEFAULT_PRODUCT_ID,NAME,LONG_DESCRIPTION,RETAIL_PRICE,ACTIVE_START_DATE, INVENTORY_TYPE) VALUES (-1060,-1060,'华味亨吃不厌桃肉','80g', 3.7,CURRENT_TIMESTAMP, 'BASIC');
INSERT INTO BLC_SKU (SKU_ID,DEFAULT_PRODUCT_ID,NAME,LONG_DESCRIPTION,RETAIL_PRICE,ACTIVE_START_DATE, INVENTORY_TYPE) VALUES (-1059,-1059,'华味亨话梅条','85g', 3.7,CURRENT_TIMESTAMP, 'BASIC');
INSERT INTO BLC_SKU (SKU_ID,DEFAULT_PRODUCT_ID,NAME,LONG_DESCRIPTION,RETAIL_PRICE,ACTIVE_START_DATE, INVENTORY_TYPE) VALUES (-1058,-1058,'华味亨小姐梅','96g', 3.7,CURRENT_TIMESTAMP, 'BASIC');
INSERT INTO BLC_SKU (SKU_ID,DEFAULT_PRODUCT_ID,NAME,LONG_DESCRIPTION,RETAIL_PRICE,ACTIVE_START_DATE, INVENTORY_TYPE) VALUES (-1057,-1057,'华味亨盐津提子108g','96g', 3.7,CURRENT_TIMESTAMP, 'BASIC');
INSERT INTO BLC_SKU (SKU_ID,DEFAULT_PRODUCT_ID,NAME,LONG_DESCRIPTION,RETAIL_PRICE,ACTIVE_START_DATE, INVENTORY_TYPE) VALUES (-1056,-1056,'华味亨野乌梅','96g', 3.7,CURRENT_TIMESTAMP, 'BASIC');
INSERT INTO BLC_SKU (SKU_ID,DEFAULT_PRODUCT_ID,NAME,LONG_DESCRIPTION,RETAIL_PRICE,ACTIVE_START_DATE, INVENTORY_TYPE) VALUES (-1055,-1055,'华味亨吃不厌话梅','80g', 3.7,CURRENT_TIMESTAMP, 'BASIC');
INSERT INTO BLC_SKU (SKU_ID,DEFAULT_PRODUCT_ID,NAME,LONG_DESCRIPTION,RETAIL_PRICE,ACTIVE_START_DATE, INVENTORY_TYPE) VALUES (-1054,-1054,'华味亨九制杨梅','90g', 3.7,CURRENT_TIMESTAMP, 'BASIC');
INSERT INTO BLC_SKU (SKU_ID,DEFAULT_PRODUCT_ID,NAME,LONG_DESCRIPTION,RETAIL_PRICE,ACTIVE_START_DATE, INVENTORY_TYPE) VALUES (-1053,-1053,'森茂精品阿胶枣','252g', 3.5,CURRENT_TIMESTAMP, 'BASIC');
INSERT INTO BLC_SKU (SKU_ID,DEFAULT_PRODUCT_ID,NAME,LONG_DESCRIPTION,RETAIL_PRICE,ACTIVE_START_DATE, INVENTORY_TYPE) VALUES (-1052,-1052,'集味果阿胶枣','260g', 4,CURRENT_TIMESTAMP, 'BASIC');
INSERT INTO BLC_SKU (SKU_ID,DEFAULT_PRODUCT_ID,NAME,LONG_DESCRIPTION,RETAIL_PRICE,ACTIVE_START_DATE, INVENTORY_TYPE) VALUES (-1051,-1051,'阿尔卑斯棒棒糖高级牛奶味','10g', 0.5,CURRENT_TIMESTAMP, 'BASIC');
INSERT INTO BLC_SKU (SKU_ID,DEFAULT_PRODUCT_ID,NAME,LONG_DESCRIPTION,RETAIL_PRICE,ACTIVE_START_DATE, INVENTORY_TYPE) VALUES (-1050,-1050,'阿尔卑斯棒棒糖香橙牛奶味','10g', 0.5,CURRENT_TIMESTAMP, 'BASIC');
INSERT INTO BLC_SKU (SKU_ID,DEFAULT_PRODUCT_ID,NAME,LONG_DESCRIPTION,RETAIL_PRICE,ACTIVE_START_DATE, INVENTORY_TYPE) VALUES (-1049,-1049,'阿尔卑斯棒棒糖荔枝牛奶味','10g', 0.5,CURRENT_TIMESTAMP, 'BASIC');
INSERT INTO BLC_SKU (SKU_ID,DEFAULT_PRODUCT_ID,NAME,LONG_DESCRIPTION,RETAIL_PRICE,ACTIVE_START_DATE, INVENTORY_TYPE) VALUES (-1048,-1048,'阿尔卑斯棒棒糖草莓牛奶味','10g', 0.5,CURRENT_TIMESTAMP, 'BASIC');
INSERT INTO BLC_SKU (SKU_ID,DEFAULT_PRODUCT_ID,NAME,LONG_DESCRIPTION,RETAIL_PRICE,ACTIVE_START_DATE, INVENTORY_TYPE) VALUES (-1047,-1047,'阿尔卑斯棒棒糖香草可乐味','10g', 0.5,CURRENT_TIMESTAMP, 'BASIC');
INSERT INTO BLC_SKU (SKU_ID,DEFAULT_PRODUCT_ID,NAME,LONG_DESCRIPTION,RETAIL_PRICE,ACTIVE_START_DATE, INVENTORY_TYPE) VALUES (-1046,-1046,'荷氏（特强）薄荷糖','34g', 2,CURRENT_TIMESTAMP, 'BASIC');
INSERT INTO BLC_SKU (SKU_ID,DEFAULT_PRODUCT_ID,NAME,LONG_DESCRIPTION,RETAIL_PRICE,ACTIVE_START_DATE, INVENTORY_TYPE) VALUES (-1045,-1045,'荷氏（蓝莓口味）薄荷糖','34g', 2,CURRENT_TIMESTAMP, 'BASIC');
INSERT INTO BLC_SKU (SKU_ID,DEFAULT_PRODUCT_ID,NAME,LONG_DESCRIPTION,RETAIL_PRICE,ACTIVE_START_DATE, INVENTORY_TYPE) VALUES (-1044,-1044,'怡口莲（原味）','26.6g', 2,CURRENT_TIMESTAMP, 'BASIC');
INSERT INTO BLC_SKU (SKU_ID,DEFAULT_PRODUCT_ID,NAME,LONG_DESCRIPTION,RETAIL_PRICE,ACTIVE_START_DATE, INVENTORY_TYPE) VALUES (-1043,-1043,'旺仔QQ糖香橙味','23g', 1.5,CURRENT_TIMESTAMP, 'BASIC');
INSERT INTO BLC_SKU (SKU_ID,DEFAULT_PRODUCT_ID,NAME,LONG_DESCRIPTION,RETAIL_PRICE,ACTIVE_START_DATE, INVENTORY_TYPE) VALUES (-1042,-1042,'旺仔QQ糖蓝莓味','23g', 1.5,CURRENT_TIMESTAMP, 'BASIC');
INSERT INTO BLC_SKU (SKU_ID,DEFAULT_PRODUCT_ID,NAME,LONG_DESCRIPTION,RETAIL_PRICE,ACTIVE_START_DATE, INVENTORY_TYPE) VALUES (-1041,-1041,'旺仔QQ糖水蜜桃味','23g', 1.5,CURRENT_TIMESTAMP, 'BASIC');
INSERT INTO BLC_SKU (SKU_ID,DEFAULT_PRODUCT_ID,NAME,LONG_DESCRIPTION,RETAIL_PRICE,ACTIVE_START_DATE, INVENTORY_TYPE) VALUES (-1040,-1040,'旺仔QQ糖草莓味','23g', 1.5,CURRENT_TIMESTAMP, 'BASIC');
INSERT INTO BLC_SKU (SKU_ID,DEFAULT_PRODUCT_ID,NAME,LONG_DESCRIPTION,RETAIL_PRICE,ACTIVE_START_DATE, INVENTORY_TYPE) VALUES (-1039,-1039,'明怡香耳朵','50g', 1,CURRENT_TIMESTAMP, 'BASIC');
INSERT INTO BLC_SKU (SKU_ID,DEFAULT_PRODUCT_ID,NAME,LONG_DESCRIPTION,RETAIL_PRICE,ACTIVE_START_DATE, INVENTORY_TYPE) VALUES (-1038,-1038,'口水娃兰花豆酱汁牛肉味','60g', 2,CURRENT_TIMESTAMP, 'BASIC');
INSERT INTO BLC_SKU (SKU_ID,DEFAULT_PRODUCT_ID,NAME,LONG_DESCRIPTION,RETAIL_PRICE,ACTIVE_START_DATE, INVENTORY_TYPE) VALUES (-1037,-1037,'大好大奶油味香瓜子','138g', 4,CURRENT_TIMESTAMP, 'BASIC');
INSERT INTO BLC_SKU (SKU_ID,DEFAULT_PRODUCT_ID,NAME,LONG_DESCRIPTION,RETAIL_PRICE,ACTIVE_START_DATE, INVENTORY_TYPE) VALUES (-1036,-1036,'大好大奶油味香瓜子','60g', 2,CURRENT_TIMESTAMP, 'BASIC');
INSERT INTO BLC_SKU (SKU_ID,DEFAULT_PRODUCT_ID,NAME,LONG_DESCRIPTION,RETAIL_PRICE,ACTIVE_START_DATE, INVENTORY_TYPE) VALUES (-1035,-1035,'洽洽香瓜子（百煮入味）','65g', 2,CURRENT_TIMESTAMP, 'BASIC');
INSERT INTO BLC_SKU (SKU_ID,DEFAULT_PRODUCT_ID,NAME,LONG_DESCRIPTION,RETAIL_PRICE,ACTIVE_START_DATE, INVENTORY_TYPE) VALUES (-1034,-1034,'喜之郎果肉果冻200g(什锦)','200g', 4.2,CURRENT_TIMESTAMP, 'BASIC');
INSERT INTO BLC_SKU (SKU_ID,DEFAULT_PRODUCT_ID,NAME,LONG_DESCRIPTION,RETAIL_PRICE,ACTIVE_START_DATE, INVENTORY_TYPE) VALUES (-1033,-1033,'喜之郎果肉果冻200g(黄桃&蜜桃)','200g', 4.2,CURRENT_TIMESTAMP, 'BASIC');
INSERT INTO BLC_SKU (SKU_ID,DEFAULT_PRODUCT_ID,NAME,LONG_DESCRIPTION,RETAIL_PRICE,ACTIVE_START_DATE, INVENTORY_TYPE) VALUES (-1032,-1032,'喜之郎果冻（草莓味）','90g', 1.5,CURRENT_TIMESTAMP, 'BASIC');
INSERT INTO BLC_SKU (SKU_ID,DEFAULT_PRODUCT_ID,NAME,LONG_DESCRIPTION,RETAIL_PRICE,ACTIVE_START_DATE, INVENTORY_TYPE) VALUES (-1031,-1031,'喜之郎果冻（苹果味）','90g', 1.5,CURRENT_TIMESTAMP, 'BASIC');
INSERT INTO BLC_SKU (SKU_ID,DEFAULT_PRODUCT_ID,NAME,LONG_DESCRIPTION,RETAIL_PRICE,ACTIVE_START_DATE, INVENTORY_TYPE) VALUES (-1030,-1030,'喜之郎果冻（香橙味）','90g', 1.5,CURRENT_TIMESTAMP, 'BASIC');
INSERT INTO BLC_SKU (SKU_ID,DEFAULT_PRODUCT_ID,NAME,LONG_DESCRIPTION,RETAIL_PRICE,ACTIVE_START_DATE, INVENTORY_TYPE) VALUES (-1029,-1029,'喜之郎美好时光海苔原味','4.5g', 4,CURRENT_TIMESTAMP, 'BASIC');
INSERT INTO BLC_SKU (SKU_ID,DEFAULT_PRODUCT_ID,NAME,LONG_DESCRIPTION,RETAIL_PRICE,ACTIVE_START_DATE, INVENTORY_TYPE) VALUES (-1028,-1028,'老厨沙嗲牛肉','52g', 6.5,CURRENT_TIMESTAMP, 'BASIC');
INSERT INTO BLC_SKU (SKU_ID,DEFAULT_PRODUCT_ID,NAME,LONG_DESCRIPTION,RETAIL_PRICE,ACTIVE_START_DATE, INVENTORY_TYPE) VALUES (-1027,-1027,'老厨五香牛肉','52g', 6.5,CURRENT_TIMESTAMP, 'BASIC');
INSERT INTO BLC_SKU (SKU_ID,DEFAULT_PRODUCT_ID,NAME,LONG_DESCRIPTION,RETAIL_PRICE,ACTIVE_START_DATE, INVENTORY_TYPE) VALUES (-1026,-1026,'旺旺小馒头','16g', 1,CURRENT_TIMESTAMP, 'BASIC');
INSERT INTO BLC_SKU (SKU_ID,DEFAULT_PRODUCT_ID,NAME,LONG_DESCRIPTION,RETAIL_PRICE,ACTIVE_START_DATE, INVENTORY_TYPE) VALUES (-1025,-1025,'香QQ蒜香青豆','80g', 2,CURRENT_TIMESTAMP, 'BASIC');
INSERT INTO BLC_SKU (SKU_ID,DEFAULT_PRODUCT_ID,NAME,LONG_DESCRIPTION,RETAIL_PRICE,ACTIVE_START_DATE, INVENTORY_TYPE) VALUES (-1024,-1024,'世丰煎豆','45g', 1,CURRENT_TIMESTAMP, 'BASIC');
INSERT INTO BLC_SKU (SKU_ID,DEFAULT_PRODUCT_ID,NAME,LONG_DESCRIPTION,RETAIL_PRICE,ACTIVE_START_DATE, INVENTORY_TYPE) VALUES (-1023,-1023,'惠盈鱿鱼丝','52g', 5,CURRENT_TIMESTAMP, 'BASIC');
INSERT INTO BLC_SKU (SKU_ID,DEFAULT_PRODUCT_ID,NAME,LONG_DESCRIPTION,RETAIL_PRICE,ACTIVE_START_DATE, INVENTORY_TYPE) VALUES (-1022,-1022,'伊利牛奶片草莓味（板）','16g', 1.5,CURRENT_TIMESTAMP, 'BASIC');
INSERT INTO BLC_SKU (SKU_ID,DEFAULT_PRODUCT_ID,NAME,LONG_DESCRIPTION,RETAIL_PRICE,ACTIVE_START_DATE, INVENTORY_TYPE) VALUES (-1021,-1021,'伊利牛奶片原味（板）','16g', 1.5,CURRENT_TIMESTAMP, 'BASIC');
INSERT INTO BLC_SKU (SKU_ID,DEFAULT_PRODUCT_ID,NAME,LONG_DESCRIPTION,RETAIL_PRICE,ACTIVE_START_DATE, INVENTORY_TYPE) VALUES (-1020,-1020,'伊利牛奶片巧克力（板）','16g', 1.5,CURRENT_TIMESTAMP, 'BASIC');
INSERT INTO BLC_SKU (SKU_ID,DEFAULT_PRODUCT_ID,NAME,LONG_DESCRIPTION,RETAIL_PRICE,ACTIVE_START_DATE, INVENTORY_TYPE) VALUES (-1019,-1019,'老奶奶花生米五香味','140g', 3.5,CURRENT_TIMESTAMP, 'BASIC');
INSERT INTO BLC_SKU (SKU_ID,DEFAULT_PRODUCT_ID,NAME,LONG_DESCRIPTION,RETAIL_PRICE,ACTIVE_START_DATE, INVENTORY_TYPE) VALUES (-1018,-1018,'老奶奶花生米油炸味','140g', 3.5,CURRENT_TIMESTAMP, 'BASIC');
INSERT INTO BLC_SKU (SKU_ID,DEFAULT_PRODUCT_ID,NAME,LONG_DESCRIPTION,RETAIL_PRICE,ACTIVE_START_DATE, INVENTORY_TYPE) VALUES (-1017,-1017,'金鲤桥开心果香辣味','50g', 5.5,CURRENT_TIMESTAMP, 'BASIC');
INSERT INTO BLC_SKU (SKU_ID,DEFAULT_PRODUCT_ID,NAME,LONG_DESCRIPTION,RETAIL_PRICE,ACTIVE_START_DATE, INVENTORY_TYPE) VALUES (-1016,-1016,'雅利辉黄金蟹钳','26g', 0.5,CURRENT_TIMESTAMP, 'BASIC');
INSERT INTO BLC_SKU (SKU_ID,DEFAULT_PRODUCT_ID,NAME,LONG_DESCRIPTION,RETAIL_PRICE,ACTIVE_START_DATE, INVENTORY_TYPE) VALUES (-1015,-1015,'洽洽香瓜子（百煮入味）','110g', 3.5,CURRENT_TIMESTAMP, 'BASIC');
INSERT INTO BLC_SKU (SKU_ID,DEFAULT_PRODUCT_ID,NAME,LONG_DESCRIPTION,RETAIL_PRICE,ACTIVE_START_DATE, INVENTORY_TYPE) VALUES (-1014,-1014,'成心开心豆','90g', 2,CURRENT_TIMESTAMP, 'BASIC');
INSERT INTO BLC_SKU (SKU_ID,DEFAULT_PRODUCT_ID,NAME,LONG_DESCRIPTION,RETAIL_PRICE,ACTIVE_START_DATE, INVENTORY_TYPE) VALUES (-1013,-1013,'华芳果丹皮','60g', 1,CURRENT_TIMESTAMP, 'BASIC');
INSERT INTO BLC_SKU (SKU_ID,DEFAULT_PRODUCT_ID,NAME,LONG_DESCRIPTION,RETAIL_PRICE,ACTIVE_START_DATE, INVENTORY_TYPE) VALUES (-1012,-1012,'华芳山楂棒','60g', 1,CURRENT_TIMESTAMP, 'BASIC');
INSERT INTO BLC_SKU (SKU_ID,DEFAULT_PRODUCT_ID,NAME,LONG_DESCRIPTION,RETAIL_PRICE,ACTIVE_START_DATE, INVENTORY_TYPE) VALUES (-1011,-1011,'小王子麦烧咸味','150g', 2.6,CURRENT_TIMESTAMP, 'BASIC');
INSERT INTO BLC_SKU (SKU_ID,DEFAULT_PRODUCT_ID,NAME,LONG_DESCRIPTION,RETAIL_PRICE,ACTIVE_START_DATE, INVENTORY_TYPE) VALUES (-1010,-1010,'小王子麦烧葱油味','150g', 2.6,CURRENT_TIMESTAMP, 'BASIC');
INSERT INTO BLC_SKU (SKU_ID,DEFAULT_PRODUCT_ID,NAME,LONG_DESCRIPTION,RETAIL_PRICE,ACTIVE_START_DATE, INVENTORY_TYPE) VALUES (-1009,-1009,'小王子麦烧麻香味','150g', 2.6,CURRENT_TIMESTAMP, 'BASIC');
INSERT INTO BLC_SKU (SKU_ID,DEFAULT_PRODUCT_ID,NAME,LONG_DESCRIPTION,RETAIL_PRICE,ACTIVE_START_DATE, INVENTORY_TYPE) VALUES (-1008,-1008,'食滋源客家小年糕（香芋味）','200g', 6,CURRENT_TIMESTAMP, 'BASIC');
INSERT INTO BLC_SKU (SKU_ID,DEFAULT_PRODUCT_ID,NAME,LONG_DESCRIPTION,RETAIL_PRICE,ACTIVE_START_DATE, INVENTORY_TYPE) VALUES (-1007,-1007,'绿箭口香糖5片装(柠檬草薄荷味)','15g', 1.5,CURRENT_TIMESTAMP, 'BASIC');
INSERT INTO BLC_SKU (SKU_ID,DEFAULT_PRODUCT_ID,NAME,LONG_DESCRIPTION,RETAIL_PRICE,ACTIVE_START_DATE, INVENTORY_TYPE) VALUES (-1006,-1006,'炫迈（薄荷无糖口香糖','10.8g', 3,CURRENT_TIMESTAMP, 'BASIC');
INSERT INTO BLC_SKU (SKU_ID,DEFAULT_PRODUCT_ID,NAME,LONG_DESCRIPTION,RETAIL_PRICE,ACTIVE_START_DATE, INVENTORY_TYPE) VALUES (-1005,-1005,'炫迈(水蜜桃西瓜味)无糖口香糖','10.8g', 3,CURRENT_TIMESTAMP, 'BASIC');
INSERT INTO BLC_SKU (SKU_ID,DEFAULT_PRODUCT_ID,NAME,LONG_DESCRIPTION,RETAIL_PRICE,ACTIVE_START_DATE, INVENTORY_TYPE) VALUES (-1004,-1004,'益达洁白无糖口香糖56g(香橙薄荷味)','56g', 11,CURRENT_TIMESTAMP, 'BASIC');
INSERT INTO BLC_SKU (SKU_ID,DEFAULT_PRODUCT_ID,NAME,LONG_DESCRIPTION,RETAIL_PRICE,ACTIVE_START_DATE, INVENTORY_TYPE) VALUES (-1003,-1003,'益达无糖口香糖（冰凉薄荷味）','56g', 11,CURRENT_TIMESTAMP, 'BASIC');
INSERT INTO BLC_SKU (SKU_ID,DEFAULT_PRODUCT_ID,NAME,LONG_DESCRIPTION,RETAIL_PRICE,ACTIVE_START_DATE, INVENTORY_TYPE) VALUES (-1002,-1002,'益达木糖醇蜜瓜味56g','56g', 11,CURRENT_TIMESTAMP, 'BASIC');
INSERT INTO BLC_SKU (SKU_ID,DEFAULT_PRODUCT_ID,NAME,LONG_DESCRIPTION,RETAIL_PRICE,ACTIVE_START_DATE, INVENTORY_TYPE) VALUES (-1001,-1001,'雪花啤酒(淡爽）','330ml', 2.5,CURRENT_TIMESTAMP, 'BASIC');
INSERT INTO BLC_SKU (SKU_ID,DEFAULT_PRODUCT_ID,NAME,LONG_DESCRIPTION,RETAIL_PRICE,ACTIVE_START_DATE, INVENTORY_TYPE) VALUES (-1000,-1000,'纯生啤酒','320ml', 1.8,CURRENT_TIMESTAMP, 'BASIC');










INSERT INTO BLC_CATEGORY_PRODUCT_XREF (PRODUCT_ID, CATEGORY_ID, DISPLAY_ORDER) VALUES (-1232,1501,1);
INSERT INTO BLC_CATEGORY_PRODUCT_XREF (PRODUCT_ID, CATEGORY_ID, DISPLAY_ORDER) VALUES (-1231,1501,1);
INSERT INTO BLC_CATEGORY_PRODUCT_XREF (PRODUCT_ID, CATEGORY_ID, DISPLAY_ORDER) VALUES (-1230,1501,1);
INSERT INTO BLC_CATEGORY_PRODUCT_XREF (PRODUCT_ID, CATEGORY_ID, DISPLAY_ORDER) VALUES (-1229,1501,1);
INSERT INTO BLC_CATEGORY_PRODUCT_XREF (PRODUCT_ID, CATEGORY_ID, DISPLAY_ORDER) VALUES (-1228,1501,1);
INSERT INTO BLC_CATEGORY_PRODUCT_XREF (PRODUCT_ID, CATEGORY_ID, DISPLAY_ORDER) VALUES (-1227,1501,1);
INSERT INTO BLC_CATEGORY_PRODUCT_XREF (PRODUCT_ID, CATEGORY_ID, DISPLAY_ORDER) VALUES (-1226,1501,1);
INSERT INTO BLC_CATEGORY_PRODUCT_XREF (PRODUCT_ID, CATEGORY_ID, DISPLAY_ORDER) VALUES (-1225,1501,1);
INSERT INTO BLC_CATEGORY_PRODUCT_XREF (PRODUCT_ID, CATEGORY_ID, DISPLAY_ORDER) VALUES (-1224,1501,1);
INSERT INTO BLC_CATEGORY_PRODUCT_XREF (PRODUCT_ID, CATEGORY_ID, DISPLAY_ORDER) VALUES (-1223,1501,1);
INSERT INTO BLC_CATEGORY_PRODUCT_XREF (PRODUCT_ID, CATEGORY_ID, DISPLAY_ORDER) VALUES (-1222,1501,1);
INSERT INTO BLC_CATEGORY_PRODUCT_XREF (PRODUCT_ID, CATEGORY_ID, DISPLAY_ORDER) VALUES (-1221,1501,1);
INSERT INTO BLC_CATEGORY_PRODUCT_XREF (PRODUCT_ID, CATEGORY_ID, DISPLAY_ORDER) VALUES (-1220,1501,1);
INSERT INTO BLC_CATEGORY_PRODUCT_XREF (PRODUCT_ID, CATEGORY_ID, DISPLAY_ORDER) VALUES (-1219,1501,1);
INSERT INTO BLC_CATEGORY_PRODUCT_XREF (PRODUCT_ID, CATEGORY_ID, DISPLAY_ORDER) VALUES (-1218,1501,1);
INSERT INTO BLC_CATEGORY_PRODUCT_XREF (PRODUCT_ID, CATEGORY_ID, DISPLAY_ORDER) VALUES (-1217,1501,1);
INSERT INTO BLC_CATEGORY_PRODUCT_XREF (PRODUCT_ID, CATEGORY_ID, DISPLAY_ORDER) VALUES (-1216,1501,1);
INSERT INTO BLC_CATEGORY_PRODUCT_XREF (PRODUCT_ID, CATEGORY_ID, DISPLAY_ORDER) VALUES (-1215,1501,1);
INSERT INTO BLC_CATEGORY_PRODUCT_XREF (PRODUCT_ID, CATEGORY_ID, DISPLAY_ORDER) VALUES (-1214,1501,1);
INSERT INTO BLC_CATEGORY_PRODUCT_XREF (PRODUCT_ID, CATEGORY_ID, DISPLAY_ORDER) VALUES (-1213,1501,1);
INSERT INTO BLC_CATEGORY_PRODUCT_XREF (PRODUCT_ID, CATEGORY_ID, DISPLAY_ORDER) VALUES (-1212,1501,1);
INSERT INTO BLC_CATEGORY_PRODUCT_XREF (PRODUCT_ID, CATEGORY_ID, DISPLAY_ORDER) VALUES (-1211,1501,1);
INSERT INTO BLC_CATEGORY_PRODUCT_XREF (PRODUCT_ID, CATEGORY_ID, DISPLAY_ORDER) VALUES (-1210,1501,1);
INSERT INTO BLC_CATEGORY_PRODUCT_XREF (PRODUCT_ID, CATEGORY_ID, DISPLAY_ORDER) VALUES (-1209,1501,1);
INSERT INTO BLC_CATEGORY_PRODUCT_XREF (PRODUCT_ID, CATEGORY_ID, DISPLAY_ORDER) VALUES (-1208,1501,1);
INSERT INTO BLC_CATEGORY_PRODUCT_XREF (PRODUCT_ID, CATEGORY_ID, DISPLAY_ORDER) VALUES (-1207,1501,1);
INSERT INTO BLC_CATEGORY_PRODUCT_XREF (PRODUCT_ID, CATEGORY_ID, DISPLAY_ORDER) VALUES (-1206,1501,1);
INSERT INTO BLC_CATEGORY_PRODUCT_XREF (PRODUCT_ID, CATEGORY_ID, DISPLAY_ORDER) VALUES (-1205,1501,1);
INSERT INTO BLC_CATEGORY_PRODUCT_XREF (PRODUCT_ID, CATEGORY_ID, DISPLAY_ORDER) VALUES (-1204,1501,1);
INSERT INTO BLC_CATEGORY_PRODUCT_XREF (PRODUCT_ID, CATEGORY_ID, DISPLAY_ORDER) VALUES (-1203,1501,1);
INSERT INTO BLC_CATEGORY_PRODUCT_XREF (PRODUCT_ID, CATEGORY_ID, DISPLAY_ORDER) VALUES (-1202,1501,1);
INSERT INTO BLC_CATEGORY_PRODUCT_XREF (PRODUCT_ID, CATEGORY_ID, DISPLAY_ORDER) VALUES (-1201,1501,1);
INSERT INTO BLC_CATEGORY_PRODUCT_XREF (PRODUCT_ID, CATEGORY_ID, DISPLAY_ORDER) VALUES (-1200,1501,1);
INSERT INTO BLC_CATEGORY_PRODUCT_XREF (PRODUCT_ID, CATEGORY_ID, DISPLAY_ORDER) VALUES (-1199,1501,1);
INSERT INTO BLC_CATEGORY_PRODUCT_XREF (PRODUCT_ID, CATEGORY_ID, DISPLAY_ORDER) VALUES (-1198,1501,1);
INSERT INTO BLC_CATEGORY_PRODUCT_XREF (PRODUCT_ID, CATEGORY_ID, DISPLAY_ORDER) VALUES (-1197,1501,1);
INSERT INTO BLC_CATEGORY_PRODUCT_XREF (PRODUCT_ID, CATEGORY_ID, DISPLAY_ORDER) VALUES (-1196,1501,1);
INSERT INTO BLC_CATEGORY_PRODUCT_XREF (PRODUCT_ID, CATEGORY_ID, DISPLAY_ORDER) VALUES (-1195,1501,1);
INSERT INTO BLC_CATEGORY_PRODUCT_XREF (PRODUCT_ID, CATEGORY_ID, DISPLAY_ORDER) VALUES (-1194,1501,1);
INSERT INTO BLC_CATEGORY_PRODUCT_XREF (PRODUCT_ID, CATEGORY_ID, DISPLAY_ORDER) VALUES (-1193,1501,1);
INSERT INTO BLC_CATEGORY_PRODUCT_XREF (PRODUCT_ID, CATEGORY_ID, DISPLAY_ORDER) VALUES (-1192,1501,1);
INSERT INTO BLC_CATEGORY_PRODUCT_XREF (PRODUCT_ID, CATEGORY_ID, DISPLAY_ORDER) VALUES (-1191,1501,1);
INSERT INTO BLC_CATEGORY_PRODUCT_XREF (PRODUCT_ID, CATEGORY_ID, DISPLAY_ORDER) VALUES (-1190,1501,1);
INSERT INTO BLC_CATEGORY_PRODUCT_XREF (PRODUCT_ID, CATEGORY_ID, DISPLAY_ORDER) VALUES (-1189,1501,1);
INSERT INTO BLC_CATEGORY_PRODUCT_XREF (PRODUCT_ID, CATEGORY_ID, DISPLAY_ORDER) VALUES (-1188,1502,1);
INSERT INTO BLC_CATEGORY_PRODUCT_XREF (PRODUCT_ID, CATEGORY_ID, DISPLAY_ORDER) VALUES (-1187,1503,1);
INSERT INTO BLC_CATEGORY_PRODUCT_XREF (PRODUCT_ID, CATEGORY_ID, DISPLAY_ORDER) VALUES (-1186,1503,1);
INSERT INTO BLC_CATEGORY_PRODUCT_XREF (PRODUCT_ID, CATEGORY_ID, DISPLAY_ORDER) VALUES (-1185,1501,1);
INSERT INTO BLC_CATEGORY_PRODUCT_XREF (PRODUCT_ID, CATEGORY_ID, DISPLAY_ORDER) VALUES (-1184,1501,1);
INSERT INTO BLC_CATEGORY_PRODUCT_XREF (PRODUCT_ID, CATEGORY_ID, DISPLAY_ORDER) VALUES (-1183,1501,1);
INSERT INTO BLC_CATEGORY_PRODUCT_XREF (PRODUCT_ID, CATEGORY_ID, DISPLAY_ORDER) VALUES (-1182,1501,1);
INSERT INTO BLC_CATEGORY_PRODUCT_XREF (PRODUCT_ID, CATEGORY_ID, DISPLAY_ORDER) VALUES (-1181,1501,1);
INSERT INTO BLC_CATEGORY_PRODUCT_XREF (PRODUCT_ID, CATEGORY_ID, DISPLAY_ORDER) VALUES (-1180,1501,1);
INSERT INTO BLC_CATEGORY_PRODUCT_XREF (PRODUCT_ID, CATEGORY_ID, DISPLAY_ORDER) VALUES (-1179,1501,1);
INSERT INTO BLC_CATEGORY_PRODUCT_XREF (PRODUCT_ID, CATEGORY_ID, DISPLAY_ORDER) VALUES (-1178,1501,1);
INSERT INTO BLC_CATEGORY_PRODUCT_XREF (PRODUCT_ID, CATEGORY_ID, DISPLAY_ORDER) VALUES (-1177,1501,1);
INSERT INTO BLC_CATEGORY_PRODUCT_XREF (PRODUCT_ID, CATEGORY_ID, DISPLAY_ORDER) VALUES (-1176,1501,1);
INSERT INTO BLC_CATEGORY_PRODUCT_XREF (PRODUCT_ID, CATEGORY_ID, DISPLAY_ORDER) VALUES (-1175,1501,1);
INSERT INTO BLC_CATEGORY_PRODUCT_XREF (PRODUCT_ID, CATEGORY_ID, DISPLAY_ORDER) VALUES (-1174,1501,1);
INSERT INTO BLC_CATEGORY_PRODUCT_XREF (PRODUCT_ID, CATEGORY_ID, DISPLAY_ORDER) VALUES (-1173,1501,1);
INSERT INTO BLC_CATEGORY_PRODUCT_XREF (PRODUCT_ID, CATEGORY_ID, DISPLAY_ORDER) VALUES (-1172,1501,1);
INSERT INTO BLC_CATEGORY_PRODUCT_XREF (PRODUCT_ID, CATEGORY_ID, DISPLAY_ORDER) VALUES (-1171,1501,1);
INSERT INTO BLC_CATEGORY_PRODUCT_XREF (PRODUCT_ID, CATEGORY_ID, DISPLAY_ORDER) VALUES (-1170,1501,1);
INSERT INTO BLC_CATEGORY_PRODUCT_XREF (PRODUCT_ID, CATEGORY_ID, DISPLAY_ORDER) VALUES (-1169,1501,1);
INSERT INTO BLC_CATEGORY_PRODUCT_XREF (PRODUCT_ID, CATEGORY_ID, DISPLAY_ORDER) VALUES (-1168,1501,1);
INSERT INTO BLC_CATEGORY_PRODUCT_XREF (PRODUCT_ID, CATEGORY_ID, DISPLAY_ORDER) VALUES (-1167,1501,1);
INSERT INTO BLC_CATEGORY_PRODUCT_XREF (PRODUCT_ID, CATEGORY_ID, DISPLAY_ORDER) VALUES (-1166,1501,1);
INSERT INTO BLC_CATEGORY_PRODUCT_XREF (PRODUCT_ID, CATEGORY_ID, DISPLAY_ORDER) VALUES (-1165,1501,1);
INSERT INTO BLC_CATEGORY_PRODUCT_XREF (PRODUCT_ID, CATEGORY_ID, DISPLAY_ORDER) VALUES (-1164,1502,1);
INSERT INTO BLC_CATEGORY_PRODUCT_XREF (PRODUCT_ID, CATEGORY_ID, DISPLAY_ORDER) VALUES (-1163,1502,1);
INSERT INTO BLC_CATEGORY_PRODUCT_XREF (PRODUCT_ID, CATEGORY_ID, DISPLAY_ORDER) VALUES (-1162,1502,1);
INSERT INTO BLC_CATEGORY_PRODUCT_XREF (PRODUCT_ID, CATEGORY_ID, DISPLAY_ORDER) VALUES (-1161,1502,1);
INSERT INTO BLC_CATEGORY_PRODUCT_XREF (PRODUCT_ID, CATEGORY_ID, DISPLAY_ORDER) VALUES (-1160,1502,1);
INSERT INTO BLC_CATEGORY_PRODUCT_XREF (PRODUCT_ID, CATEGORY_ID, DISPLAY_ORDER) VALUES (-1159,1502,1);
INSERT INTO BLC_CATEGORY_PRODUCT_XREF (PRODUCT_ID, CATEGORY_ID, DISPLAY_ORDER) VALUES (-1158,1502,1);
INSERT INTO BLC_CATEGORY_PRODUCT_XREF (PRODUCT_ID, CATEGORY_ID, DISPLAY_ORDER) VALUES (-1157,1502,1);
INSERT INTO BLC_CATEGORY_PRODUCT_XREF (PRODUCT_ID, CATEGORY_ID, DISPLAY_ORDER) VALUES (-1156,1502,1);
INSERT INTO BLC_CATEGORY_PRODUCT_XREF (PRODUCT_ID, CATEGORY_ID, DISPLAY_ORDER) VALUES (-1155,1502,1);
INSERT INTO BLC_CATEGORY_PRODUCT_XREF (PRODUCT_ID, CATEGORY_ID, DISPLAY_ORDER) VALUES (-1154,1502,1);
INSERT INTO BLC_CATEGORY_PRODUCT_XREF (PRODUCT_ID, CATEGORY_ID, DISPLAY_ORDER) VALUES (-1153,1502,1);
INSERT INTO BLC_CATEGORY_PRODUCT_XREF (PRODUCT_ID, CATEGORY_ID, DISPLAY_ORDER) VALUES (-1152,1502,1);
INSERT INTO BLC_CATEGORY_PRODUCT_XREF (PRODUCT_ID, CATEGORY_ID, DISPLAY_ORDER) VALUES (-1151,1502,1);
INSERT INTO BLC_CATEGORY_PRODUCT_XREF (PRODUCT_ID, CATEGORY_ID, DISPLAY_ORDER) VALUES (-1150,1502,1);
INSERT INTO BLC_CATEGORY_PRODUCT_XREF (PRODUCT_ID, CATEGORY_ID, DISPLAY_ORDER) VALUES (-1149,1502,1);
INSERT INTO BLC_CATEGORY_PRODUCT_XREF (PRODUCT_ID, CATEGORY_ID, DISPLAY_ORDER) VALUES (-1148,1502,1);
INSERT INTO BLC_CATEGORY_PRODUCT_XREF (PRODUCT_ID, CATEGORY_ID, DISPLAY_ORDER) VALUES (-1147,1502,1);
INSERT INTO BLC_CATEGORY_PRODUCT_XREF (PRODUCT_ID, CATEGORY_ID, DISPLAY_ORDER) VALUES (-1146,1502,1);
INSERT INTO BLC_CATEGORY_PRODUCT_XREF (PRODUCT_ID, CATEGORY_ID, DISPLAY_ORDER) VALUES (-1145,1502,1);
INSERT INTO BLC_CATEGORY_PRODUCT_XREF (PRODUCT_ID, CATEGORY_ID, DISPLAY_ORDER) VALUES (-1144,1502,1);
INSERT INTO BLC_CATEGORY_PRODUCT_XREF (PRODUCT_ID, CATEGORY_ID, DISPLAY_ORDER) VALUES (-1143,1502,1);
INSERT INTO BLC_CATEGORY_PRODUCT_XREF (PRODUCT_ID, CATEGORY_ID, DISPLAY_ORDER) VALUES (-1142,1502,1);
INSERT INTO BLC_CATEGORY_PRODUCT_XREF (PRODUCT_ID, CATEGORY_ID, DISPLAY_ORDER) VALUES (-1141,1502,1);
INSERT INTO BLC_CATEGORY_PRODUCT_XREF (PRODUCT_ID, CATEGORY_ID, DISPLAY_ORDER) VALUES (-1140,1503,1);
INSERT INTO BLC_CATEGORY_PRODUCT_XREF (PRODUCT_ID, CATEGORY_ID, DISPLAY_ORDER) VALUES (-1139,1503,1);
INSERT INTO BLC_CATEGORY_PRODUCT_XREF (PRODUCT_ID, CATEGORY_ID, DISPLAY_ORDER) VALUES (-1138,1503,1);
INSERT INTO BLC_CATEGORY_PRODUCT_XREF (PRODUCT_ID, CATEGORY_ID, DISPLAY_ORDER) VALUES (-1137,1503,1);
INSERT INTO BLC_CATEGORY_PRODUCT_XREF (PRODUCT_ID, CATEGORY_ID, DISPLAY_ORDER) VALUES (-1136,1503,1);
INSERT INTO BLC_CATEGORY_PRODUCT_XREF (PRODUCT_ID, CATEGORY_ID, DISPLAY_ORDER) VALUES (-1135,1503,1);
INSERT INTO BLC_CATEGORY_PRODUCT_XREF (PRODUCT_ID, CATEGORY_ID, DISPLAY_ORDER) VALUES (-1134,1503,1);
INSERT INTO BLC_CATEGORY_PRODUCT_XREF (PRODUCT_ID, CATEGORY_ID, DISPLAY_ORDER) VALUES (-1133,1503,1);
INSERT INTO BLC_CATEGORY_PRODUCT_XREF (PRODUCT_ID, CATEGORY_ID, DISPLAY_ORDER) VALUES (-1132,1502,1);
INSERT INTO BLC_CATEGORY_PRODUCT_XREF (PRODUCT_ID, CATEGORY_ID, DISPLAY_ORDER) VALUES (-1131,1502,1);
INSERT INTO BLC_CATEGORY_PRODUCT_XREF (PRODUCT_ID, CATEGORY_ID, DISPLAY_ORDER) VALUES (-1130,1502,1);
INSERT INTO BLC_CATEGORY_PRODUCT_XREF (PRODUCT_ID, CATEGORY_ID, DISPLAY_ORDER) VALUES (-1129,1502,1);
INSERT INTO BLC_CATEGORY_PRODUCT_XREF (PRODUCT_ID, CATEGORY_ID, DISPLAY_ORDER) VALUES (-1128,1502,1);
INSERT INTO BLC_CATEGORY_PRODUCT_XREF (PRODUCT_ID, CATEGORY_ID, DISPLAY_ORDER) VALUES (-1127,1502,1);
INSERT INTO BLC_CATEGORY_PRODUCT_XREF (PRODUCT_ID, CATEGORY_ID, DISPLAY_ORDER) VALUES (-1126,1502,1);
INSERT INTO BLC_CATEGORY_PRODUCT_XREF (PRODUCT_ID, CATEGORY_ID, DISPLAY_ORDER) VALUES (-1125,1502,1);
INSERT INTO BLC_CATEGORY_PRODUCT_XREF (PRODUCT_ID, CATEGORY_ID, DISPLAY_ORDER) VALUES (-1124,1502,1);
INSERT INTO BLC_CATEGORY_PRODUCT_XREF (PRODUCT_ID, CATEGORY_ID, DISPLAY_ORDER) VALUES (-1123,1502,1);
INSERT INTO BLC_CATEGORY_PRODUCT_XREF (PRODUCT_ID, CATEGORY_ID, DISPLAY_ORDER) VALUES (-1122,1502,1);
INSERT INTO BLC_CATEGORY_PRODUCT_XREF (PRODUCT_ID, CATEGORY_ID, DISPLAY_ORDER) VALUES (-1121,1502,1);
INSERT INTO BLC_CATEGORY_PRODUCT_XREF (PRODUCT_ID, CATEGORY_ID, DISPLAY_ORDER) VALUES (-1120,1502,1);
INSERT INTO BLC_CATEGORY_PRODUCT_XREF (PRODUCT_ID, CATEGORY_ID, DISPLAY_ORDER) VALUES (-1119,1502,1);
INSERT INTO BLC_CATEGORY_PRODUCT_XREF (PRODUCT_ID, CATEGORY_ID, DISPLAY_ORDER) VALUES (-1118,1502,1);
INSERT INTO BLC_CATEGORY_PRODUCT_XREF (PRODUCT_ID, CATEGORY_ID, DISPLAY_ORDER) VALUES (-1117,1502,1);
INSERT INTO BLC_CATEGORY_PRODUCT_XREF (PRODUCT_ID, CATEGORY_ID, DISPLAY_ORDER) VALUES (-1116,1502,1);
INSERT INTO BLC_CATEGORY_PRODUCT_XREF (PRODUCT_ID, CATEGORY_ID, DISPLAY_ORDER) VALUES (-1115,1502,1);
INSERT INTO BLC_CATEGORY_PRODUCT_XREF (PRODUCT_ID, CATEGORY_ID, DISPLAY_ORDER) VALUES (-1114,1502,1);
INSERT INTO BLC_CATEGORY_PRODUCT_XREF (PRODUCT_ID, CATEGORY_ID, DISPLAY_ORDER) VALUES (-1113,1502,1);
INSERT INTO BLC_CATEGORY_PRODUCT_XREF (PRODUCT_ID, CATEGORY_ID, DISPLAY_ORDER) VALUES (-1112,1502,1);
INSERT INTO BLC_CATEGORY_PRODUCT_XREF (PRODUCT_ID, CATEGORY_ID, DISPLAY_ORDER) VALUES (-1111,1502,1);
INSERT INTO BLC_CATEGORY_PRODUCT_XREF (PRODUCT_ID, CATEGORY_ID, DISPLAY_ORDER) VALUES (-1110,1502,1);
INSERT INTO BLC_CATEGORY_PRODUCT_XREF (PRODUCT_ID, CATEGORY_ID, DISPLAY_ORDER) VALUES (-1109,1502,1);
INSERT INTO BLC_CATEGORY_PRODUCT_XREF (PRODUCT_ID, CATEGORY_ID, DISPLAY_ORDER) VALUES (-1108,1502,1);
INSERT INTO BLC_CATEGORY_PRODUCT_XREF (PRODUCT_ID, CATEGORY_ID, DISPLAY_ORDER) VALUES (-1107,1502,1);
INSERT INTO BLC_CATEGORY_PRODUCT_XREF (PRODUCT_ID, CATEGORY_ID, DISPLAY_ORDER) VALUES (-1106,1502,1);
INSERT INTO BLC_CATEGORY_PRODUCT_XREF (PRODUCT_ID, CATEGORY_ID, DISPLAY_ORDER) VALUES (-1105,1502,1);
INSERT INTO BLC_CATEGORY_PRODUCT_XREF (PRODUCT_ID, CATEGORY_ID, DISPLAY_ORDER) VALUES (-1104,1502,1);
INSERT INTO BLC_CATEGORY_PRODUCT_XREF (PRODUCT_ID, CATEGORY_ID, DISPLAY_ORDER) VALUES (-1103,1502,1);
INSERT INTO BLC_CATEGORY_PRODUCT_XREF (PRODUCT_ID, CATEGORY_ID, DISPLAY_ORDER) VALUES (-1102,1502,1);
INSERT INTO BLC_CATEGORY_PRODUCT_XREF (PRODUCT_ID, CATEGORY_ID, DISPLAY_ORDER) VALUES (-1101,1502,1);
INSERT INTO BLC_CATEGORY_PRODUCT_XREF (PRODUCT_ID, CATEGORY_ID, DISPLAY_ORDER) VALUES (-1100,1502,1);
INSERT INTO BLC_CATEGORY_PRODUCT_XREF (PRODUCT_ID, CATEGORY_ID, DISPLAY_ORDER) VALUES (-1099,1502,1);
INSERT INTO BLC_CATEGORY_PRODUCT_XREF (PRODUCT_ID, CATEGORY_ID, DISPLAY_ORDER) VALUES (-1098,1502,1);
INSERT INTO BLC_CATEGORY_PRODUCT_XREF (PRODUCT_ID, CATEGORY_ID, DISPLAY_ORDER) VALUES (-1097,1505,1);
INSERT INTO BLC_CATEGORY_PRODUCT_XREF (PRODUCT_ID, CATEGORY_ID, DISPLAY_ORDER) VALUES (-1096,1505,1);
INSERT INTO BLC_CATEGORY_PRODUCT_XREF (PRODUCT_ID, CATEGORY_ID, DISPLAY_ORDER) VALUES (-1095,1505,1);
INSERT INTO BLC_CATEGORY_PRODUCT_XREF (PRODUCT_ID, CATEGORY_ID, DISPLAY_ORDER) VALUES (-1094,1505,1);
INSERT INTO BLC_CATEGORY_PRODUCT_XREF (PRODUCT_ID, CATEGORY_ID, DISPLAY_ORDER) VALUES (-1093,1505,1);
INSERT INTO BLC_CATEGORY_PRODUCT_XREF (PRODUCT_ID, CATEGORY_ID, DISPLAY_ORDER) VALUES (-1092,1505,1);
INSERT INTO BLC_CATEGORY_PRODUCT_XREF (PRODUCT_ID, CATEGORY_ID, DISPLAY_ORDER) VALUES (-1091,1505,1);
INSERT INTO BLC_CATEGORY_PRODUCT_XREF (PRODUCT_ID, CATEGORY_ID, DISPLAY_ORDER) VALUES (-1090,1505,1);
INSERT INTO BLC_CATEGORY_PRODUCT_XREF (PRODUCT_ID, CATEGORY_ID, DISPLAY_ORDER) VALUES (-1089,1505,1);
INSERT INTO BLC_CATEGORY_PRODUCT_XREF (PRODUCT_ID, CATEGORY_ID, DISPLAY_ORDER) VALUES (-1088,1505,1);
INSERT INTO BLC_CATEGORY_PRODUCT_XREF (PRODUCT_ID, CATEGORY_ID, DISPLAY_ORDER) VALUES (-1087,1505,1);
INSERT INTO BLC_CATEGORY_PRODUCT_XREF (PRODUCT_ID, CATEGORY_ID, DISPLAY_ORDER) VALUES (-1086,1505,1);
INSERT INTO BLC_CATEGORY_PRODUCT_XREF (PRODUCT_ID, CATEGORY_ID, DISPLAY_ORDER) VALUES (-1085,1505,1);
INSERT INTO BLC_CATEGORY_PRODUCT_XREF (PRODUCT_ID, CATEGORY_ID, DISPLAY_ORDER) VALUES (-1084,1505,1);
INSERT INTO BLC_CATEGORY_PRODUCT_XREF (PRODUCT_ID, CATEGORY_ID, DISPLAY_ORDER) VALUES (-1083,1505,1);
INSERT INTO BLC_CATEGORY_PRODUCT_XREF (PRODUCT_ID, CATEGORY_ID, DISPLAY_ORDER) VALUES (-1082,1505,1);
INSERT INTO BLC_CATEGORY_PRODUCT_XREF (PRODUCT_ID, CATEGORY_ID, DISPLAY_ORDER) VALUES (-1081,1505,1);
INSERT INTO BLC_CATEGORY_PRODUCT_XREF (PRODUCT_ID, CATEGORY_ID, DISPLAY_ORDER) VALUES (-1080,1505,1);
INSERT INTO BLC_CATEGORY_PRODUCT_XREF (PRODUCT_ID, CATEGORY_ID, DISPLAY_ORDER) VALUES (-1079,1505,1);
INSERT INTO BLC_CATEGORY_PRODUCT_XREF (PRODUCT_ID, CATEGORY_ID, DISPLAY_ORDER) VALUES (-1078,1505,1);
INSERT INTO BLC_CATEGORY_PRODUCT_XREF (PRODUCT_ID, CATEGORY_ID, DISPLAY_ORDER) VALUES (-1077,1505,1);
INSERT INTO BLC_CATEGORY_PRODUCT_XREF (PRODUCT_ID, CATEGORY_ID, DISPLAY_ORDER) VALUES (-1076,1505,1);
INSERT INTO BLC_CATEGORY_PRODUCT_XREF (PRODUCT_ID, CATEGORY_ID, DISPLAY_ORDER) VALUES (-1075,1505,1);
INSERT INTO BLC_CATEGORY_PRODUCT_XREF (PRODUCT_ID, CATEGORY_ID, DISPLAY_ORDER) VALUES (-1074,1505,1);
INSERT INTO BLC_CATEGORY_PRODUCT_XREF (PRODUCT_ID, CATEGORY_ID, DISPLAY_ORDER) VALUES (-1073,1505,1);
INSERT INTO BLC_CATEGORY_PRODUCT_XREF (PRODUCT_ID, CATEGORY_ID, DISPLAY_ORDER) VALUES (-1072,1505,1);
INSERT INTO BLC_CATEGORY_PRODUCT_XREF (PRODUCT_ID, CATEGORY_ID, DISPLAY_ORDER) VALUES (-1071,1505,1);
INSERT INTO BLC_CATEGORY_PRODUCT_XREF (PRODUCT_ID, CATEGORY_ID, DISPLAY_ORDER) VALUES (-1070,1505,1);
INSERT INTO BLC_CATEGORY_PRODUCT_XREF (PRODUCT_ID, CATEGORY_ID, DISPLAY_ORDER) VALUES (-1069,1501,1);
INSERT INTO BLC_CATEGORY_PRODUCT_XREF (PRODUCT_ID, CATEGORY_ID, DISPLAY_ORDER) VALUES (-1068,1501,1);
INSERT INTO BLC_CATEGORY_PRODUCT_XREF (PRODUCT_ID, CATEGORY_ID, DISPLAY_ORDER) VALUES (-1067,1501,1);
INSERT INTO BLC_CATEGORY_PRODUCT_XREF (PRODUCT_ID, CATEGORY_ID, DISPLAY_ORDER) VALUES (-1066,1501,1);
INSERT INTO BLC_CATEGORY_PRODUCT_XREF (PRODUCT_ID, CATEGORY_ID, DISPLAY_ORDER) VALUES (-1065,1501,1);
INSERT INTO BLC_CATEGORY_PRODUCT_XREF (PRODUCT_ID, CATEGORY_ID, DISPLAY_ORDER) VALUES (-1064,1501,1);
INSERT INTO BLC_CATEGORY_PRODUCT_XREF (PRODUCT_ID, CATEGORY_ID, DISPLAY_ORDER) VALUES (-1063,1501,1);
INSERT INTO BLC_CATEGORY_PRODUCT_XREF (PRODUCT_ID, CATEGORY_ID, DISPLAY_ORDER) VALUES (-1062,1500,1);
INSERT INTO BLC_CATEGORY_PRODUCT_XREF (PRODUCT_ID, CATEGORY_ID, DISPLAY_ORDER) VALUES (-1061,1500,1);
INSERT INTO BLC_CATEGORY_PRODUCT_XREF (PRODUCT_ID, CATEGORY_ID, DISPLAY_ORDER) VALUES (-1060,1500,1);
INSERT INTO BLC_CATEGORY_PRODUCT_XREF (PRODUCT_ID, CATEGORY_ID, DISPLAY_ORDER) VALUES (-1059,1500,1);
INSERT INTO BLC_CATEGORY_PRODUCT_XREF (PRODUCT_ID, CATEGORY_ID, DISPLAY_ORDER) VALUES (-1058,1500,1);
INSERT INTO BLC_CATEGORY_PRODUCT_XREF (PRODUCT_ID, CATEGORY_ID, DISPLAY_ORDER) VALUES (-1057,1500,1);
INSERT INTO BLC_CATEGORY_PRODUCT_XREF (PRODUCT_ID, CATEGORY_ID, DISPLAY_ORDER) VALUES (-1056,1500,1);
INSERT INTO BLC_CATEGORY_PRODUCT_XREF (PRODUCT_ID, CATEGORY_ID, DISPLAY_ORDER) VALUES (-1055,1500,1);
INSERT INTO BLC_CATEGORY_PRODUCT_XREF (PRODUCT_ID, CATEGORY_ID, DISPLAY_ORDER) VALUES (-1054,1500,1);
INSERT INTO BLC_CATEGORY_PRODUCT_XREF (PRODUCT_ID, CATEGORY_ID, DISPLAY_ORDER) VALUES (-1053,1500,1);
INSERT INTO BLC_CATEGORY_PRODUCT_XREF (PRODUCT_ID, CATEGORY_ID, DISPLAY_ORDER) VALUES (-1052,1500,1);
INSERT INTO BLC_CATEGORY_PRODUCT_XREF (PRODUCT_ID, CATEGORY_ID, DISPLAY_ORDER) VALUES (-1051,1500,1);
INSERT INTO BLC_CATEGORY_PRODUCT_XREF (PRODUCT_ID, CATEGORY_ID, DISPLAY_ORDER) VALUES (-1050,1500,1);
INSERT INTO BLC_CATEGORY_PRODUCT_XREF (PRODUCT_ID, CATEGORY_ID, DISPLAY_ORDER) VALUES (-1049,1500,1);
INSERT INTO BLC_CATEGORY_PRODUCT_XREF (PRODUCT_ID, CATEGORY_ID, DISPLAY_ORDER) VALUES (-1048,1500,1);
INSERT INTO BLC_CATEGORY_PRODUCT_XREF (PRODUCT_ID, CATEGORY_ID, DISPLAY_ORDER) VALUES (-1047,1500,1);
INSERT INTO BLC_CATEGORY_PRODUCT_XREF (PRODUCT_ID, CATEGORY_ID, DISPLAY_ORDER) VALUES (-1046,1500,1);
INSERT INTO BLC_CATEGORY_PRODUCT_XREF (PRODUCT_ID, CATEGORY_ID, DISPLAY_ORDER) VALUES (-1045,1500,1);
INSERT INTO BLC_CATEGORY_PRODUCT_XREF (PRODUCT_ID, CATEGORY_ID, DISPLAY_ORDER) VALUES (-1044,1500,1);
INSERT INTO BLC_CATEGORY_PRODUCT_XREF (PRODUCT_ID, CATEGORY_ID, DISPLAY_ORDER) VALUES (-1043,1500,1);
INSERT INTO BLC_CATEGORY_PRODUCT_XREF (PRODUCT_ID, CATEGORY_ID, DISPLAY_ORDER) VALUES (-1042,1500,1);
INSERT INTO BLC_CATEGORY_PRODUCT_XREF (PRODUCT_ID, CATEGORY_ID, DISPLAY_ORDER) VALUES (-1041,1500,1);
INSERT INTO BLC_CATEGORY_PRODUCT_XREF (PRODUCT_ID, CATEGORY_ID, DISPLAY_ORDER) VALUES (-1040,1500,1);
INSERT INTO BLC_CATEGORY_PRODUCT_XREF (PRODUCT_ID, CATEGORY_ID, DISPLAY_ORDER) VALUES (-1039,1504,1);
INSERT INTO BLC_CATEGORY_PRODUCT_XREF (PRODUCT_ID, CATEGORY_ID, DISPLAY_ORDER) VALUES (-1038,1504,1);
INSERT INTO BLC_CATEGORY_PRODUCT_XREF (PRODUCT_ID, CATEGORY_ID, DISPLAY_ORDER) VALUES (-1037,1504,1);
INSERT INTO BLC_CATEGORY_PRODUCT_XREF (PRODUCT_ID, CATEGORY_ID, DISPLAY_ORDER) VALUES (-1036,1504,1);
INSERT INTO BLC_CATEGORY_PRODUCT_XREF (PRODUCT_ID, CATEGORY_ID, DISPLAY_ORDER) VALUES (-1035,1504,1);
INSERT INTO BLC_CATEGORY_PRODUCT_XREF (PRODUCT_ID, CATEGORY_ID, DISPLAY_ORDER) VALUES (-1034,1504,1);
INSERT INTO BLC_CATEGORY_PRODUCT_XREF (PRODUCT_ID, CATEGORY_ID, DISPLAY_ORDER) VALUES (-1033,1504,1);
INSERT INTO BLC_CATEGORY_PRODUCT_XREF (PRODUCT_ID, CATEGORY_ID, DISPLAY_ORDER) VALUES (-1032,1504,1);
INSERT INTO BLC_CATEGORY_PRODUCT_XREF (PRODUCT_ID, CATEGORY_ID, DISPLAY_ORDER) VALUES (-1031,1504,1);
INSERT INTO BLC_CATEGORY_PRODUCT_XREF (PRODUCT_ID, CATEGORY_ID, DISPLAY_ORDER) VALUES (-1030,1504,1);
INSERT INTO BLC_CATEGORY_PRODUCT_XREF (PRODUCT_ID, CATEGORY_ID, DISPLAY_ORDER) VALUES (-1029,1504,1);
INSERT INTO BLC_CATEGORY_PRODUCT_XREF (PRODUCT_ID, CATEGORY_ID, DISPLAY_ORDER) VALUES (-1028,1504,1);
INSERT INTO BLC_CATEGORY_PRODUCT_XREF (PRODUCT_ID, CATEGORY_ID, DISPLAY_ORDER) VALUES (-1027,1504,1);
INSERT INTO BLC_CATEGORY_PRODUCT_XREF (PRODUCT_ID, CATEGORY_ID, DISPLAY_ORDER) VALUES (-1026,1504,1);
INSERT INTO BLC_CATEGORY_PRODUCT_XREF (PRODUCT_ID, CATEGORY_ID, DISPLAY_ORDER) VALUES (-1025,1504,1);
INSERT INTO BLC_CATEGORY_PRODUCT_XREF (PRODUCT_ID, CATEGORY_ID, DISPLAY_ORDER) VALUES (-1024,1504,1);
INSERT INTO BLC_CATEGORY_PRODUCT_XREF (PRODUCT_ID, CATEGORY_ID, DISPLAY_ORDER) VALUES (-1023,1504,1);
INSERT INTO BLC_CATEGORY_PRODUCT_XREF (PRODUCT_ID, CATEGORY_ID, DISPLAY_ORDER) VALUES (-1022,1504,1);
INSERT INTO BLC_CATEGORY_PRODUCT_XREF (PRODUCT_ID, CATEGORY_ID, DISPLAY_ORDER) VALUES (-1021,1504,1);
INSERT INTO BLC_CATEGORY_PRODUCT_XREF (PRODUCT_ID, CATEGORY_ID, DISPLAY_ORDER) VALUES (-1020,1504,1);
INSERT INTO BLC_CATEGORY_PRODUCT_XREF (PRODUCT_ID, CATEGORY_ID, DISPLAY_ORDER) VALUES (-1019,1504,1);
INSERT INTO BLC_CATEGORY_PRODUCT_XREF (PRODUCT_ID, CATEGORY_ID, DISPLAY_ORDER) VALUES (-1018,1504,1);
INSERT INTO BLC_CATEGORY_PRODUCT_XREF (PRODUCT_ID, CATEGORY_ID, DISPLAY_ORDER) VALUES (-1017,1504,1);
INSERT INTO BLC_CATEGORY_PRODUCT_XREF (PRODUCT_ID, CATEGORY_ID, DISPLAY_ORDER) VALUES (-1016,1504,1);
INSERT INTO BLC_CATEGORY_PRODUCT_XREF (PRODUCT_ID, CATEGORY_ID, DISPLAY_ORDER) VALUES (-1015,1504,1);
INSERT INTO BLC_CATEGORY_PRODUCT_XREF (PRODUCT_ID, CATEGORY_ID, DISPLAY_ORDER) VALUES (-1014,1504,1);
INSERT INTO BLC_CATEGORY_PRODUCT_XREF (PRODUCT_ID, CATEGORY_ID, DISPLAY_ORDER) VALUES (-1013,1504,1);
INSERT INTO BLC_CATEGORY_PRODUCT_XREF (PRODUCT_ID, CATEGORY_ID, DISPLAY_ORDER) VALUES (-1012,1504,1);
INSERT INTO BLC_CATEGORY_PRODUCT_XREF (PRODUCT_ID, CATEGORY_ID, DISPLAY_ORDER) VALUES (-1011,1504,1);
INSERT INTO BLC_CATEGORY_PRODUCT_XREF (PRODUCT_ID, CATEGORY_ID, DISPLAY_ORDER) VALUES (-1010,1504,1);
INSERT INTO BLC_CATEGORY_PRODUCT_XREF (PRODUCT_ID, CATEGORY_ID, DISPLAY_ORDER) VALUES (-1009,1504,1);
INSERT INTO BLC_CATEGORY_PRODUCT_XREF (PRODUCT_ID, CATEGORY_ID, DISPLAY_ORDER) VALUES (-1008,1504,1);
INSERT INTO BLC_CATEGORY_PRODUCT_XREF (PRODUCT_ID, CATEGORY_ID, DISPLAY_ORDER) VALUES (-1007,1504,1);
INSERT INTO BLC_CATEGORY_PRODUCT_XREF (PRODUCT_ID, CATEGORY_ID, DISPLAY_ORDER) VALUES (-1006,1504,1);
INSERT INTO BLC_CATEGORY_PRODUCT_XREF (PRODUCT_ID, CATEGORY_ID, DISPLAY_ORDER) VALUES (-1005,1504,1);
INSERT INTO BLC_CATEGORY_PRODUCT_XREF (PRODUCT_ID, CATEGORY_ID, DISPLAY_ORDER) VALUES (-1004,1504,1);
INSERT INTO BLC_CATEGORY_PRODUCT_XREF (PRODUCT_ID, CATEGORY_ID, DISPLAY_ORDER) VALUES (-1003,1504,1);
INSERT INTO BLC_CATEGORY_PRODUCT_XREF (PRODUCT_ID, CATEGORY_ID, DISPLAY_ORDER) VALUES (-1002,1504,1);
INSERT INTO BLC_CATEGORY_PRODUCT_XREF (PRODUCT_ID, CATEGORY_ID, DISPLAY_ORDER) VALUES (-1001,1503,1);
INSERT INTO BLC_CATEGORY_PRODUCT_XREF (PRODUCT_ID, CATEGORY_ID, DISPLAY_ORDER) VALUES (-1000,1503,1);














INSERT INTO BLC_MEDIA (MEDIA_ID, URL, TITLE, ALT_TEXT) VALUES (-1232,'/cmsstatic/img/product/01.001.0001/1desc.jpg','奥利奥原味夹心饼干','primary');
INSERT INTO BLC_MEDIA (MEDIA_ID, URL, TITLE, ALT_TEXT) VALUES (-1231,'/cmsstatic/img/product/01.001.0002/1desc.jpg','奥利奥巧克力味夹心','primary');
INSERT INTO BLC_MEDIA (MEDIA_ID, URL, TITLE, ALT_TEXT) VALUES (-1230,'/cmsstatic/img/product/01.001.0003/1desc.jpg','奥利奥草莓味夹心','primary');
INSERT INTO BLC_MEDIA (MEDIA_ID, URL, TITLE, ALT_TEXT) VALUES (-1229,'/cmsstatic/img/product/01.001.0004/1desc.jpg','奥利奥原味夹心','primary');
INSERT INTO BLC_MEDIA (MEDIA_ID, URL, TITLE, ALT_TEXT) VALUES (-1228,'/cmsstatic/img/product/01.001.0005/1desc.jpg','奥利奥巧克力夹心','primary');
INSERT INTO BLC_MEDIA (MEDIA_ID, URL, TITLE, ALT_TEXT) VALUES (-1227,'/cmsstatic/img/product/01.001.0006/1desc.jpg','奥利奥威化原味夹心','primary');
INSERT INTO BLC_MEDIA (MEDIA_ID, URL, TITLE, ALT_TEXT) VALUES (-1226,'/cmsstatic/img/product/01.001.0007/1desc.jpg','奥利奥原味巧克力棒随心装','primary');
INSERT INTO BLC_MEDIA (MEDIA_ID, URL, TITLE, ALT_TEXT) VALUES (-1225,'/cmsstatic/img/product/01.001.0008/1desc.jpg','奥利奥牛奶巧克力棒随心装','primary');
INSERT INTO BLC_MEDIA (MEDIA_ID, URL, TITLE, ALT_TEXT) VALUES (-1224,'/cmsstatic/img/product/01.001.0009/1desc.jpg','奥利奥金装巧克力味','primary');
INSERT INTO BLC_MEDIA (MEDIA_ID, URL, TITLE, ALT_TEXT) VALUES (-1223,'/cmsstatic/img/product/01.001.0010/1desc.jpg','趣多多经典巧克力原味','primary');
INSERT INTO BLC_MEDIA (MEDIA_ID, URL, TITLE, ALT_TEXT) VALUES (-1222,'/cmsstatic/img/product/01.001.0011/1desc.jpg','趣多多缤纷曲奇饼巧克力味','primary');
INSERT INTO BLC_MEDIA (MEDIA_ID, URL, TITLE, ALT_TEXT) VALUES (-1221,'/cmsstatic/img/product/01.001.0012/1desc.jpg','趣多多大块巧克力曲奇饼干（咖啡味）','primary');
INSERT INTO BLC_MEDIA (MEDIA_ID, URL, TITLE, ALT_TEXT) VALUES (-1220,'/cmsstatic/img/product/01.001.0013/1desc.jpg','趣多多软式甜饼经典巧克力原味','primary');
INSERT INTO BLC_MEDIA (MEDIA_ID, URL, TITLE, ALT_TEXT) VALUES (-1219,'/cmsstatic/img/product/01.001.0014/1desc.jpg','优冠牛奶香脆（纯正牛奶）','primary');
INSERT INTO BLC_MEDIA (MEDIA_ID, URL, TITLE, ALT_TEXT) VALUES (-1218,'/cmsstatic/img/product/01.001.0015/1desc.jpg','优冠牛奶特浓夹心（香浓夹心）','primary');
INSERT INTO BLC_MEDIA (MEDIA_ID, URL, TITLE, ALT_TEXT) VALUES (-1217,'/cmsstatic/img/product/01.001.0016/1desc.jpg','优冠牛奶特浓夹心（香滑巧克力）','primary');
INSERT INTO BLC_MEDIA (MEDIA_ID, URL, TITLE, ALT_TEXT) VALUES (-1216,'/cmsstatic/img/product/01.001.0017/1desc.jpg','优冠牛奶特浓夹心（香酥蛋黄）','primary');
INSERT INTO BLC_MEDIA (MEDIA_ID, URL, TITLE, ALT_TEXT) VALUES (-1215,'/cmsstatic/img/product/01.001.0018/1desc.jpg','王子曲奇星（香浓巧克力）','primary');
INSERT INTO BLC_MEDIA (MEDIA_ID, URL, TITLE, ALT_TEXT) VALUES (-1214,'/cmsstatic/img/product/01.001.0019/1desc.jpg','太平梳打（香葱味）','primary');
INSERT INTO BLC_MEDIA (MEDIA_ID, URL, TITLE, ALT_TEXT) VALUES (-1213,'/cmsstatic/img/product/01.001.0020/1desc.jpg','太平梳打（奶盐味）','primary');
INSERT INTO BLC_MEDIA (MEDIA_ID, URL, TITLE, ALT_TEXT) VALUES (-1212,'/cmsstatic/img/product/01.001.0021/1desc.jpg','闲趣（自然清威原味）','primary');
INSERT INTO BLC_MEDIA (MEDIA_ID, URL, TITLE, ALT_TEXT) VALUES (-1211,'/cmsstatic/img/product/01.001.0022/1desc.jpg','闲趣（田园番茄味）','primary');
INSERT INTO BLC_MEDIA (MEDIA_ID, URL, TITLE, ALT_TEXT) VALUES (-1210,'/cmsstatic/img/product/01.001.0023/1desc.jpg','闲趣（秘制小牛排味）','primary');
INSERT INTO BLC_MEDIA (MEDIA_ID, URL, TITLE, ALT_TEXT) VALUES (-1209,'/cmsstatic/img/product/01.001.0024/1desc.jpg','康师傅3+2苏打夹心饼干(香浓奶油味)','primary');
INSERT INTO BLC_MEDIA (MEDIA_ID, URL, TITLE, ALT_TEXT) VALUES (-1208,'/cmsstatic/img/product/01.001.0025/1desc.jpg','康师傅3+2苏打夹心饼干(香草巧克力味)','primary');
INSERT INTO BLC_MEDIA (MEDIA_ID, URL, TITLE, ALT_TEXT) VALUES (-1207,'/cmsstatic/img/product/01.001.0026/1desc.jpg','康师傅3+2苏打夹心饼干(抹茶蜜豆味)','primary');
INSERT INTO BLC_MEDIA (MEDIA_ID, URL, TITLE, ALT_TEXT) VALUES (-1206,'/cmsstatic/img/product/01.004.0027/1desc.jpg','徐福记松软蛋酥沙琪玛迷你包','primary');
INSERT INTO BLC_MEDIA (MEDIA_ID, URL, TITLE, ALT_TEXT) VALUES (-1205,'/cmsstatic/img/product/01.001.0028/1desc.jpg','康师傅美味酥什锦烧烤味','primary');
INSERT INTO BLC_MEDIA (MEDIA_ID, URL, TITLE, ALT_TEXT) VALUES (-1204,'/cmsstatic/img/product/01.001.0029/1desc.jpg','康师傅美味酥黑胡椒牛排味','primary');
INSERT INTO BLC_MEDIA (MEDIA_ID, URL, TITLE, ALT_TEXT) VALUES (-1203,'/cmsstatic/img/product/01.001.0030/1desc.jpg','康师傅美味酥点点葱香味','primary');
INSERT INTO BLC_MEDIA (MEDIA_ID, URL, TITLE, ALT_TEXT) VALUES (-1202,'/cmsstatic/img/product/01.001.0031/1desc.jpg','达利园香葱咸饼','primary');
INSERT INTO BLC_MEDIA (MEDIA_ID, URL, TITLE, ALT_TEXT) VALUES (-1201,'/cmsstatic/img/product/01.001.0032/1desc.jpg','好吃点低糖海苔饼','primary');
INSERT INTO BLC_MEDIA (MEDIA_ID, URL, TITLE, ALT_TEXT) VALUES (-1200,'/cmsstatic/img/product/01.001.0033/1desc.jpg','好吃点香脆核桃酥饼','primary');
INSERT INTO BLC_MEDIA (MEDIA_ID, URL, TITLE, ALT_TEXT) VALUES (-1199,'/cmsstatic/img/product/01.001.0034/1desc.jpg','好吃点杏仁酥饼','primary');
INSERT INTO BLC_MEDIA (MEDIA_ID, URL, TITLE, ALT_TEXT) VALUES (-1198,'/cmsstatic/img/product/01.001.0035/1desc.jpg','好吃点香脆腰果饼','primary');
INSERT INTO BLC_MEDIA (MEDIA_ID, URL, TITLE, ALT_TEXT) VALUES (-1197,'/cmsstatic/img/product/01.001.0036/1desc.jpg','好吃点香脆杏仁饼','primary');
INSERT INTO BLC_MEDIA (MEDIA_ID, URL, TITLE, ALT_TEXT) VALUES (-1196,'/cmsstatic/img/product/01.001.0037/1desc.jpg','好吃点香脆核桃饼','primary');
INSERT INTO BLC_MEDIA (MEDIA_ID, URL, TITLE, ALT_TEXT) VALUES (-1195,'/cmsstatic/img/product/01.001.0038/1desc.jpg','好吃点榛仁酥','primary');
INSERT INTO BLC_MEDIA (MEDIA_ID, URL, TITLE, ALT_TEXT) VALUES (-1194,'/cmsstatic/img/product/01.001.0039/1desc.jpg','格力高菜园小饼孜然烧烤','primary');
INSERT INTO BLC_MEDIA (MEDIA_ID, URL, TITLE, ALT_TEXT) VALUES (-1193,'/cmsstatic/img/product/01.001.0040/1desc.jpg','格力高菜园小饼番茄味','primary');
INSERT INTO BLC_MEDIA (MEDIA_ID, URL, TITLE, ALT_TEXT) VALUES (-1192,'/cmsstatic/img/product/01.001.0041/1desc.jpg','格力高菜园小饼葱辣味','primary');
INSERT INTO BLC_MEDIA (MEDIA_ID, URL, TITLE, ALT_TEXT) VALUES (-1191,'/cmsstatic/img/product/01.001.0042/1desc.jpg','格力高菜园小饼色拉虾味','primary');
INSERT INTO BLC_MEDIA (MEDIA_ID, URL, TITLE, ALT_TEXT) VALUES (-1190,'/cmsstatic/img/product/01.001.0043/1desc.jpg','格力高菜园小饼比萨味','primary');
INSERT INTO BLC_MEDIA (MEDIA_ID, URL, TITLE, ALT_TEXT) VALUES (-1189,'/cmsstatic/img/product/01.001.0044/1desc.jpg','旺旺雪饼','primary');
INSERT INTO BLC_MEDIA (MEDIA_ID, URL, TITLE, ALT_TEXT) VALUES (-1188,'/cmsstatic/img/product/01.001.0045/1desc.jpg','津味金针菇脆笋','primary');
INSERT INTO BLC_MEDIA (MEDIA_ID, URL, TITLE, ALT_TEXT) VALUES (-1187,'/cmsstatic/img/product/01.004.0046/1desc.jpg','雀巢咖啡1+2（11+2杯装）','primary');
INSERT INTO BLC_MEDIA (MEDIA_ID, URL, TITLE, ALT_TEXT) VALUES (-1186,'/cmsstatic/img/product/01.004.0047/1desc.jpg','Tang 菓珍','primary');
INSERT INTO BLC_MEDIA (MEDIA_ID, URL, TITLE, ALT_TEXT) VALUES (-1185,'/cmsstatic/img/product/01.004.0048/1desc.jpg','达利园法式软面包香橙味160g（8枚）','primary');
INSERT INTO BLC_MEDIA (MEDIA_ID, URL, TITLE, ALT_TEXT) VALUES (-1184,'/cmsstatic/img/product/01.004.0049/1desc.jpg','达利园法式软面包香奶味160g（8枚）','primary');
INSERT INTO BLC_MEDIA (MEDIA_ID, URL, TITLE, ALT_TEXT) VALUES (-1183,'/cmsstatic/img/product/01.004.0050/1desc.jpg','达利园草莓派250g(10枚)','primary');
INSERT INTO BLC_MEDIA (MEDIA_ID, URL, TITLE, ALT_TEXT) VALUES (-1182,'/cmsstatic/img/product/01.004.0051/1desc.jpg','达利园蛋黄派250g(10枚)','primary');
INSERT INTO BLC_MEDIA (MEDIA_ID, URL, TITLE, ALT_TEXT) VALUES (-1181,'/cmsstatic/img/product/01.004.0052/1desc.jpg','达利园巧克力派300g（10枚）','primary');
INSERT INTO BLC_MEDIA (MEDIA_ID, URL, TITLE, ALT_TEXT) VALUES (-1180,'/cmsstatic/img/product/01.004.0053/1desc.jpg','达利园瑞士卷8枚(草莓味)','primary');
INSERT INTO BLC_MEDIA (MEDIA_ID, URL, TITLE, ALT_TEXT) VALUES (-1179,'/cmsstatic/img/product/01.004.0054/1desc.jpg','达利园瑞士卷8枚(橙汁味)','primary');
INSERT INTO BLC_MEDIA (MEDIA_ID, URL, TITLE, ALT_TEXT) VALUES (-1178,'/cmsstatic/img/product/01.004.0055/1desc.jpg','达利园瑞士卷8枚(巧克力味)','primary');
INSERT INTO BLC_MEDIA (MEDIA_ID, URL, TITLE, ALT_TEXT) VALUES (-1177,'/cmsstatic/img/product/01.004.0056/1desc.jpg','好丽友Q蒂2枚装（摩卡巧克力）','primary');
INSERT INTO BLC_MEDIA (MEDIA_ID, URL, TITLE, ALT_TEXT) VALUES (-1176,'/cmsstatic/img/product/01.004.0057/1desc.jpg','好丽友蛋黄派2枚装','primary');
INSERT INTO BLC_MEDIA (MEDIA_ID, URL, TITLE, ALT_TEXT) VALUES (-1175,'/cmsstatic/img/product/01.004.0058/1desc.jpg','好丽友派2枚装','primary');
INSERT INTO BLC_MEDIA (MEDIA_ID, URL, TITLE, ALT_TEXT) VALUES (-1174,'/cmsstatic/img/product/01.004.0059/1desc.jpg','好丽友派6枚装','primary');
INSERT INTO BLC_MEDIA (MEDIA_ID, URL, TITLE, ALT_TEXT) VALUES (-1173,'/cmsstatic/img/product/01.004.0060/1desc.jpg','三辉麦风法式香奶面包','primary');
INSERT INTO BLC_MEDIA (MEDIA_ID, URL, TITLE, ALT_TEXT) VALUES (-1172,'/cmsstatic/img/product/01.004.0061/1desc.jpg','三辉麦风法式香奶面包','primary');
INSERT INTO BLC_MEDIA (MEDIA_ID, URL, TITLE, ALT_TEXT) VALUES (-1171,'/cmsstatic/img/product/01.004.0062/1desc.jpg','三辉麦风提拉米苏4枚装(巧克力味)','primary');
INSERT INTO BLC_MEDIA (MEDIA_ID, URL, TITLE, ALT_TEXT) VALUES (-1170,'/cmsstatic/img/product/01.004.0063/1desc.jpg','徐福记芝麻香酥沙琪玛迷你包','primary');
INSERT INTO BLC_MEDIA (MEDIA_ID, URL, TITLE, ALT_TEXT) VALUES (-1169,'/cmsstatic/img/product/01.004.0064/1desc.jpg','徐福记巧克力味沙琪玛迷你包','primary');
INSERT INTO BLC_MEDIA (MEDIA_ID, URL, TITLE, ALT_TEXT) VALUES (-1168,'/cmsstatic/img/product/01.004.0065/1desc.jpg','徐福记松软蛋酥沙琪玛迷你包','primary');
INSERT INTO BLC_MEDIA (MEDIA_ID, URL, TITLE, ALT_TEXT) VALUES (-1167,'/cmsstatic/img/product/01.004.0066/1desc.jpg','回头客铜锣烧红豆味（10枚入）','primary');
INSERT INTO BLC_MEDIA (MEDIA_ID, URL, TITLE, ALT_TEXT) VALUES (-1166,'/cmsstatic/img/product/01.004.0067/1desc.jpg','回头客铜锣烧香芋味(10枚入）','primary');
INSERT INTO BLC_MEDIA (MEDIA_ID, URL, TITLE, ALT_TEXT) VALUES (-1165,'/cmsstatic/img/product/01.004.0068/1desc.jpg','回头客铜锣烧抹茶味（10枚入）','primary');
INSERT INTO BLC_MEDIA (MEDIA_ID, URL, TITLE, ALT_TEXT) VALUES (-1164,'/cmsstatic/img/product/01.005.0069/1desc.jpg','康师傅干拌面（红烧牛肉味）','primary');
INSERT INTO BLC_MEDIA (MEDIA_ID, URL, TITLE, ALT_TEXT) VALUES (-1163,'/cmsstatic/img/product/01.005.0070/1desc.jpg','康师傅干拌面（葱油拌味）','primary');
INSERT INTO BLC_MEDIA (MEDIA_ID, URL, TITLE, ALT_TEXT) VALUES (-1162,'/cmsstatic/img/product/01.005.0071/1desc.jpg','康师傅干拌面（香辣牛肉味）','primary');
INSERT INTO BLC_MEDIA (MEDIA_ID, URL, TITLE, ALT_TEXT) VALUES (-1161,'/cmsstatic/img/product/01.005.0072/1desc.jpg','康师傅随心杯红烧牛肉面（杯）','primary');
INSERT INTO BLC_MEDIA (MEDIA_ID, URL, TITLE, ALT_TEXT) VALUES (-1160,'/cmsstatic/img/product/01.005.0073/1desc.jpg','康师傅随心杯香辣牛肉面（杯）','primary');
INSERT INTO BLC_MEDIA (MEDIA_ID, URL, TITLE, ALT_TEXT) VALUES (-1159,'/cmsstatic/img/product/01.005.0074/1desc.jpg','康师傅酸菜牛肉面（桶）','primary');
INSERT INTO BLC_MEDIA (MEDIA_ID, URL, TITLE, ALT_TEXT) VALUES (-1158,'/cmsstatic/img/product/01.005.0075/1desc.jpg','康师傅卤香牛肉面（桶）','primary');
INSERT INTO BLC_MEDIA (MEDIA_ID, URL, TITLE, ALT_TEXT) VALUES (-1157,'/cmsstatic/img/product/01.005.0076/1desc.jpg','康师傅香菇炖鸡面（桶）','primary');
INSERT INTO BLC_MEDIA (MEDIA_ID, URL, TITLE, ALT_TEXT) VALUES (-1156,'/cmsstatic/img/product/01.005.0077/1desc.jpg','康师傅鲜虾鱼板面（桶）','primary');
INSERT INTO BLC_MEDIA (MEDIA_ID, URL, TITLE, ALT_TEXT) VALUES (-1155,'/cmsstatic/img/product/01.005.0078/1desc.jpg','康师傅笋干老鸭煲面（桶）','primary');
INSERT INTO BLC_MEDIA (MEDIA_ID, URL, TITLE, ALT_TEXT) VALUES (-1154,'/cmsstatic/img/product/01.005.0079/1desc.jpg','康师傅香辣牛肉面（桶）','primary');
INSERT INTO BLC_MEDIA (MEDIA_ID, URL, TITLE, ALT_TEXT) VALUES (-1153,'/cmsstatic/img/product/01.005.0080/1desc.jpg','康师傅红烧牛肉面（桶）','primary');
INSERT INTO BLC_MEDIA (MEDIA_ID, URL, TITLE, ALT_TEXT) VALUES (-1152,'/cmsstatic/img/product/01.005.0081/1desc.jpg','袋装康师傅东坡红烧肉面','primary');
INSERT INTO BLC_MEDIA (MEDIA_ID, URL, TITLE, ALT_TEXT) VALUES (-1151,'/cmsstatic/img/product/01.005.0082/1desc.jpg','袋装康师傅酸菜牛肉面','primary');
INSERT INTO BLC_MEDIA (MEDIA_ID, URL, TITLE, ALT_TEXT) VALUES (-1150,'/cmsstatic/img/product/01.005.0083/1desc.jpg','袋装康师傅香菇炖鸡面','primary');
INSERT INTO BLC_MEDIA (MEDIA_ID, URL, TITLE, ALT_TEXT) VALUES (-1149,'/cmsstatic/img/product/01.005.0084/1desc.jpg','袋装康师傅鲜虾鱼板面','primary');
INSERT INTO BLC_MEDIA (MEDIA_ID, URL, TITLE, ALT_TEXT) VALUES (-1148,'/cmsstatic/img/product/01.005.0085/1desc.jpg','袋装康师傅笋干老鸭煲面','primary');
INSERT INTO BLC_MEDIA (MEDIA_ID, URL, TITLE, ALT_TEXT) VALUES (-1147,'/cmsstatic/img/product/01.005.0086/1desc.jpg','袋装康师傅香辣牛肉面','primary');
INSERT INTO BLC_MEDIA (MEDIA_ID, URL, TITLE, ALT_TEXT) VALUES (-1146,'/cmsstatic/img/product/01.005.0087/1desc.jpg','袋装康师傅红烧牛肉面','primary');
INSERT INTO BLC_MEDIA (MEDIA_ID, URL, TITLE, ALT_TEXT) VALUES (-1145,'/cmsstatic/img/product/01.005.0088/1desc.jpg','康师傅香爆脆干脆面（烤羊肉串味）','primary');
INSERT INTO BLC_MEDIA (MEDIA_ID, URL, TITLE, ALT_TEXT) VALUES (-1144,'/cmsstatic/img/product/01.005.0089/1desc.jpg','康师傅香爆脆干脆面（香葱鸡块味）','primary');
INSERT INTO BLC_MEDIA (MEDIA_ID, URL, TITLE, ALT_TEXT) VALUES (-1143,'/cmsstatic/img/product/01.005.0090/1desc.jpg','康师傅香爆脆干脆面（蜜汁牛排味）','primary');
INSERT INTO BLC_MEDIA (MEDIA_ID, URL, TITLE, ALT_TEXT) VALUES (-1142,'/cmsstatic/img/product/01.005.0091/1desc.jpg','康师傅香爆脆干脆面（蛋烤番茄味）','primary');
INSERT INTO BLC_MEDIA (MEDIA_ID, URL, TITLE, ALT_TEXT) VALUES (-1141,'/cmsstatic/img/product/01.005.0092/1desc.jpg','康师傅香爆脆干脆面（巴西烤肉味）','primary');
INSERT INTO BLC_MEDIA (MEDIA_ID, URL, TITLE, ALT_TEXT) VALUES (-1140,'/cmsstatic/img/product/01.006.0093/1desc.jpg','康师傅茉莉蜜茶','primary');
INSERT INTO BLC_MEDIA (MEDIA_ID, URL, TITLE, ALT_TEXT) VALUES (-1139,'/cmsstatic/img/product/01.006.0094/1desc.jpg','康师傅茉莉清茶','primary');
INSERT INTO BLC_MEDIA (MEDIA_ID, URL, TITLE, ALT_TEXT) VALUES (-1138,'/cmsstatic/img/product/01.006.0095/1desc.jpg','康师傅冰红茶','primary');
INSERT INTO BLC_MEDIA (MEDIA_ID, URL, TITLE, ALT_TEXT) VALUES (-1137,'/cmsstatic/img/product/01.006.0096/1desc.jpg','康师傅酸枣汁','primary');
INSERT INTO BLC_MEDIA (MEDIA_ID, URL, TITLE, ALT_TEXT) VALUES (-1136,'/cmsstatic/img/product/01.006.0097/1desc.jpg','康师傅酸梅汤','primary');
INSERT INTO BLC_MEDIA (MEDIA_ID, URL, TITLE, ALT_TEXT) VALUES (-1135,'/cmsstatic/img/product/01.006.0098/1desc.jpg','康师傅鲜的每日C橙汁500ml','primary');
INSERT INTO BLC_MEDIA (MEDIA_ID, URL, TITLE, ALT_TEXT) VALUES (-1134,'/cmsstatic/img/product/01.006.0099/1desc.jpg','红牛维生素功能饮料','primary');
INSERT INTO BLC_MEDIA (MEDIA_ID, URL, TITLE, ALT_TEXT) VALUES (-1133,'/cmsstatic/img/product/01.006.0100/1desc.jpg','雀巢香滑咖啡180ml','primary');
INSERT INTO BLC_MEDIA (MEDIA_ID, URL, TITLE, ALT_TEXT) VALUES (-1132,'/cmsstatic/img/product/01.007.0101/1desc.jpg','金大州香辣金针菇','primary');
INSERT INTO BLC_MEDIA (MEDIA_ID, URL, TITLE, ALT_TEXT) VALUES (-1131,'/cmsstatic/img/product/01.007.0102/1desc.jpg','老爸豆腐干100g（卤辣味）','primary');
INSERT INTO BLC_MEDIA (MEDIA_ID, URL, TITLE, ALT_TEXT) VALUES (-1130,'/cmsstatic/img/product/01.007.0103/1desc.jpg','老爸豆腐干100g（卤味）','primary');
INSERT INTO BLC_MEDIA (MEDIA_ID, URL, TITLE, ALT_TEXT) VALUES (-1129,'/cmsstatic/img/product/01.007.0104/1desc.jpg','老爸豆腐干100g（肉汁味）','primary');
INSERT INTO BLC_MEDIA (MEDIA_ID, URL, TITLE, ALT_TEXT) VALUES (-1128,'/cmsstatic/img/product/01.007.0105/1desc.jpg','老爸豆腐干100g（牛肉味）','primary');
INSERT INTO BLC_MEDIA (MEDIA_ID, URL, TITLE, ALT_TEXT) VALUES (-1127,'/cmsstatic/img/product/01.007.0106/1desc.jpg','祖名虾米干','primary');
INSERT INTO BLC_MEDIA (MEDIA_ID, URL, TITLE, ALT_TEXT) VALUES (-1126,'/cmsstatic/img/product/01.007.0107/1desc.jpg','祖名香逗干肉汁味100g','primary');
INSERT INTO BLC_MEDIA (MEDIA_ID, URL, TITLE, ALT_TEXT) VALUES (-1125,'/cmsstatic/img/product/01.007.0108/1desc.jpg','祖名香逗干鸡汁味100g','primary');
INSERT INTO BLC_MEDIA (MEDIA_ID, URL, TITLE, ALT_TEXT) VALUES (-1124,'/cmsstatic/img/product/01.007.0109/1desc.jpg','祖名香逗干麻辣味100g','primary');
INSERT INTO BLC_MEDIA (MEDIA_ID, URL, TITLE, ALT_TEXT) VALUES (-1123,'/cmsstatic/img/product/01.007.0110/1desc.jpg','香菇肥牛牛肉味','primary');
INSERT INTO BLC_MEDIA (MEDIA_ID, URL, TITLE, ALT_TEXT) VALUES (-1122,'/cmsstatic/img/product/01.007.0111/1desc.jpg','好又好酱鸭腿','primary');
INSERT INTO BLC_MEDIA (MEDIA_ID, URL, TITLE, ALT_TEXT) VALUES (-1121,'/cmsstatic/img/product/01.007.0112/1desc.jpg','永健泡山椒凤爪','primary');
INSERT INTO BLC_MEDIA (MEDIA_ID, URL, TITLE, ALT_TEXT) VALUES (-1120,'/cmsstatic/img/product/01.007.0113/1desc.jpg','老李五香翅','primary');
INSERT INTO BLC_MEDIA (MEDIA_ID, URL, TITLE, ALT_TEXT) VALUES (-1119,'/cmsstatic/img/product/01.007.0114/1desc.jpg','老李五香干','primary');
INSERT INTO BLC_MEDIA (MEDIA_ID, URL, TITLE, ALT_TEXT) VALUES (-1118,'/cmsstatic/img/product/01.007.0115/1desc.jpg','威益威劲辣鸭脖','primary');
INSERT INTO BLC_MEDIA (MEDIA_ID, URL, TITLE, ALT_TEXT) VALUES (-1117,'/cmsstatic/img/product/01.007.0116/1desc.jpg','卫龙大面筋','primary');
INSERT INTO BLC_MEDIA (MEDIA_ID, URL, TITLE, ALT_TEXT) VALUES (-1116,'/cmsstatic/img/product/01.007.0117/1desc.jpg','卫龙面筋','primary');
INSERT INTO BLC_MEDIA (MEDIA_ID, URL, TITLE, ALT_TEXT) VALUES (-1115,'/cmsstatic/img/product/01.007.0118/1desc.jpg','乡巴佬鸡腿','primary');
INSERT INTO BLC_MEDIA (MEDIA_ID, URL, TITLE, ALT_TEXT) VALUES (-1114,'/cmsstatic/img/product/01.007.0119/1desc.jpg','乡巴佬凤爪','primary');
INSERT INTO BLC_MEDIA (MEDIA_ID, URL, TITLE, ALT_TEXT) VALUES (-1113,'/cmsstatic/img/product/01.007.0120/1desc.jpg','有友泡椒凤爪','primary');
INSERT INTO BLC_MEDIA (MEDIA_ID, URL, TITLE, ALT_TEXT) VALUES (-1112,'/cmsstatic/img/product/01.007.0121/1desc.jpg','富贵阁北京烤鸭','primary');
INSERT INTO BLC_MEDIA (MEDIA_ID, URL, TITLE, ALT_TEXT) VALUES (-1111,'/cmsstatic/img/product/01.007.0122/1desc.jpg','卫龙豆筋烧烤味','primary');
INSERT INTO BLC_MEDIA (MEDIA_ID, URL, TITLE, ALT_TEXT) VALUES (-1110,'/cmsstatic/img/product/01.007.0123/1desc.jpg','怡冠园酒鬼鱼山椒味','primary');
INSERT INTO BLC_MEDIA (MEDIA_ID, URL, TITLE, ALT_TEXT) VALUES (-1109,'/cmsstatic/img/product/01.007.0124/1desc.jpg','口留香相思卷','primary');
INSERT INTO BLC_MEDIA (MEDIA_ID, URL, TITLE, ALT_TEXT) VALUES (-1108,'/cmsstatic/img/product/01.007.0125/1desc.jpg','乡巴佬晶凉松卤蛋','primary');
INSERT INTO BLC_MEDIA (MEDIA_ID, URL, TITLE, ALT_TEXT) VALUES (-1107,'/cmsstatic/img/product/01.007.0126/1desc.jpg','八里香酥鸡腿','primary');
INSERT INTO BLC_MEDIA (MEDIA_ID, URL, TITLE, ALT_TEXT) VALUES (-1106,'/cmsstatic/img/product/01.007.0127/1desc.jpg','老李五香腿','primary');
INSERT INTO BLC_MEDIA (MEDIA_ID, URL, TITLE, ALT_TEXT) VALUES (-1105,'/cmsstatic/img/product/01.007.0128/1desc.jpg','馋嘴娃蒜香豆角干','primary');
INSERT INTO BLC_MEDIA (MEDIA_ID, URL, TITLE, ALT_TEXT) VALUES (-1104,'/cmsstatic/img/product/01.007.0129/1desc.jpg','怡冠园红烧拉面条','primary');
INSERT INTO BLC_MEDIA (MEDIA_ID, URL, TITLE, ALT_TEXT) VALUES (-1103,'/cmsstatic/img/product/01.007.0130/1desc.jpg','太阳岛鸡汁麻辣串','primary');
INSERT INTO BLC_MEDIA (MEDIA_ID, URL, TITLE, ALT_TEXT) VALUES (-1102,'/cmsstatic/img/product/01.007.0131/1desc.jpg','口留乡香辣鱼仔','primary');
INSERT INTO BLC_MEDIA (MEDIA_ID, URL, TITLE, ALT_TEXT) VALUES (-1101,'/cmsstatic/img/product/01.007.0132/1desc.jpg','味中香麻辣串','primary');
INSERT INTO BLC_MEDIA (MEDIA_ID, URL, TITLE, ALT_TEXT) VALUES (-1100,'/cmsstatic/img/product/01.007.0133/1desc.jpg','腾哥日本多味鱼','primary');
INSERT INTO BLC_MEDIA (MEDIA_ID, URL, TITLE, ALT_TEXT) VALUES (-1099,'/cmsstatic/img/product/01.007.0134/1desc.jpg','素味居烧烤土豆','primary');
INSERT INTO BLC_MEDIA (MEDIA_ID, URL, TITLE, ALT_TEXT) VALUES (-1098,'/cmsstatic/img/product/01.007.0135/1desc.jpg','喜来香大酱鸭翅','primary');
INSERT INTO BLC_MEDIA (MEDIA_ID, URL, TITLE, ALT_TEXT) VALUES (-1097,'/cmsstatic/img/product/01.008.0136/1desc.jpg','上好佳田园泡（玉米口味）','primary');
INSERT INTO BLC_MEDIA (MEDIA_ID, URL, TITLE, ALT_TEXT) VALUES (-1096,'/cmsstatic/img/product/01.008.0137/1desc.jpg','上好佳粟米条45g(朱古力口味)','primary');
INSERT INTO BLC_MEDIA (MEDIA_ID, URL, TITLE, ALT_TEXT) VALUES (-1095,'/cmsstatic/img/product/01.008.0138/1desc.jpg','上好佳玉米卷','primary');
INSERT INTO BLC_MEDIA (MEDIA_ID, URL, TITLE, ALT_TEXT) VALUES (-1094,'/cmsstatic/img/product/01.008.0139/1desc.jpg','上好佳芝士条','primary');
INSERT INTO BLC_MEDIA (MEDIA_ID, URL, TITLE, ALT_TEXT) VALUES (-1093,'/cmsstatic/img/product/01.008.0140/1desc.jpg','上好佳鲜虾条','primary');
INSERT INTO BLC_MEDIA (MEDIA_ID, URL, TITLE, ALT_TEXT) VALUES (-1092,'/cmsstatic/img/product/01.008.0141/1desc.jpg','上好佳荷兰豆','primary');
INSERT INTO BLC_MEDIA (MEDIA_ID, URL, TITLE, ALT_TEXT) VALUES (-1091,'/cmsstatic/img/product/01.008.0142/1desc.jpg','上好佳鲜虾片','primary');
INSERT INTO BLC_MEDIA (MEDIA_ID, URL, TITLE, ALT_TEXT) VALUES (-1090,'/cmsstatic/img/product/01.008.0143/1desc.jpg','上好佳粟米条(草莓口味)','primary');
INSERT INTO BLC_MEDIA (MEDIA_ID, URL, TITLE, ALT_TEXT) VALUES (-1089,'/cmsstatic/img/product/01.008.0144/1desc.jpg','上好佳玉米花(果仁奶油)','primary');
INSERT INTO BLC_MEDIA (MEDIA_ID, URL, TITLE, ALT_TEXT) VALUES (-1088,'/cmsstatic/img/product/01.008.0145/1desc.jpg','上好佳洋葱圈','primary');
INSERT INTO BLC_MEDIA (MEDIA_ID, URL, TITLE, ALT_TEXT) VALUES (-1087,'/cmsstatic/img/product/01.008.0146/1desc.jpg','上好佳田园泡(玉米口味)','primary');
INSERT INTO BLC_MEDIA (MEDIA_ID, URL, TITLE, ALT_TEXT) VALUES (-1086,'/cmsstatic/img/product/01.008.0147/1desc.jpg','上好佳玉米卷','primary');
INSERT INTO BLC_MEDIA (MEDIA_ID, URL, TITLE, ALT_TEXT) VALUES (-1085,'/cmsstatic/img/product/01.008.0148/1desc.jpg','上好佳洋葱圈','primary');
INSERT INTO BLC_MEDIA (MEDIA_ID, URL, TITLE, ALT_TEXT) VALUES (-1084,'/cmsstatic/img/product/01.008.0149/1desc.jpg','上好佳荷兰豆','primary');
INSERT INTO BLC_MEDIA (MEDIA_ID, URL, TITLE, ALT_TEXT) VALUES (-1083,'/cmsstatic/img/product/01.008.0150/1desc.jpg','上好佳鲜虾片15g','primary');
INSERT INTO BLC_MEDIA (MEDIA_ID, URL, TITLE, ALT_TEXT) VALUES (-1082,'/cmsstatic/img/product/01.008.0151/1desc.jpg','好丽友呀！土豆番茄酱味','primary');
INSERT INTO BLC_MEDIA (MEDIA_ID, URL, TITLE, ALT_TEXT) VALUES (-1081,'/cmsstatic/img/product/01.008.0152/1desc.jpg','好丽友呀！土豆烤鸡比萨味40g','primary');
INSERT INTO BLC_MEDIA (MEDIA_ID, URL, TITLE, ALT_TEXT) VALUES (-1080,'/cmsstatic/img/product/01.008.0153/1desc.jpg','好丽友呀！土豆里脊牛排味40g','primary');
INSERT INTO BLC_MEDIA (MEDIA_ID, URL, TITLE, ALT_TEXT) VALUES (-1079,'/cmsstatic/img/product/01.008.0154/1desc.jpg','正宗咪咪虾条','primary');
INSERT INTO BLC_MEDIA (MEDIA_ID, URL, TITLE, ALT_TEXT) VALUES (-1078,'/cmsstatic/img/product/01.008.0155/1desc.jpg','咪咪蟹味','primary');
INSERT INTO BLC_MEDIA (MEDIA_ID, URL, TITLE, ALT_TEXT) VALUES (-1077,'/cmsstatic/img/product/01.008.0156/1desc.jpg','狗牙儿加蛋锅巴','primary');
INSERT INTO BLC_MEDIA (MEDIA_ID, URL, TITLE, ALT_TEXT) VALUES (-1076,'/cmsstatic/img/product/01.008.0157/1desc.jpg','乐事黄瓜味薯片','primary');
INSERT INTO BLC_MEDIA (MEDIA_ID, URL, TITLE, ALT_TEXT) VALUES (-1075,'/cmsstatic/img/product/01.008.0158/1desc.jpg','乐事鸡汁番茄味薯片','primary');
INSERT INTO BLC_MEDIA (MEDIA_ID, URL, TITLE, ALT_TEXT) VALUES (-1074,'/cmsstatic/img/product/01.008.0159/1desc.jpg','乐事墨西哥鸡汁番茄味薯片','primary');
INSERT INTO BLC_MEDIA (MEDIA_ID, URL, TITLE, ALT_TEXT) VALUES (-1073,'/cmsstatic/img/product/01.008.0160/1desc.jpg','乐事德克萨斯烧烤味薯片','primary');
INSERT INTO BLC_MEDIA (MEDIA_ID, URL, TITLE, ALT_TEXT) VALUES (-1072,'/cmsstatic/img/product/01.008.0161/1desc.jpg','乐事牛仔骨味薯片','primary');
INSERT INTO BLC_MEDIA (MEDIA_ID, URL, TITLE, ALT_TEXT) VALUES (-1071,'/cmsstatic/img/product/01.008.0162/1desc.jpg','乐事原味薯片','primary');
INSERT INTO BLC_MEDIA (MEDIA_ID, URL, TITLE, ALT_TEXT) VALUES (-1070,'/cmsstatic/img/product/01.008.0163/1desc.jpg','乐事秘制酸汤鱼味薯片','primary');
INSERT INTO BLC_MEDIA (MEDIA_ID, URL, TITLE, ALT_TEXT) VALUES (-1069,'/cmsstatic/img/product/01.009.0164/1desc.jpg','双汇王中王火腿肠','primary');
INSERT INTO BLC_MEDIA (MEDIA_ID, URL, TITLE, ALT_TEXT) VALUES (-1068,'/cmsstatic/img/product/01.009.0165/1desc.jpg','双汇香辣香脆肠','primary');
INSERT INTO BLC_MEDIA (MEDIA_ID, URL, TITLE, ALT_TEXT) VALUES (-1067,'/cmsstatic/img/product/01.009.0166/1desc.jpg','双汇泡面搭档香肠','primary');
INSERT INTO BLC_MEDIA (MEDIA_ID, URL, TITLE, ALT_TEXT) VALUES (-1066,'/cmsstatic/img/product/01.009.0167/1desc.jpg','双汇台式烤香肠(原味)','primary');
INSERT INTO BLC_MEDIA (MEDIA_ID, URL, TITLE, ALT_TEXT) VALUES (-1065,'/cmsstatic/img/product/01.009.0168/1desc.jpg','双汇台式烤香肠（香辣味）','primary');
INSERT INTO BLC_MEDIA (MEDIA_ID, URL, TITLE, ALT_TEXT) VALUES (-1064,'/cmsstatic/img/product/01.009.0169/1desc.jpg','双汇Q趣蘑菇风味香肠','primary');
INSERT INTO BLC_MEDIA (MEDIA_ID, URL, TITLE, ALT_TEXT) VALUES (-1063,'/cmsstatic/img/product/01.009.0170/1desc.jpg','双汇Q趣香辣风味香肠','primary');
INSERT INTO BLC_MEDIA (MEDIA_ID, URL, TITLE, ALT_TEXT) VALUES (-1062,'/cmsstatic/img/product/01.010.0171/1desc.jpg','华味亨冰糖杨梅','primary');
INSERT INTO BLC_MEDIA (MEDIA_ID, URL, TITLE, ALT_TEXT) VALUES (-1061,'/cmsstatic/img/product/01.010.0172/1desc.jpg','华味亨新疆葡萄干','primary');
INSERT INTO BLC_MEDIA (MEDIA_ID, URL, TITLE, ALT_TEXT) VALUES (-1060,'/cmsstatic/img/product/01.010.0173/1desc.jpg','华味亨吃不厌桃肉','primary');
INSERT INTO BLC_MEDIA (MEDIA_ID, URL, TITLE, ALT_TEXT) VALUES (-1059,'/cmsstatic/img/product/01.010.0174/1desc.jpg','华味亨话梅条','primary');
INSERT INTO BLC_MEDIA (MEDIA_ID, URL, TITLE, ALT_TEXT) VALUES (-1058,'/cmsstatic/img/product/01.010.0175/1desc.jpg','华味亨小姐梅','primary');
INSERT INTO BLC_MEDIA (MEDIA_ID, URL, TITLE, ALT_TEXT) VALUES (-1057,'/cmsstatic/img/product/01.010.0176/1desc.jpg','华味亨盐津提子108g','primary');
INSERT INTO BLC_MEDIA (MEDIA_ID, URL, TITLE, ALT_TEXT) VALUES (-1056,'/cmsstatic/img/product/01.010.0177/1desc.jpg','华味亨野乌梅','primary');
INSERT INTO BLC_MEDIA (MEDIA_ID, URL, TITLE, ALT_TEXT) VALUES (-1055,'/cmsstatic/img/product/01.010.0178/1desc.jpg','华味亨吃不厌话梅','primary');
INSERT INTO BLC_MEDIA (MEDIA_ID, URL, TITLE, ALT_TEXT) VALUES (-1054,'/cmsstatic/img/product/01.010.0179/1desc.jpg','华味亨九制杨梅','primary');
INSERT INTO BLC_MEDIA (MEDIA_ID, URL, TITLE, ALT_TEXT) VALUES (-1053,'/cmsstatic/img/product/01.010.0180/1desc.jpg','森茂精品阿胶枣','primary');
INSERT INTO BLC_MEDIA (MEDIA_ID, URL, TITLE, ALT_TEXT) VALUES (-1052,'/cmsstatic/img/product/01.010.0181/1desc.jpg','集味果阿胶枣','primary');
INSERT INTO BLC_MEDIA (MEDIA_ID, URL, TITLE, ALT_TEXT) VALUES (-1051,'/cmsstatic/img/product/01.011.0182/1desc.jpg','阿尔卑斯棒棒糖高级牛奶味','primary');
INSERT INTO BLC_MEDIA (MEDIA_ID, URL, TITLE, ALT_TEXT) VALUES (-1050,'/cmsstatic/img/product/01.011.0183/1desc.jpg','阿尔卑斯棒棒糖香橙牛奶味','primary');
INSERT INTO BLC_MEDIA (MEDIA_ID, URL, TITLE, ALT_TEXT) VALUES (-1049,'/cmsstatic/img/product/01.011.0184/1desc.jpg','阿尔卑斯棒棒糖荔枝牛奶味','primary');
INSERT INTO BLC_MEDIA (MEDIA_ID, URL, TITLE, ALT_TEXT) VALUES (-1048,'/cmsstatic/img/product/01.011.0185/1desc.jpg','阿尔卑斯棒棒糖草莓牛奶味','primary');
INSERT INTO BLC_MEDIA (MEDIA_ID, URL, TITLE, ALT_TEXT) VALUES (-1047,'/cmsstatic/img/product/01.011.0186/1desc.jpg','阿尔卑斯棒棒糖香草可乐味','primary');
INSERT INTO BLC_MEDIA (MEDIA_ID, URL, TITLE, ALT_TEXT) VALUES (-1046,'/cmsstatic/img/product/01.011.0187/1desc.jpg','荷氏（特强）薄荷糖','primary');
INSERT INTO BLC_MEDIA (MEDIA_ID, URL, TITLE, ALT_TEXT) VALUES (-1045,'/cmsstatic/img/product/01.011.0188/1desc.jpg','荷氏（蓝莓口味）薄荷糖','primary');
INSERT INTO BLC_MEDIA (MEDIA_ID, URL, TITLE, ALT_TEXT) VALUES (-1044,'/cmsstatic/img/product/01.011.0189/1desc.jpg','怡口莲（原味）','primary');
INSERT INTO BLC_MEDIA (MEDIA_ID, URL, TITLE, ALT_TEXT) VALUES (-1043,'/cmsstatic/img/product/01.011.0190/1desc.jpg','旺仔QQ糖香橙味','primary');
INSERT INTO BLC_MEDIA (MEDIA_ID, URL, TITLE, ALT_TEXT) VALUES (-1042,'/cmsstatic/img/product/01.011.0191/1desc.jpg','旺仔QQ糖蓝莓味','primary');
INSERT INTO BLC_MEDIA (MEDIA_ID, URL, TITLE, ALT_TEXT) VALUES (-1041,'/cmsstatic/img/product/01.011.0192/1desc.jpg','旺仔QQ糖水蜜桃味','primary');
INSERT INTO BLC_MEDIA (MEDIA_ID, URL, TITLE, ALT_TEXT) VALUES (-1040,'/cmsstatic/img/product/01.011.0193/1desc.jpg','旺仔QQ糖草莓味','primary');
INSERT INTO BLC_MEDIA (MEDIA_ID, URL, TITLE, ALT_TEXT) VALUES (-1039,'/cmsstatic/img/product/01.013.0194/1desc.jpg','明怡香耳朵','primary');
INSERT INTO BLC_MEDIA (MEDIA_ID, URL, TITLE, ALT_TEXT) VALUES (-1038,'/cmsstatic/img/product/01.008.0195/1desc.jpg','口水娃兰花豆酱汁牛肉味','primary');
INSERT INTO BLC_MEDIA (MEDIA_ID, URL, TITLE, ALT_TEXT) VALUES (-1037,'/cmsstatic/img/product/01.013.0196/1desc.jpg','大好大奶油味香瓜子','primary');
INSERT INTO BLC_MEDIA (MEDIA_ID, URL, TITLE, ALT_TEXT) VALUES (-1036,'/cmsstatic/img/product/01.013.0197/1desc.jpg','大好大奶油味香瓜子','primary');
INSERT INTO BLC_MEDIA (MEDIA_ID, URL, TITLE, ALT_TEXT) VALUES (-1035,'/cmsstatic/img/product/01.013.0198/1desc.jpg','洽洽香瓜子（百煮入味）','primary');
INSERT INTO BLC_MEDIA (MEDIA_ID, URL, TITLE, ALT_TEXT) VALUES (-1034,'/cmsstatic/img/product/01.013.0199/1desc.jpg','喜之郎果肉果冻200g(什锦)','primary');
INSERT INTO BLC_MEDIA (MEDIA_ID, URL, TITLE, ALT_TEXT) VALUES (-1033,'/cmsstatic/img/product/01.013.0200/1desc.jpg','喜之郎果肉果冻200g(黄桃&蜜桃)','primary');
INSERT INTO BLC_MEDIA (MEDIA_ID, URL, TITLE, ALT_TEXT) VALUES (-1032,'/cmsstatic/img/product/01.013.0201/1desc.jpg','喜之郎果冻（草莓味）','primary');
INSERT INTO BLC_MEDIA (MEDIA_ID, URL, TITLE, ALT_TEXT) VALUES (-1031,'/cmsstatic/img/product/01.013.0202/1desc.jpg','喜之郎果冻（苹果味）','primary');
INSERT INTO BLC_MEDIA (MEDIA_ID, URL, TITLE, ALT_TEXT) VALUES (-1030,'/cmsstatic/img/product/01.013.0203/1desc.jpg','喜之郎果冻（香橙味）','primary');
INSERT INTO BLC_MEDIA (MEDIA_ID, URL, TITLE, ALT_TEXT) VALUES (-1029,'/cmsstatic/img/product/01.013.0204/1desc.jpg','喜之郎美好时光海苔原味','primary');
INSERT INTO BLC_MEDIA (MEDIA_ID, URL, TITLE, ALT_TEXT) VALUES (-1028,'/cmsstatic/img/product/01.013.0205/1desc.jpg','老厨沙嗲牛肉','primary');
INSERT INTO BLC_MEDIA (MEDIA_ID, URL, TITLE, ALT_TEXT) VALUES (-1027,'/cmsstatic/img/product/01.013.0206/1desc.jpg','老厨五香牛肉','primary');
INSERT INTO BLC_MEDIA (MEDIA_ID, URL, TITLE, ALT_TEXT) VALUES (-1026,'/cmsstatic/img/product/01.013.0207/1desc.jpg','旺旺小馒头','primary');
INSERT INTO BLC_MEDIA (MEDIA_ID, URL, TITLE, ALT_TEXT) VALUES (-1025,'/cmsstatic/img/product/01.013.0208/1desc.jpg','香QQ蒜香青豆','primary');
INSERT INTO BLC_MEDIA (MEDIA_ID, URL, TITLE, ALT_TEXT) VALUES (-1024,'/cmsstatic/img/product/01.008.0209/1desc.jpg','世丰煎豆','primary');
INSERT INTO BLC_MEDIA (MEDIA_ID, URL, TITLE, ALT_TEXT) VALUES (-1023,'/cmsstatic/img/product/01.013.0210/1desc.jpg','惠盈鱿鱼丝','primary');
INSERT INTO BLC_MEDIA (MEDIA_ID, URL, TITLE, ALT_TEXT) VALUES (-1022,'/cmsstatic/img/product/01.013.0211/1desc.jpg','伊利牛奶片草莓味（板）','primary');
INSERT INTO BLC_MEDIA (MEDIA_ID, URL, TITLE, ALT_TEXT) VALUES (-1021,'/cmsstatic/img/product/01.013.0212/1desc.jpg','伊利牛奶片原味（板）','primary');
INSERT INTO BLC_MEDIA (MEDIA_ID, URL, TITLE, ALT_TEXT) VALUES (-1020,'/cmsstatic/img/product/01.013.0213/1desc.jpg','伊利牛奶片巧克力（板）','primary');
INSERT INTO BLC_MEDIA (MEDIA_ID, URL, TITLE, ALT_TEXT) VALUES (-1019,'/cmsstatic/img/product/01.013.0214/1desc.jpg','老奶奶花生米五香味','primary');
INSERT INTO BLC_MEDIA (MEDIA_ID, URL, TITLE, ALT_TEXT) VALUES (-1018,'/cmsstatic/img/product/01.013.0215/1desc.jpg','老奶奶花生米油炸味','primary');
INSERT INTO BLC_MEDIA (MEDIA_ID, URL, TITLE, ALT_TEXT) VALUES (-1017,'/cmsstatic/img/product/01.013.0216/1desc.jpg','金鲤桥开心果香辣味','primary');
INSERT INTO BLC_MEDIA (MEDIA_ID, URL, TITLE, ALT_TEXT) VALUES (-1016,'/cmsstatic/img/product/01.013.0217/1desc.jpg','雅利辉黄金蟹钳','primary');
INSERT INTO BLC_MEDIA (MEDIA_ID, URL, TITLE, ALT_TEXT) VALUES (-1015,'/cmsstatic/img/product/01.013.0218/1desc.jpg','洽洽香瓜子（百煮入味）','primary');
INSERT INTO BLC_MEDIA (MEDIA_ID, URL, TITLE, ALT_TEXT) VALUES (-1014,'/cmsstatic/img/product/01.013.0219/1desc.jpg','成心开心豆','primary');
INSERT INTO BLC_MEDIA (MEDIA_ID, URL, TITLE, ALT_TEXT) VALUES (-1013,'/cmsstatic/img/product/01.013.0220/1desc.jpg','华芳果丹皮','primary');
INSERT INTO BLC_MEDIA (MEDIA_ID, URL, TITLE, ALT_TEXT) VALUES (-1012,'/cmsstatic/img/product/01.013.0221/1desc.jpg','华芳山楂棒','primary');
INSERT INTO BLC_MEDIA (MEDIA_ID, URL, TITLE, ALT_TEXT) VALUES (-1011,'/cmsstatic/img/product/01.013.0222/1desc.jpg','小王子麦烧咸味','primary');
INSERT INTO BLC_MEDIA (MEDIA_ID, URL, TITLE, ALT_TEXT) VALUES (-1010,'/cmsstatic/img/product/01.013.0223/1desc.jpg','小王子麦烧葱油味','primary');
INSERT INTO BLC_MEDIA (MEDIA_ID, URL, TITLE, ALT_TEXT) VALUES (-1009,'/cmsstatic/img/product/01.013.0224/1desc.jpg','小王子麦烧麻香味','primary');
INSERT INTO BLC_MEDIA (MEDIA_ID, URL, TITLE, ALT_TEXT) VALUES (-1008,'/cmsstatic/img/product/01.013.0225/1desc.jpg','食滋源客家小年糕（香芋味）','primary');
INSERT INTO BLC_MEDIA (MEDIA_ID, URL, TITLE, ALT_TEXT) VALUES (-1007,'/cmsstatic/img/product/01.014.0226/1desc.jpg','绿箭口香糖5片装(柠檬草薄荷味)','primary');
INSERT INTO BLC_MEDIA (MEDIA_ID, URL, TITLE, ALT_TEXT) VALUES (-1006,'/cmsstatic/img/product/01.014.0227/1desc.jpg','炫迈（薄荷无糖口香糖','primary');
INSERT INTO BLC_MEDIA (MEDIA_ID, URL, TITLE, ALT_TEXT) VALUES (-1005,'/cmsstatic/img/product/01.014.0228/1desc.jpg','炫迈(水蜜桃西瓜味)无糖口香糖','primary');
INSERT INTO BLC_MEDIA (MEDIA_ID, URL, TITLE, ALT_TEXT) VALUES (-1004,'/cmsstatic/img/product/01.014.0229/1desc.jpg','益达洁白无糖口香糖56g(香橙薄荷味)','primary');
INSERT INTO BLC_MEDIA (MEDIA_ID, URL, TITLE, ALT_TEXT) VALUES (-1003,'/cmsstatic/img/product/01.014.0230/1desc.jpg','益达无糖口香糖（冰凉薄荷味）','primary');
INSERT INTO BLC_MEDIA (MEDIA_ID, URL, TITLE, ALT_TEXT) VALUES (-1002,'/cmsstatic/img/product/01.014.0231/1desc.jpg','益达木糖醇蜜瓜味56g','primary');
INSERT INTO BLC_MEDIA (MEDIA_ID, URL, TITLE, ALT_TEXT) VALUES (-1001,'/cmsstatic/img/product/01.015.0232/1desc.jpg','雪花啤酒(淡爽）','primary');
INSERT INTO BLC_MEDIA (MEDIA_ID, URL, TITLE, ALT_TEXT) VALUES (-1000,'/cmsstatic/img/product/01.015.0233/1desc.jpg','纯生啤酒','primary');



















INSERT INTO BLC_SKU_MEDIA_MAP (BLC_SKU_SKU_ID, MEDIA_ID, MAP_KEY) VALUES (-1232,-1232,'primary');
INSERT INTO BLC_SKU_MEDIA_MAP (BLC_SKU_SKU_ID, MEDIA_ID, MAP_KEY) VALUES (-1231,-1231,'primary');
INSERT INTO BLC_SKU_MEDIA_MAP (BLC_SKU_SKU_ID, MEDIA_ID, MAP_KEY) VALUES (-1230,-1230,'primary');
INSERT INTO BLC_SKU_MEDIA_MAP (BLC_SKU_SKU_ID, MEDIA_ID, MAP_KEY) VALUES (-1229,-1229,'primary');
INSERT INTO BLC_SKU_MEDIA_MAP (BLC_SKU_SKU_ID, MEDIA_ID, MAP_KEY) VALUES (-1228,-1228,'primary');
INSERT INTO BLC_SKU_MEDIA_MAP (BLC_SKU_SKU_ID, MEDIA_ID, MAP_KEY) VALUES (-1227,-1227,'primary');
INSERT INTO BLC_SKU_MEDIA_MAP (BLC_SKU_SKU_ID, MEDIA_ID, MAP_KEY) VALUES (-1226,-1226,'primary');
INSERT INTO BLC_SKU_MEDIA_MAP (BLC_SKU_SKU_ID, MEDIA_ID, MAP_KEY) VALUES (-1225,-1225,'primary');
INSERT INTO BLC_SKU_MEDIA_MAP (BLC_SKU_SKU_ID, MEDIA_ID, MAP_KEY) VALUES (-1224,-1224,'primary');
INSERT INTO BLC_SKU_MEDIA_MAP (BLC_SKU_SKU_ID, MEDIA_ID, MAP_KEY) VALUES (-1223,-1223,'primary');
INSERT INTO BLC_SKU_MEDIA_MAP (BLC_SKU_SKU_ID, MEDIA_ID, MAP_KEY) VALUES (-1222,-1222,'primary');
INSERT INTO BLC_SKU_MEDIA_MAP (BLC_SKU_SKU_ID, MEDIA_ID, MAP_KEY) VALUES (-1221,-1221,'primary');
INSERT INTO BLC_SKU_MEDIA_MAP (BLC_SKU_SKU_ID, MEDIA_ID, MAP_KEY) VALUES (-1220,-1220,'primary');
INSERT INTO BLC_SKU_MEDIA_MAP (BLC_SKU_SKU_ID, MEDIA_ID, MAP_KEY) VALUES (-1219,-1219,'primary');
INSERT INTO BLC_SKU_MEDIA_MAP (BLC_SKU_SKU_ID, MEDIA_ID, MAP_KEY) VALUES (-1218,-1218,'primary');
INSERT INTO BLC_SKU_MEDIA_MAP (BLC_SKU_SKU_ID, MEDIA_ID, MAP_KEY) VALUES (-1217,-1217,'primary');
INSERT INTO BLC_SKU_MEDIA_MAP (BLC_SKU_SKU_ID, MEDIA_ID, MAP_KEY) VALUES (-1216,-1216,'primary');
INSERT INTO BLC_SKU_MEDIA_MAP (BLC_SKU_SKU_ID, MEDIA_ID, MAP_KEY) VALUES (-1215,-1215,'primary');
INSERT INTO BLC_SKU_MEDIA_MAP (BLC_SKU_SKU_ID, MEDIA_ID, MAP_KEY) VALUES (-1214,-1214,'primary');
INSERT INTO BLC_SKU_MEDIA_MAP (BLC_SKU_SKU_ID, MEDIA_ID, MAP_KEY) VALUES (-1213,-1213,'primary');
INSERT INTO BLC_SKU_MEDIA_MAP (BLC_SKU_SKU_ID, MEDIA_ID, MAP_KEY) VALUES (-1212,-1212,'primary');
INSERT INTO BLC_SKU_MEDIA_MAP (BLC_SKU_SKU_ID, MEDIA_ID, MAP_KEY) VALUES (-1211,-1211,'primary');
INSERT INTO BLC_SKU_MEDIA_MAP (BLC_SKU_SKU_ID, MEDIA_ID, MAP_KEY) VALUES (-1210,-1210,'primary');
INSERT INTO BLC_SKU_MEDIA_MAP (BLC_SKU_SKU_ID, MEDIA_ID, MAP_KEY) VALUES (-1209,-1209,'primary');
INSERT INTO BLC_SKU_MEDIA_MAP (BLC_SKU_SKU_ID, MEDIA_ID, MAP_KEY) VALUES (-1208,-1208,'primary');
INSERT INTO BLC_SKU_MEDIA_MAP (BLC_SKU_SKU_ID, MEDIA_ID, MAP_KEY) VALUES (-1207,-1207,'primary');
INSERT INTO BLC_SKU_MEDIA_MAP (BLC_SKU_SKU_ID, MEDIA_ID, MAP_KEY) VALUES (-1206,-1206,'primary');
INSERT INTO BLC_SKU_MEDIA_MAP (BLC_SKU_SKU_ID, MEDIA_ID, MAP_KEY) VALUES (-1205,-1205,'primary');
INSERT INTO BLC_SKU_MEDIA_MAP (BLC_SKU_SKU_ID, MEDIA_ID, MAP_KEY) VALUES (-1204,-1204,'primary');
INSERT INTO BLC_SKU_MEDIA_MAP (BLC_SKU_SKU_ID, MEDIA_ID, MAP_KEY) VALUES (-1203,-1203,'primary');
INSERT INTO BLC_SKU_MEDIA_MAP (BLC_SKU_SKU_ID, MEDIA_ID, MAP_KEY) VALUES (-1202,-1202,'primary');
INSERT INTO BLC_SKU_MEDIA_MAP (BLC_SKU_SKU_ID, MEDIA_ID, MAP_KEY) VALUES (-1201,-1201,'primary');
INSERT INTO BLC_SKU_MEDIA_MAP (BLC_SKU_SKU_ID, MEDIA_ID, MAP_KEY) VALUES (-1200,-1200,'primary');
INSERT INTO BLC_SKU_MEDIA_MAP (BLC_SKU_SKU_ID, MEDIA_ID, MAP_KEY) VALUES (-1199,-1199,'primary');
INSERT INTO BLC_SKU_MEDIA_MAP (BLC_SKU_SKU_ID, MEDIA_ID, MAP_KEY) VALUES (-1198,-1198,'primary');
INSERT INTO BLC_SKU_MEDIA_MAP (BLC_SKU_SKU_ID, MEDIA_ID, MAP_KEY) VALUES (-1197,-1197,'primary');
INSERT INTO BLC_SKU_MEDIA_MAP (BLC_SKU_SKU_ID, MEDIA_ID, MAP_KEY) VALUES (-1196,-1196,'primary');
INSERT INTO BLC_SKU_MEDIA_MAP (BLC_SKU_SKU_ID, MEDIA_ID, MAP_KEY) VALUES (-1195,-1195,'primary');
INSERT INTO BLC_SKU_MEDIA_MAP (BLC_SKU_SKU_ID, MEDIA_ID, MAP_KEY) VALUES (-1194,-1194,'primary');
INSERT INTO BLC_SKU_MEDIA_MAP (BLC_SKU_SKU_ID, MEDIA_ID, MAP_KEY) VALUES (-1193,-1193,'primary');
INSERT INTO BLC_SKU_MEDIA_MAP (BLC_SKU_SKU_ID, MEDIA_ID, MAP_KEY) VALUES (-1192,-1192,'primary');
INSERT INTO BLC_SKU_MEDIA_MAP (BLC_SKU_SKU_ID, MEDIA_ID, MAP_KEY) VALUES (-1191,-1191,'primary');
INSERT INTO BLC_SKU_MEDIA_MAP (BLC_SKU_SKU_ID, MEDIA_ID, MAP_KEY) VALUES (-1190,-1190,'primary');
INSERT INTO BLC_SKU_MEDIA_MAP (BLC_SKU_SKU_ID, MEDIA_ID, MAP_KEY) VALUES (-1189,-1189,'primary');
INSERT INTO BLC_SKU_MEDIA_MAP (BLC_SKU_SKU_ID, MEDIA_ID, MAP_KEY) VALUES (-1188,-1188,'primary');
INSERT INTO BLC_SKU_MEDIA_MAP (BLC_SKU_SKU_ID, MEDIA_ID, MAP_KEY) VALUES (-1187,-1187,'primary');
INSERT INTO BLC_SKU_MEDIA_MAP (BLC_SKU_SKU_ID, MEDIA_ID, MAP_KEY) VALUES (-1186,-1186,'primary');
INSERT INTO BLC_SKU_MEDIA_MAP (BLC_SKU_SKU_ID, MEDIA_ID, MAP_KEY) VALUES (-1185,-1185,'primary');
INSERT INTO BLC_SKU_MEDIA_MAP (BLC_SKU_SKU_ID, MEDIA_ID, MAP_KEY) VALUES (-1184,-1184,'primary');
INSERT INTO BLC_SKU_MEDIA_MAP (BLC_SKU_SKU_ID, MEDIA_ID, MAP_KEY) VALUES (-1183,-1183,'primary');
INSERT INTO BLC_SKU_MEDIA_MAP (BLC_SKU_SKU_ID, MEDIA_ID, MAP_KEY) VALUES (-1182,-1182,'primary');
INSERT INTO BLC_SKU_MEDIA_MAP (BLC_SKU_SKU_ID, MEDIA_ID, MAP_KEY) VALUES (-1181,-1181,'primary');
INSERT INTO BLC_SKU_MEDIA_MAP (BLC_SKU_SKU_ID, MEDIA_ID, MAP_KEY) VALUES (-1180,-1180,'primary');
INSERT INTO BLC_SKU_MEDIA_MAP (BLC_SKU_SKU_ID, MEDIA_ID, MAP_KEY) VALUES (-1179,-1179,'primary');
INSERT INTO BLC_SKU_MEDIA_MAP (BLC_SKU_SKU_ID, MEDIA_ID, MAP_KEY) VALUES (-1178,-1178,'primary');
INSERT INTO BLC_SKU_MEDIA_MAP (BLC_SKU_SKU_ID, MEDIA_ID, MAP_KEY) VALUES (-1177,-1177,'primary');
INSERT INTO BLC_SKU_MEDIA_MAP (BLC_SKU_SKU_ID, MEDIA_ID, MAP_KEY) VALUES (-1176,-1176,'primary');
INSERT INTO BLC_SKU_MEDIA_MAP (BLC_SKU_SKU_ID, MEDIA_ID, MAP_KEY) VALUES (-1175,-1175,'primary');
INSERT INTO BLC_SKU_MEDIA_MAP (BLC_SKU_SKU_ID, MEDIA_ID, MAP_KEY) VALUES (-1174,-1174,'primary');
INSERT INTO BLC_SKU_MEDIA_MAP (BLC_SKU_SKU_ID, MEDIA_ID, MAP_KEY) VALUES (-1173,-1173,'primary');
INSERT INTO BLC_SKU_MEDIA_MAP (BLC_SKU_SKU_ID, MEDIA_ID, MAP_KEY) VALUES (-1172,-1172,'primary');
INSERT INTO BLC_SKU_MEDIA_MAP (BLC_SKU_SKU_ID, MEDIA_ID, MAP_KEY) VALUES (-1171,-1171,'primary');
INSERT INTO BLC_SKU_MEDIA_MAP (BLC_SKU_SKU_ID, MEDIA_ID, MAP_KEY) VALUES (-1170,-1170,'primary');
INSERT INTO BLC_SKU_MEDIA_MAP (BLC_SKU_SKU_ID, MEDIA_ID, MAP_KEY) VALUES (-1169,-1169,'primary');
INSERT INTO BLC_SKU_MEDIA_MAP (BLC_SKU_SKU_ID, MEDIA_ID, MAP_KEY) VALUES (-1168,-1168,'primary');
INSERT INTO BLC_SKU_MEDIA_MAP (BLC_SKU_SKU_ID, MEDIA_ID, MAP_KEY) VALUES (-1167,-1167,'primary');
INSERT INTO BLC_SKU_MEDIA_MAP (BLC_SKU_SKU_ID, MEDIA_ID, MAP_KEY) VALUES (-1166,-1166,'primary');
INSERT INTO BLC_SKU_MEDIA_MAP (BLC_SKU_SKU_ID, MEDIA_ID, MAP_KEY) VALUES (-1165,-1165,'primary');
INSERT INTO BLC_SKU_MEDIA_MAP (BLC_SKU_SKU_ID, MEDIA_ID, MAP_KEY) VALUES (-1164,-1164,'primary');
INSERT INTO BLC_SKU_MEDIA_MAP (BLC_SKU_SKU_ID, MEDIA_ID, MAP_KEY) VALUES (-1163,-1163,'primary');
INSERT INTO BLC_SKU_MEDIA_MAP (BLC_SKU_SKU_ID, MEDIA_ID, MAP_KEY) VALUES (-1162,-1162,'primary');
INSERT INTO BLC_SKU_MEDIA_MAP (BLC_SKU_SKU_ID, MEDIA_ID, MAP_KEY) VALUES (-1161,-1161,'primary');
INSERT INTO BLC_SKU_MEDIA_MAP (BLC_SKU_SKU_ID, MEDIA_ID, MAP_KEY) VALUES (-1160,-1160,'primary');
INSERT INTO BLC_SKU_MEDIA_MAP (BLC_SKU_SKU_ID, MEDIA_ID, MAP_KEY) VALUES (-1159,-1159,'primary');
INSERT INTO BLC_SKU_MEDIA_MAP (BLC_SKU_SKU_ID, MEDIA_ID, MAP_KEY) VALUES (-1158,-1158,'primary');
INSERT INTO BLC_SKU_MEDIA_MAP (BLC_SKU_SKU_ID, MEDIA_ID, MAP_KEY) VALUES (-1157,-1157,'primary');
INSERT INTO BLC_SKU_MEDIA_MAP (BLC_SKU_SKU_ID, MEDIA_ID, MAP_KEY) VALUES (-1156,-1156,'primary');
INSERT INTO BLC_SKU_MEDIA_MAP (BLC_SKU_SKU_ID, MEDIA_ID, MAP_KEY) VALUES (-1155,-1155,'primary');
INSERT INTO BLC_SKU_MEDIA_MAP (BLC_SKU_SKU_ID, MEDIA_ID, MAP_KEY) VALUES (-1154,-1154,'primary');
INSERT INTO BLC_SKU_MEDIA_MAP (BLC_SKU_SKU_ID, MEDIA_ID, MAP_KEY) VALUES (-1153,-1153,'primary');
INSERT INTO BLC_SKU_MEDIA_MAP (BLC_SKU_SKU_ID, MEDIA_ID, MAP_KEY) VALUES (-1152,-1152,'primary');
INSERT INTO BLC_SKU_MEDIA_MAP (BLC_SKU_SKU_ID, MEDIA_ID, MAP_KEY) VALUES (-1151,-1151,'primary');
INSERT INTO BLC_SKU_MEDIA_MAP (BLC_SKU_SKU_ID, MEDIA_ID, MAP_KEY) VALUES (-1150,-1150,'primary');
INSERT INTO BLC_SKU_MEDIA_MAP (BLC_SKU_SKU_ID, MEDIA_ID, MAP_KEY) VALUES (-1149,-1149,'primary');
INSERT INTO BLC_SKU_MEDIA_MAP (BLC_SKU_SKU_ID, MEDIA_ID, MAP_KEY) VALUES (-1148,-1148,'primary');
INSERT INTO BLC_SKU_MEDIA_MAP (BLC_SKU_SKU_ID, MEDIA_ID, MAP_KEY) VALUES (-1147,-1147,'primary');
INSERT INTO BLC_SKU_MEDIA_MAP (BLC_SKU_SKU_ID, MEDIA_ID, MAP_KEY) VALUES (-1146,-1146,'primary');
INSERT INTO BLC_SKU_MEDIA_MAP (BLC_SKU_SKU_ID, MEDIA_ID, MAP_KEY) VALUES (-1145,-1145,'primary');
INSERT INTO BLC_SKU_MEDIA_MAP (BLC_SKU_SKU_ID, MEDIA_ID, MAP_KEY) VALUES (-1144,-1144,'primary');
INSERT INTO BLC_SKU_MEDIA_MAP (BLC_SKU_SKU_ID, MEDIA_ID, MAP_KEY) VALUES (-1143,-1143,'primary');
INSERT INTO BLC_SKU_MEDIA_MAP (BLC_SKU_SKU_ID, MEDIA_ID, MAP_KEY) VALUES (-1142,-1142,'primary');
INSERT INTO BLC_SKU_MEDIA_MAP (BLC_SKU_SKU_ID, MEDIA_ID, MAP_KEY) VALUES (-1141,-1141,'primary');
INSERT INTO BLC_SKU_MEDIA_MAP (BLC_SKU_SKU_ID, MEDIA_ID, MAP_KEY) VALUES (-1140,-1140,'primary');
INSERT INTO BLC_SKU_MEDIA_MAP (BLC_SKU_SKU_ID, MEDIA_ID, MAP_KEY) VALUES (-1139,-1139,'primary');
INSERT INTO BLC_SKU_MEDIA_MAP (BLC_SKU_SKU_ID, MEDIA_ID, MAP_KEY) VALUES (-1138,-1138,'primary');
INSERT INTO BLC_SKU_MEDIA_MAP (BLC_SKU_SKU_ID, MEDIA_ID, MAP_KEY) VALUES (-1137,-1137,'primary');
INSERT INTO BLC_SKU_MEDIA_MAP (BLC_SKU_SKU_ID, MEDIA_ID, MAP_KEY) VALUES (-1136,-1136,'primary');
INSERT INTO BLC_SKU_MEDIA_MAP (BLC_SKU_SKU_ID, MEDIA_ID, MAP_KEY) VALUES (-1135,-1135,'primary');
INSERT INTO BLC_SKU_MEDIA_MAP (BLC_SKU_SKU_ID, MEDIA_ID, MAP_KEY) VALUES (-1134,-1134,'primary');
INSERT INTO BLC_SKU_MEDIA_MAP (BLC_SKU_SKU_ID, MEDIA_ID, MAP_KEY) VALUES (-1133,-1133,'primary');
INSERT INTO BLC_SKU_MEDIA_MAP (BLC_SKU_SKU_ID, MEDIA_ID, MAP_KEY) VALUES (-1132,-1132,'primary');
INSERT INTO BLC_SKU_MEDIA_MAP (BLC_SKU_SKU_ID, MEDIA_ID, MAP_KEY) VALUES (-1131,-1131,'primary');
INSERT INTO BLC_SKU_MEDIA_MAP (BLC_SKU_SKU_ID, MEDIA_ID, MAP_KEY) VALUES (-1130,-1130,'primary');
INSERT INTO BLC_SKU_MEDIA_MAP (BLC_SKU_SKU_ID, MEDIA_ID, MAP_KEY) VALUES (-1129,-1129,'primary');
INSERT INTO BLC_SKU_MEDIA_MAP (BLC_SKU_SKU_ID, MEDIA_ID, MAP_KEY) VALUES (-1128,-1128,'primary');
INSERT INTO BLC_SKU_MEDIA_MAP (BLC_SKU_SKU_ID, MEDIA_ID, MAP_KEY) VALUES (-1127,-1127,'primary');
INSERT INTO BLC_SKU_MEDIA_MAP (BLC_SKU_SKU_ID, MEDIA_ID, MAP_KEY) VALUES (-1126,-1126,'primary');
INSERT INTO BLC_SKU_MEDIA_MAP (BLC_SKU_SKU_ID, MEDIA_ID, MAP_KEY) VALUES (-1125,-1125,'primary');
INSERT INTO BLC_SKU_MEDIA_MAP (BLC_SKU_SKU_ID, MEDIA_ID, MAP_KEY) VALUES (-1124,-1124,'primary');
INSERT INTO BLC_SKU_MEDIA_MAP (BLC_SKU_SKU_ID, MEDIA_ID, MAP_KEY) VALUES (-1123,-1123,'primary');
INSERT INTO BLC_SKU_MEDIA_MAP (BLC_SKU_SKU_ID, MEDIA_ID, MAP_KEY) VALUES (-1122,-1122,'primary');
INSERT INTO BLC_SKU_MEDIA_MAP (BLC_SKU_SKU_ID, MEDIA_ID, MAP_KEY) VALUES (-1121,-1121,'primary');
INSERT INTO BLC_SKU_MEDIA_MAP (BLC_SKU_SKU_ID, MEDIA_ID, MAP_KEY) VALUES (-1120,-1120,'primary');
INSERT INTO BLC_SKU_MEDIA_MAP (BLC_SKU_SKU_ID, MEDIA_ID, MAP_KEY) VALUES (-1119,-1119,'primary');
INSERT INTO BLC_SKU_MEDIA_MAP (BLC_SKU_SKU_ID, MEDIA_ID, MAP_KEY) VALUES (-1118,-1118,'primary');
INSERT INTO BLC_SKU_MEDIA_MAP (BLC_SKU_SKU_ID, MEDIA_ID, MAP_KEY) VALUES (-1117,-1117,'primary');
INSERT INTO BLC_SKU_MEDIA_MAP (BLC_SKU_SKU_ID, MEDIA_ID, MAP_KEY) VALUES (-1116,-1116,'primary');
INSERT INTO BLC_SKU_MEDIA_MAP (BLC_SKU_SKU_ID, MEDIA_ID, MAP_KEY) VALUES (-1115,-1115,'primary');
INSERT INTO BLC_SKU_MEDIA_MAP (BLC_SKU_SKU_ID, MEDIA_ID, MAP_KEY) VALUES (-1114,-1114,'primary');
INSERT INTO BLC_SKU_MEDIA_MAP (BLC_SKU_SKU_ID, MEDIA_ID, MAP_KEY) VALUES (-1113,-1113,'primary');
INSERT INTO BLC_SKU_MEDIA_MAP (BLC_SKU_SKU_ID, MEDIA_ID, MAP_KEY) VALUES (-1112,-1112,'primary');
INSERT INTO BLC_SKU_MEDIA_MAP (BLC_SKU_SKU_ID, MEDIA_ID, MAP_KEY) VALUES (-1111,-1111,'primary');
INSERT INTO BLC_SKU_MEDIA_MAP (BLC_SKU_SKU_ID, MEDIA_ID, MAP_KEY) VALUES (-1110,-1110,'primary');
INSERT INTO BLC_SKU_MEDIA_MAP (BLC_SKU_SKU_ID, MEDIA_ID, MAP_KEY) VALUES (-1109,-1109,'primary');
INSERT INTO BLC_SKU_MEDIA_MAP (BLC_SKU_SKU_ID, MEDIA_ID, MAP_KEY) VALUES (-1108,-1108,'primary');
INSERT INTO BLC_SKU_MEDIA_MAP (BLC_SKU_SKU_ID, MEDIA_ID, MAP_KEY) VALUES (-1107,-1107,'primary');
INSERT INTO BLC_SKU_MEDIA_MAP (BLC_SKU_SKU_ID, MEDIA_ID, MAP_KEY) VALUES (-1106,-1106,'primary');
INSERT INTO BLC_SKU_MEDIA_MAP (BLC_SKU_SKU_ID, MEDIA_ID, MAP_KEY) VALUES (-1105,-1105,'primary');
INSERT INTO BLC_SKU_MEDIA_MAP (BLC_SKU_SKU_ID, MEDIA_ID, MAP_KEY) VALUES (-1104,-1104,'primary');
INSERT INTO BLC_SKU_MEDIA_MAP (BLC_SKU_SKU_ID, MEDIA_ID, MAP_KEY) VALUES (-1103,-1103,'primary');
INSERT INTO BLC_SKU_MEDIA_MAP (BLC_SKU_SKU_ID, MEDIA_ID, MAP_KEY) VALUES (-1102,-1102,'primary');
INSERT INTO BLC_SKU_MEDIA_MAP (BLC_SKU_SKU_ID, MEDIA_ID, MAP_KEY) VALUES (-1101,-1101,'primary');
INSERT INTO BLC_SKU_MEDIA_MAP (BLC_SKU_SKU_ID, MEDIA_ID, MAP_KEY) VALUES (-1100,-1100,'primary');
INSERT INTO BLC_SKU_MEDIA_MAP (BLC_SKU_SKU_ID, MEDIA_ID, MAP_KEY) VALUES (-1099,-1099,'primary');
INSERT INTO BLC_SKU_MEDIA_MAP (BLC_SKU_SKU_ID, MEDIA_ID, MAP_KEY) VALUES (-1098,-1098,'primary');
INSERT INTO BLC_SKU_MEDIA_MAP (BLC_SKU_SKU_ID, MEDIA_ID, MAP_KEY) VALUES (-1097,-1097,'primary');
INSERT INTO BLC_SKU_MEDIA_MAP (BLC_SKU_SKU_ID, MEDIA_ID, MAP_KEY) VALUES (-1096,-1096,'primary');
INSERT INTO BLC_SKU_MEDIA_MAP (BLC_SKU_SKU_ID, MEDIA_ID, MAP_KEY) VALUES (-1095,-1095,'primary');
INSERT INTO BLC_SKU_MEDIA_MAP (BLC_SKU_SKU_ID, MEDIA_ID, MAP_KEY) VALUES (-1094,-1094,'primary');
INSERT INTO BLC_SKU_MEDIA_MAP (BLC_SKU_SKU_ID, MEDIA_ID, MAP_KEY) VALUES (-1093,-1093,'primary');
INSERT INTO BLC_SKU_MEDIA_MAP (BLC_SKU_SKU_ID, MEDIA_ID, MAP_KEY) VALUES (-1092,-1092,'primary');
INSERT INTO BLC_SKU_MEDIA_MAP (BLC_SKU_SKU_ID, MEDIA_ID, MAP_KEY) VALUES (-1091,-1091,'primary');
INSERT INTO BLC_SKU_MEDIA_MAP (BLC_SKU_SKU_ID, MEDIA_ID, MAP_KEY) VALUES (-1090,-1090,'primary');
INSERT INTO BLC_SKU_MEDIA_MAP (BLC_SKU_SKU_ID, MEDIA_ID, MAP_KEY) VALUES (-1089,-1089,'primary');
INSERT INTO BLC_SKU_MEDIA_MAP (BLC_SKU_SKU_ID, MEDIA_ID, MAP_KEY) VALUES (-1088,-1088,'primary');
INSERT INTO BLC_SKU_MEDIA_MAP (BLC_SKU_SKU_ID, MEDIA_ID, MAP_KEY) VALUES (-1087,-1087,'primary');
INSERT INTO BLC_SKU_MEDIA_MAP (BLC_SKU_SKU_ID, MEDIA_ID, MAP_KEY) VALUES (-1086,-1086,'primary');
INSERT INTO BLC_SKU_MEDIA_MAP (BLC_SKU_SKU_ID, MEDIA_ID, MAP_KEY) VALUES (-1085,-1085,'primary');
INSERT INTO BLC_SKU_MEDIA_MAP (BLC_SKU_SKU_ID, MEDIA_ID, MAP_KEY) VALUES (-1084,-1084,'primary');
INSERT INTO BLC_SKU_MEDIA_MAP (BLC_SKU_SKU_ID, MEDIA_ID, MAP_KEY) VALUES (-1083,-1083,'primary');
INSERT INTO BLC_SKU_MEDIA_MAP (BLC_SKU_SKU_ID, MEDIA_ID, MAP_KEY) VALUES (-1082,-1082,'primary');
INSERT INTO BLC_SKU_MEDIA_MAP (BLC_SKU_SKU_ID, MEDIA_ID, MAP_KEY) VALUES (-1081,-1081,'primary');
INSERT INTO BLC_SKU_MEDIA_MAP (BLC_SKU_SKU_ID, MEDIA_ID, MAP_KEY) VALUES (-1080,-1080,'primary');
INSERT INTO BLC_SKU_MEDIA_MAP (BLC_SKU_SKU_ID, MEDIA_ID, MAP_KEY) VALUES (-1079,-1079,'primary');
INSERT INTO BLC_SKU_MEDIA_MAP (BLC_SKU_SKU_ID, MEDIA_ID, MAP_KEY) VALUES (-1078,-1078,'primary');
INSERT INTO BLC_SKU_MEDIA_MAP (BLC_SKU_SKU_ID, MEDIA_ID, MAP_KEY) VALUES (-1077,-1077,'primary');
INSERT INTO BLC_SKU_MEDIA_MAP (BLC_SKU_SKU_ID, MEDIA_ID, MAP_KEY) VALUES (-1076,-1076,'primary');
INSERT INTO BLC_SKU_MEDIA_MAP (BLC_SKU_SKU_ID, MEDIA_ID, MAP_KEY) VALUES (-1075,-1075,'primary');
INSERT INTO BLC_SKU_MEDIA_MAP (BLC_SKU_SKU_ID, MEDIA_ID, MAP_KEY) VALUES (-1074,-1074,'primary');
INSERT INTO BLC_SKU_MEDIA_MAP (BLC_SKU_SKU_ID, MEDIA_ID, MAP_KEY) VALUES (-1073,-1073,'primary');
INSERT INTO BLC_SKU_MEDIA_MAP (BLC_SKU_SKU_ID, MEDIA_ID, MAP_KEY) VALUES (-1072,-1072,'primary');
INSERT INTO BLC_SKU_MEDIA_MAP (BLC_SKU_SKU_ID, MEDIA_ID, MAP_KEY) VALUES (-1071,-1071,'primary');
INSERT INTO BLC_SKU_MEDIA_MAP (BLC_SKU_SKU_ID, MEDIA_ID, MAP_KEY) VALUES (-1070,-1070,'primary');
INSERT INTO BLC_SKU_MEDIA_MAP (BLC_SKU_SKU_ID, MEDIA_ID, MAP_KEY) VALUES (-1069,-1069,'primary');
INSERT INTO BLC_SKU_MEDIA_MAP (BLC_SKU_SKU_ID, MEDIA_ID, MAP_KEY) VALUES (-1068,-1068,'primary');
INSERT INTO BLC_SKU_MEDIA_MAP (BLC_SKU_SKU_ID, MEDIA_ID, MAP_KEY) VALUES (-1067,-1067,'primary');
INSERT INTO BLC_SKU_MEDIA_MAP (BLC_SKU_SKU_ID, MEDIA_ID, MAP_KEY) VALUES (-1066,-1066,'primary');
INSERT INTO BLC_SKU_MEDIA_MAP (BLC_SKU_SKU_ID, MEDIA_ID, MAP_KEY) VALUES (-1065,-1065,'primary');
INSERT INTO BLC_SKU_MEDIA_MAP (BLC_SKU_SKU_ID, MEDIA_ID, MAP_KEY) VALUES (-1064,-1064,'primary');
INSERT INTO BLC_SKU_MEDIA_MAP (BLC_SKU_SKU_ID, MEDIA_ID, MAP_KEY) VALUES (-1063,-1063,'primary');
INSERT INTO BLC_SKU_MEDIA_MAP (BLC_SKU_SKU_ID, MEDIA_ID, MAP_KEY) VALUES (-1062,-1062,'primary');
INSERT INTO BLC_SKU_MEDIA_MAP (BLC_SKU_SKU_ID, MEDIA_ID, MAP_KEY) VALUES (-1061,-1061,'primary');
INSERT INTO BLC_SKU_MEDIA_MAP (BLC_SKU_SKU_ID, MEDIA_ID, MAP_KEY) VALUES (-1060,-1060,'primary');
INSERT INTO BLC_SKU_MEDIA_MAP (BLC_SKU_SKU_ID, MEDIA_ID, MAP_KEY) VALUES (-1059,-1059,'primary');
INSERT INTO BLC_SKU_MEDIA_MAP (BLC_SKU_SKU_ID, MEDIA_ID, MAP_KEY) VALUES (-1058,-1058,'primary');
INSERT INTO BLC_SKU_MEDIA_MAP (BLC_SKU_SKU_ID, MEDIA_ID, MAP_KEY) VALUES (-1057,-1057,'primary');
INSERT INTO BLC_SKU_MEDIA_MAP (BLC_SKU_SKU_ID, MEDIA_ID, MAP_KEY) VALUES (-1056,-1056,'primary');
INSERT INTO BLC_SKU_MEDIA_MAP (BLC_SKU_SKU_ID, MEDIA_ID, MAP_KEY) VALUES (-1055,-1055,'primary');
INSERT INTO BLC_SKU_MEDIA_MAP (BLC_SKU_SKU_ID, MEDIA_ID, MAP_KEY) VALUES (-1054,-1054,'primary');
INSERT INTO BLC_SKU_MEDIA_MAP (BLC_SKU_SKU_ID, MEDIA_ID, MAP_KEY) VALUES (-1053,-1053,'primary');
INSERT INTO BLC_SKU_MEDIA_MAP (BLC_SKU_SKU_ID, MEDIA_ID, MAP_KEY) VALUES (-1052,-1052,'primary');
INSERT INTO BLC_SKU_MEDIA_MAP (BLC_SKU_SKU_ID, MEDIA_ID, MAP_KEY) VALUES (-1051,-1051,'primary');
INSERT INTO BLC_SKU_MEDIA_MAP (BLC_SKU_SKU_ID, MEDIA_ID, MAP_KEY) VALUES (-1050,-1050,'primary');
INSERT INTO BLC_SKU_MEDIA_MAP (BLC_SKU_SKU_ID, MEDIA_ID, MAP_KEY) VALUES (-1049,-1049,'primary');
INSERT INTO BLC_SKU_MEDIA_MAP (BLC_SKU_SKU_ID, MEDIA_ID, MAP_KEY) VALUES (-1048,-1048,'primary');
INSERT INTO BLC_SKU_MEDIA_MAP (BLC_SKU_SKU_ID, MEDIA_ID, MAP_KEY) VALUES (-1047,-1047,'primary');
INSERT INTO BLC_SKU_MEDIA_MAP (BLC_SKU_SKU_ID, MEDIA_ID, MAP_KEY) VALUES (-1046,-1046,'primary');
INSERT INTO BLC_SKU_MEDIA_MAP (BLC_SKU_SKU_ID, MEDIA_ID, MAP_KEY) VALUES (-1045,-1045,'primary');
INSERT INTO BLC_SKU_MEDIA_MAP (BLC_SKU_SKU_ID, MEDIA_ID, MAP_KEY) VALUES (-1044,-1044,'primary');
INSERT INTO BLC_SKU_MEDIA_MAP (BLC_SKU_SKU_ID, MEDIA_ID, MAP_KEY) VALUES (-1043,-1043,'primary');
INSERT INTO BLC_SKU_MEDIA_MAP (BLC_SKU_SKU_ID, MEDIA_ID, MAP_KEY) VALUES (-1042,-1042,'primary');
INSERT INTO BLC_SKU_MEDIA_MAP (BLC_SKU_SKU_ID, MEDIA_ID, MAP_KEY) VALUES (-1041,-1041,'primary');
INSERT INTO BLC_SKU_MEDIA_MAP (BLC_SKU_SKU_ID, MEDIA_ID, MAP_KEY) VALUES (-1040,-1040,'primary');
INSERT INTO BLC_SKU_MEDIA_MAP (BLC_SKU_SKU_ID, MEDIA_ID, MAP_KEY) VALUES (-1039,-1039,'primary');
INSERT INTO BLC_SKU_MEDIA_MAP (BLC_SKU_SKU_ID, MEDIA_ID, MAP_KEY) VALUES (-1038,-1038,'primary');
INSERT INTO BLC_SKU_MEDIA_MAP (BLC_SKU_SKU_ID, MEDIA_ID, MAP_KEY) VALUES (-1037,-1037,'primary');
INSERT INTO BLC_SKU_MEDIA_MAP (BLC_SKU_SKU_ID, MEDIA_ID, MAP_KEY) VALUES (-1036,-1036,'primary');
INSERT INTO BLC_SKU_MEDIA_MAP (BLC_SKU_SKU_ID, MEDIA_ID, MAP_KEY) VALUES (-1035,-1035,'primary');
INSERT INTO BLC_SKU_MEDIA_MAP (BLC_SKU_SKU_ID, MEDIA_ID, MAP_KEY) VALUES (-1034,-1034,'primary');
INSERT INTO BLC_SKU_MEDIA_MAP (BLC_SKU_SKU_ID, MEDIA_ID, MAP_KEY) VALUES (-1033,-1033,'primary');
INSERT INTO BLC_SKU_MEDIA_MAP (BLC_SKU_SKU_ID, MEDIA_ID, MAP_KEY) VALUES (-1032,-1032,'primary');
INSERT INTO BLC_SKU_MEDIA_MAP (BLC_SKU_SKU_ID, MEDIA_ID, MAP_KEY) VALUES (-1031,-1031,'primary');
INSERT INTO BLC_SKU_MEDIA_MAP (BLC_SKU_SKU_ID, MEDIA_ID, MAP_KEY) VALUES (-1030,-1030,'primary');
INSERT INTO BLC_SKU_MEDIA_MAP (BLC_SKU_SKU_ID, MEDIA_ID, MAP_KEY) VALUES (-1029,-1029,'primary');
INSERT INTO BLC_SKU_MEDIA_MAP (BLC_SKU_SKU_ID, MEDIA_ID, MAP_KEY) VALUES (-1028,-1028,'primary');
INSERT INTO BLC_SKU_MEDIA_MAP (BLC_SKU_SKU_ID, MEDIA_ID, MAP_KEY) VALUES (-1027,-1027,'primary');
INSERT INTO BLC_SKU_MEDIA_MAP (BLC_SKU_SKU_ID, MEDIA_ID, MAP_KEY) VALUES (-1026,-1026,'primary');
INSERT INTO BLC_SKU_MEDIA_MAP (BLC_SKU_SKU_ID, MEDIA_ID, MAP_KEY) VALUES (-1025,-1025,'primary');
INSERT INTO BLC_SKU_MEDIA_MAP (BLC_SKU_SKU_ID, MEDIA_ID, MAP_KEY) VALUES (-1024,-1024,'primary');
INSERT INTO BLC_SKU_MEDIA_MAP (BLC_SKU_SKU_ID, MEDIA_ID, MAP_KEY) VALUES (-1023,-1023,'primary');
INSERT INTO BLC_SKU_MEDIA_MAP (BLC_SKU_SKU_ID, MEDIA_ID, MAP_KEY) VALUES (-1022,-1022,'primary');
INSERT INTO BLC_SKU_MEDIA_MAP (BLC_SKU_SKU_ID, MEDIA_ID, MAP_KEY) VALUES (-1021,-1021,'primary');
INSERT INTO BLC_SKU_MEDIA_MAP (BLC_SKU_SKU_ID, MEDIA_ID, MAP_KEY) VALUES (-1020,-1020,'primary');
INSERT INTO BLC_SKU_MEDIA_MAP (BLC_SKU_SKU_ID, MEDIA_ID, MAP_KEY) VALUES (-1019,-1019,'primary');
INSERT INTO BLC_SKU_MEDIA_MAP (BLC_SKU_SKU_ID, MEDIA_ID, MAP_KEY) VALUES (-1018,-1018,'primary');
INSERT INTO BLC_SKU_MEDIA_MAP (BLC_SKU_SKU_ID, MEDIA_ID, MAP_KEY) VALUES (-1017,-1017,'primary');
INSERT INTO BLC_SKU_MEDIA_MAP (BLC_SKU_SKU_ID, MEDIA_ID, MAP_KEY) VALUES (-1016,-1016,'primary');
INSERT INTO BLC_SKU_MEDIA_MAP (BLC_SKU_SKU_ID, MEDIA_ID, MAP_KEY) VALUES (-1015,-1015,'primary');
INSERT INTO BLC_SKU_MEDIA_MAP (BLC_SKU_SKU_ID, MEDIA_ID, MAP_KEY) VALUES (-1014,-1014,'primary');
INSERT INTO BLC_SKU_MEDIA_MAP (BLC_SKU_SKU_ID, MEDIA_ID, MAP_KEY) VALUES (-1013,-1013,'primary');
INSERT INTO BLC_SKU_MEDIA_MAP (BLC_SKU_SKU_ID, MEDIA_ID, MAP_KEY) VALUES (-1012,-1012,'primary');
INSERT INTO BLC_SKU_MEDIA_MAP (BLC_SKU_SKU_ID, MEDIA_ID, MAP_KEY) VALUES (-1011,-1011,'primary');
INSERT INTO BLC_SKU_MEDIA_MAP (BLC_SKU_SKU_ID, MEDIA_ID, MAP_KEY) VALUES (-1010,-1010,'primary');
INSERT INTO BLC_SKU_MEDIA_MAP (BLC_SKU_SKU_ID, MEDIA_ID, MAP_KEY) VALUES (-1009,-1009,'primary');
INSERT INTO BLC_SKU_MEDIA_MAP (BLC_SKU_SKU_ID, MEDIA_ID, MAP_KEY) VALUES (-1008,-1008,'primary');
INSERT INTO BLC_SKU_MEDIA_MAP (BLC_SKU_SKU_ID, MEDIA_ID, MAP_KEY) VALUES (-1007,-1007,'primary');
INSERT INTO BLC_SKU_MEDIA_MAP (BLC_SKU_SKU_ID, MEDIA_ID, MAP_KEY) VALUES (-1006,-1006,'primary');
INSERT INTO BLC_SKU_MEDIA_MAP (BLC_SKU_SKU_ID, MEDIA_ID, MAP_KEY) VALUES (-1005,-1005,'primary');
INSERT INTO BLC_SKU_MEDIA_MAP (BLC_SKU_SKU_ID, MEDIA_ID, MAP_KEY) VALUES (-1004,-1004,'primary');
INSERT INTO BLC_SKU_MEDIA_MAP (BLC_SKU_SKU_ID, MEDIA_ID, MAP_KEY) VALUES (-1003,-1003,'primary');
INSERT INTO BLC_SKU_MEDIA_MAP (BLC_SKU_SKU_ID, MEDIA_ID, MAP_KEY) VALUES (-1002,-1002,'primary');
INSERT INTO BLC_SKU_MEDIA_MAP (BLC_SKU_SKU_ID, MEDIA_ID, MAP_KEY) VALUES (-1001,-1001,'primary');
INSERT INTO BLC_SKU_MEDIA_MAP (BLC_SKU_SKU_ID, MEDIA_ID, MAP_KEY) VALUES (-1000,-1000,'primary');
















INSERT INTO BLC_STATIC_ASSET (STATIC_ASSET_ID, MIME_TYPE, STORAGE_TYPE, FULL_URL, NAME) VALUES (-1232,'image/jpg','FILESYSTEM','/img/product/01.001.0001/1desc.jpg','奥利奥原味夹心饼干');
INSERT INTO BLC_STATIC_ASSET (STATIC_ASSET_ID, MIME_TYPE, STORAGE_TYPE, FULL_URL, NAME) VALUES (-1231,'image/jpg','FILESYSTEM','/img/product/01.001.0002/1desc.jpg','奥利奥巧克力味夹心');
INSERT INTO BLC_STATIC_ASSET (STATIC_ASSET_ID, MIME_TYPE, STORAGE_TYPE, FULL_URL, NAME) VALUES (-1230,'image/jpg','FILESYSTEM','/img/product/01.001.0003/1desc.jpg','奥利奥草莓味夹心');
INSERT INTO BLC_STATIC_ASSET (STATIC_ASSET_ID, MIME_TYPE, STORAGE_TYPE, FULL_URL, NAME) VALUES (-1229,'image/jpg','FILESYSTEM','/img/product/01.001.0004/1desc.jpg','奥利奥原味夹心');
INSERT INTO BLC_STATIC_ASSET (STATIC_ASSET_ID, MIME_TYPE, STORAGE_TYPE, FULL_URL, NAME) VALUES (-1228,'image/jpg','FILESYSTEM','/img/product/01.001.0005/1desc.jpg','奥利奥巧克力夹心');
INSERT INTO BLC_STATIC_ASSET (STATIC_ASSET_ID, MIME_TYPE, STORAGE_TYPE, FULL_URL, NAME) VALUES (-1227,'image/jpg','FILESYSTEM','/img/product/01.001.0006/1desc.jpg','奥利奥威化原味夹心');
INSERT INTO BLC_STATIC_ASSET (STATIC_ASSET_ID, MIME_TYPE, STORAGE_TYPE, FULL_URL, NAME) VALUES (-1226,'image/jpg','FILESYSTEM','/img/product/01.001.0007/1desc.jpg','奥利奥原味巧克力棒随心装');
INSERT INTO BLC_STATIC_ASSET (STATIC_ASSET_ID, MIME_TYPE, STORAGE_TYPE, FULL_URL, NAME) VALUES (-1225,'image/jpg','FILESYSTEM','/img/product/01.001.0008/1desc.jpg','奥利奥牛奶巧克力棒随心装');
INSERT INTO BLC_STATIC_ASSET (STATIC_ASSET_ID, MIME_TYPE, STORAGE_TYPE, FULL_URL, NAME) VALUES (-1224,'image/jpg','FILESYSTEM','/img/product/01.001.0009/1desc.jpg','奥利奥金装巧克力味');
INSERT INTO BLC_STATIC_ASSET (STATIC_ASSET_ID, MIME_TYPE, STORAGE_TYPE, FULL_URL, NAME) VALUES (-1223,'image/jpg','FILESYSTEM','/img/product/01.001.0010/1desc.jpg','趣多多经典巧克力原味');
INSERT INTO BLC_STATIC_ASSET (STATIC_ASSET_ID, MIME_TYPE, STORAGE_TYPE, FULL_URL, NAME) VALUES (-1222,'image/jpg','FILESYSTEM','/img/product/01.001.0011/1desc.jpg','趣多多缤纷曲奇饼巧克力味');
INSERT INTO BLC_STATIC_ASSET (STATIC_ASSET_ID, MIME_TYPE, STORAGE_TYPE, FULL_URL, NAME) VALUES (-1221,'image/jpg','FILESYSTEM','/img/product/01.001.0012/1desc.jpg','趣多多大块巧克力曲奇饼干（咖啡味）');
INSERT INTO BLC_STATIC_ASSET (STATIC_ASSET_ID, MIME_TYPE, STORAGE_TYPE, FULL_URL, NAME) VALUES (-1220,'image/jpg','FILESYSTEM','/img/product/01.001.0013/1desc.jpg','趣多多软式甜饼经典巧克力原味');
INSERT INTO BLC_STATIC_ASSET (STATIC_ASSET_ID, MIME_TYPE, STORAGE_TYPE, FULL_URL, NAME) VALUES (-1219,'image/jpg','FILESYSTEM','/img/product/01.001.0014/1desc.jpg','优冠牛奶香脆（纯正牛奶）');
INSERT INTO BLC_STATIC_ASSET (STATIC_ASSET_ID, MIME_TYPE, STORAGE_TYPE, FULL_URL, NAME) VALUES (-1218,'image/jpg','FILESYSTEM','/img/product/01.001.0015/1desc.jpg','优冠牛奶特浓夹心（香浓夹心）');
INSERT INTO BLC_STATIC_ASSET (STATIC_ASSET_ID, MIME_TYPE, STORAGE_TYPE, FULL_URL, NAME) VALUES (-1217,'image/jpg','FILESYSTEM','/img/product/01.001.0016/1desc.jpg','优冠牛奶特浓夹心（香滑巧克力）');
INSERT INTO BLC_STATIC_ASSET (STATIC_ASSET_ID, MIME_TYPE, STORAGE_TYPE, FULL_URL, NAME) VALUES (-1216,'image/jpg','FILESYSTEM','/img/product/01.001.0017/1desc.jpg','优冠牛奶特浓夹心（香酥蛋黄）');
INSERT INTO BLC_STATIC_ASSET (STATIC_ASSET_ID, MIME_TYPE, STORAGE_TYPE, FULL_URL, NAME) VALUES (-1215,'image/jpg','FILESYSTEM','/img/product/01.001.0018/1desc.jpg','王子曲奇星（香浓巧克力）');
INSERT INTO BLC_STATIC_ASSET (STATIC_ASSET_ID, MIME_TYPE, STORAGE_TYPE, FULL_URL, NAME) VALUES (-1214,'image/jpg','FILESYSTEM','/img/product/01.001.0019/1desc.jpg','太平梳打（香葱味）');
INSERT INTO BLC_STATIC_ASSET (STATIC_ASSET_ID, MIME_TYPE, STORAGE_TYPE, FULL_URL, NAME) VALUES (-1213,'image/jpg','FILESYSTEM','/img/product/01.001.0020/1desc.jpg','太平梳打（奶盐味）');
INSERT INTO BLC_STATIC_ASSET (STATIC_ASSET_ID, MIME_TYPE, STORAGE_TYPE, FULL_URL, NAME) VALUES (-1212,'image/jpg','FILESYSTEM','/img/product/01.001.0021/1desc.jpg','闲趣（自然清威原味）');
INSERT INTO BLC_STATIC_ASSET (STATIC_ASSET_ID, MIME_TYPE, STORAGE_TYPE, FULL_URL, NAME) VALUES (-1211,'image/jpg','FILESYSTEM','/img/product/01.001.0022/1desc.jpg','闲趣（田园番茄味）');
INSERT INTO BLC_STATIC_ASSET (STATIC_ASSET_ID, MIME_TYPE, STORAGE_TYPE, FULL_URL, NAME) VALUES (-1210,'image/jpg','FILESYSTEM','/img/product/01.001.0023/1desc.jpg','闲趣（秘制小牛排味）');
INSERT INTO BLC_STATIC_ASSET (STATIC_ASSET_ID, MIME_TYPE, STORAGE_TYPE, FULL_URL, NAME) VALUES (-1209,'image/jpg','FILESYSTEM','/img/product/01.001.0024/1desc.jpg','康师傅3+2苏打夹心饼干(香浓奶油味)');
INSERT INTO BLC_STATIC_ASSET (STATIC_ASSET_ID, MIME_TYPE, STORAGE_TYPE, FULL_URL, NAME) VALUES (-1208,'image/jpg','FILESYSTEM','/img/product/01.001.0025/1desc.jpg','康师傅3+2苏打夹心饼干(香草巧克力味)');
INSERT INTO BLC_STATIC_ASSET (STATIC_ASSET_ID, MIME_TYPE, STORAGE_TYPE, FULL_URL, NAME) VALUES (-1207,'image/jpg','FILESYSTEM','/img/product/01.001.0026/1desc.jpg','康师傅3+2苏打夹心饼干(抹茶蜜豆味)');
INSERT INTO BLC_STATIC_ASSET (STATIC_ASSET_ID, MIME_TYPE, STORAGE_TYPE, FULL_URL, NAME) VALUES (-1206,'image/jpg','FILESYSTEM','/img/product/01.004.0027/1desc.jpg','徐福记松软蛋酥沙琪玛迷你包');
INSERT INTO BLC_STATIC_ASSET (STATIC_ASSET_ID, MIME_TYPE, STORAGE_TYPE, FULL_URL, NAME) VALUES (-1205,'image/jpg','FILESYSTEM','/img/product/01.001.0028/1desc.jpg','康师傅美味酥什锦烧烤味');
INSERT INTO BLC_STATIC_ASSET (STATIC_ASSET_ID, MIME_TYPE, STORAGE_TYPE, FULL_URL, NAME) VALUES (-1204,'image/jpg','FILESYSTEM','/img/product/01.001.0029/1desc.jpg','康师傅美味酥黑胡椒牛排味');
INSERT INTO BLC_STATIC_ASSET (STATIC_ASSET_ID, MIME_TYPE, STORAGE_TYPE, FULL_URL, NAME) VALUES (-1203,'image/jpg','FILESYSTEM','/img/product/01.001.0030/1desc.jpg','康师傅美味酥点点葱香味');
INSERT INTO BLC_STATIC_ASSET (STATIC_ASSET_ID, MIME_TYPE, STORAGE_TYPE, FULL_URL, NAME) VALUES (-1202,'image/jpg','FILESYSTEM','/img/product/01.001.0031/1desc.jpg','达利园香葱咸饼');
INSERT INTO BLC_STATIC_ASSET (STATIC_ASSET_ID, MIME_TYPE, STORAGE_TYPE, FULL_URL, NAME) VALUES (-1201,'image/jpg','FILESYSTEM','/img/product/01.001.0032/1desc.jpg','好吃点低糖海苔饼');
INSERT INTO BLC_STATIC_ASSET (STATIC_ASSET_ID, MIME_TYPE, STORAGE_TYPE, FULL_URL, NAME) VALUES (-1200,'image/jpg','FILESYSTEM','/img/product/01.001.0033/1desc.jpg','好吃点香脆核桃酥饼');
INSERT INTO BLC_STATIC_ASSET (STATIC_ASSET_ID, MIME_TYPE, STORAGE_TYPE, FULL_URL, NAME) VALUES (-1199,'image/jpg','FILESYSTEM','/img/product/01.001.0034/1desc.jpg','好吃点杏仁酥饼');
INSERT INTO BLC_STATIC_ASSET (STATIC_ASSET_ID, MIME_TYPE, STORAGE_TYPE, FULL_URL, NAME) VALUES (-1198,'image/jpg','FILESYSTEM','/img/product/01.001.0035/1desc.jpg','好吃点香脆腰果饼');
INSERT INTO BLC_STATIC_ASSET (STATIC_ASSET_ID, MIME_TYPE, STORAGE_TYPE, FULL_URL, NAME) VALUES (-1197,'image/jpg','FILESYSTEM','/img/product/01.001.0036/1desc.jpg','好吃点香脆杏仁饼');
INSERT INTO BLC_STATIC_ASSET (STATIC_ASSET_ID, MIME_TYPE, STORAGE_TYPE, FULL_URL, NAME) VALUES (-1196,'image/jpg','FILESYSTEM','/img/product/01.001.0037/1desc.jpg','好吃点香脆核桃饼');
INSERT INTO BLC_STATIC_ASSET (STATIC_ASSET_ID, MIME_TYPE, STORAGE_TYPE, FULL_URL, NAME) VALUES (-1195,'image/jpg','FILESYSTEM','/img/product/01.001.0038/1desc.jpg','好吃点榛仁酥');
INSERT INTO BLC_STATIC_ASSET (STATIC_ASSET_ID, MIME_TYPE, STORAGE_TYPE, FULL_URL, NAME) VALUES (-1194,'image/jpg','FILESYSTEM','/img/product/01.001.0039/1desc.jpg','格力高菜园小饼孜然烧烤');
INSERT INTO BLC_STATIC_ASSET (STATIC_ASSET_ID, MIME_TYPE, STORAGE_TYPE, FULL_URL, NAME) VALUES (-1193,'image/jpg','FILESYSTEM','/img/product/01.001.0040/1desc.jpg','格力高菜园小饼番茄味');
INSERT INTO BLC_STATIC_ASSET (STATIC_ASSET_ID, MIME_TYPE, STORAGE_TYPE, FULL_URL, NAME) VALUES (-1192,'image/jpg','FILESYSTEM','/img/product/01.001.0041/1desc.jpg','格力高菜园小饼葱辣味');
INSERT INTO BLC_STATIC_ASSET (STATIC_ASSET_ID, MIME_TYPE, STORAGE_TYPE, FULL_URL, NAME) VALUES (-1191,'image/jpg','FILESYSTEM','/img/product/01.001.0042/1desc.jpg','格力高菜园小饼色拉虾味');
INSERT INTO BLC_STATIC_ASSET (STATIC_ASSET_ID, MIME_TYPE, STORAGE_TYPE, FULL_URL, NAME) VALUES (-1190,'image/jpg','FILESYSTEM','/img/product/01.001.0043/1desc.jpg','格力高菜园小饼比萨味');
INSERT INTO BLC_STATIC_ASSET (STATIC_ASSET_ID, MIME_TYPE, STORAGE_TYPE, FULL_URL, NAME) VALUES (-1189,'image/jpg','FILESYSTEM','/img/product/01.001.0044/1desc.jpg','旺旺雪饼');
INSERT INTO BLC_STATIC_ASSET (STATIC_ASSET_ID, MIME_TYPE, STORAGE_TYPE, FULL_URL, NAME) VALUES (-1188,'image/jpg','FILESYSTEM','/img/product/01.001.0045/1desc.jpg','津味金针菇脆笋');
INSERT INTO BLC_STATIC_ASSET (STATIC_ASSET_ID, MIME_TYPE, STORAGE_TYPE, FULL_URL, NAME) VALUES (-1187,'image/jpg','FILESYSTEM','/img/product/01.004.0046/1desc.jpg','雀巢咖啡1+2（11+2杯装）');
INSERT INTO BLC_STATIC_ASSET (STATIC_ASSET_ID, MIME_TYPE, STORAGE_TYPE, FULL_URL, NAME) VALUES (-1186,'image/jpg','FILESYSTEM','/img/product/01.004.0047/1desc.jpg','Tang 菓珍');
INSERT INTO BLC_STATIC_ASSET (STATIC_ASSET_ID, MIME_TYPE, STORAGE_TYPE, FULL_URL, NAME) VALUES (-1185,'image/jpg','FILESYSTEM','/img/product/01.004.0048/1desc.jpg','达利园法式软面包香橙味160g（8枚）');
INSERT INTO BLC_STATIC_ASSET (STATIC_ASSET_ID, MIME_TYPE, STORAGE_TYPE, FULL_URL, NAME) VALUES (-1184,'image/jpg','FILESYSTEM','/img/product/01.004.0049/1desc.jpg','达利园法式软面包香奶味160g（8枚）');
INSERT INTO BLC_STATIC_ASSET (STATIC_ASSET_ID, MIME_TYPE, STORAGE_TYPE, FULL_URL, NAME) VALUES (-1183,'image/jpg','FILESYSTEM','/img/product/01.004.0050/1desc.jpg','达利园草莓派250g(10枚)');
INSERT INTO BLC_STATIC_ASSET (STATIC_ASSET_ID, MIME_TYPE, STORAGE_TYPE, FULL_URL, NAME) VALUES (-1182,'image/jpg','FILESYSTEM','/img/product/01.004.0051/1desc.jpg','达利园蛋黄派250g(10枚)');
INSERT INTO BLC_STATIC_ASSET (STATIC_ASSET_ID, MIME_TYPE, STORAGE_TYPE, FULL_URL, NAME) VALUES (-1181,'image/jpg','FILESYSTEM','/img/product/01.004.0052/1desc.jpg','达利园巧克力派300g（10枚）');
INSERT INTO BLC_STATIC_ASSET (STATIC_ASSET_ID, MIME_TYPE, STORAGE_TYPE, FULL_URL, NAME) VALUES (-1180,'image/jpg','FILESYSTEM','/img/product/01.004.0053/1desc.jpg','达利园瑞士卷8枚(草莓味)');
INSERT INTO BLC_STATIC_ASSET (STATIC_ASSET_ID, MIME_TYPE, STORAGE_TYPE, FULL_URL, NAME) VALUES (-1179,'image/jpg','FILESYSTEM','/img/product/01.004.0054/1desc.jpg','达利园瑞士卷8枚(橙汁味)');
INSERT INTO BLC_STATIC_ASSET (STATIC_ASSET_ID, MIME_TYPE, STORAGE_TYPE, FULL_URL, NAME) VALUES (-1178,'image/jpg','FILESYSTEM','/img/product/01.004.0055/1desc.jpg','达利园瑞士卷8枚(巧克力味)');
INSERT INTO BLC_STATIC_ASSET (STATIC_ASSET_ID, MIME_TYPE, STORAGE_TYPE, FULL_URL, NAME) VALUES (-1177,'image/jpg','FILESYSTEM','/img/product/01.004.0056/1desc.jpg','好丽友Q蒂2枚装（摩卡巧克力）');
INSERT INTO BLC_STATIC_ASSET (STATIC_ASSET_ID, MIME_TYPE, STORAGE_TYPE, FULL_URL, NAME) VALUES (-1176,'image/jpg','FILESYSTEM','/img/product/01.004.0057/1desc.jpg','好丽友蛋黄派2枚装');
INSERT INTO BLC_STATIC_ASSET (STATIC_ASSET_ID, MIME_TYPE, STORAGE_TYPE, FULL_URL, NAME) VALUES (-1175,'image/jpg','FILESYSTEM','/img/product/01.004.0058/1desc.jpg','好丽友派2枚装');
INSERT INTO BLC_STATIC_ASSET (STATIC_ASSET_ID, MIME_TYPE, STORAGE_TYPE, FULL_URL, NAME) VALUES (-1174,'image/jpg','FILESYSTEM','/img/product/01.004.0059/1desc.jpg','好丽友派6枚装');
INSERT INTO BLC_STATIC_ASSET (STATIC_ASSET_ID, MIME_TYPE, STORAGE_TYPE, FULL_URL, NAME) VALUES (-1173,'image/jpg','FILESYSTEM','/img/product/01.004.0060/1desc.jpg','三辉麦风法式香奶面包');
INSERT INTO BLC_STATIC_ASSET (STATIC_ASSET_ID, MIME_TYPE, STORAGE_TYPE, FULL_URL, NAME) VALUES (-1172,'image/jpg','FILESYSTEM','/img/product/01.004.0061/1desc.jpg','三辉麦风法式香奶面包');
INSERT INTO BLC_STATIC_ASSET (STATIC_ASSET_ID, MIME_TYPE, STORAGE_TYPE, FULL_URL, NAME) VALUES (-1171,'image/jpg','FILESYSTEM','/img/product/01.004.0062/1desc.jpg','三辉麦风提拉米苏4枚装(巧克力味)');
INSERT INTO BLC_STATIC_ASSET (STATIC_ASSET_ID, MIME_TYPE, STORAGE_TYPE, FULL_URL, NAME) VALUES (-1170,'image/jpg','FILESYSTEM','/img/product/01.004.0063/1desc.jpg','徐福记芝麻香酥沙琪玛迷你包');
INSERT INTO BLC_STATIC_ASSET (STATIC_ASSET_ID, MIME_TYPE, STORAGE_TYPE, FULL_URL, NAME) VALUES (-1169,'image/jpg','FILESYSTEM','/img/product/01.004.0064/1desc.jpg','徐福记巧克力味沙琪玛迷你包');
INSERT INTO BLC_STATIC_ASSET (STATIC_ASSET_ID, MIME_TYPE, STORAGE_TYPE, FULL_URL, NAME) VALUES (-1168,'image/jpg','FILESYSTEM','/img/product/01.004.0065/1desc.jpg','徐福记松软蛋酥沙琪玛迷你包');
INSERT INTO BLC_STATIC_ASSET (STATIC_ASSET_ID, MIME_TYPE, STORAGE_TYPE, FULL_URL, NAME) VALUES (-1167,'image/jpg','FILESYSTEM','/img/product/01.004.0066/1desc.jpg','回头客铜锣烧红豆味（10枚入）');
INSERT INTO BLC_STATIC_ASSET (STATIC_ASSET_ID, MIME_TYPE, STORAGE_TYPE, FULL_URL, NAME) VALUES (-1166,'image/jpg','FILESYSTEM','/img/product/01.004.0067/1desc.jpg','回头客铜锣烧香芋味(10枚入）');
INSERT INTO BLC_STATIC_ASSET (STATIC_ASSET_ID, MIME_TYPE, STORAGE_TYPE, FULL_URL, NAME) VALUES (-1165,'image/jpg','FILESYSTEM','/img/product/01.004.0068/1desc.jpg','回头客铜锣烧抹茶味（10枚入）');
INSERT INTO BLC_STATIC_ASSET (STATIC_ASSET_ID, MIME_TYPE, STORAGE_TYPE, FULL_URL, NAME) VALUES (-1164,'image/jpg','FILESYSTEM','/img/product/01.005.0069/1desc.jpg','康师傅干拌面（红烧牛肉味）');
INSERT INTO BLC_STATIC_ASSET (STATIC_ASSET_ID, MIME_TYPE, STORAGE_TYPE, FULL_URL, NAME) VALUES (-1163,'image/jpg','FILESYSTEM','/img/product/01.005.0070/1desc.jpg','康师傅干拌面（葱油拌味）');
INSERT INTO BLC_STATIC_ASSET (STATIC_ASSET_ID, MIME_TYPE, STORAGE_TYPE, FULL_URL, NAME) VALUES (-1162,'image/jpg','FILESYSTEM','/img/product/01.005.0071/1desc.jpg','康师傅干拌面（香辣牛肉味）');
INSERT INTO BLC_STATIC_ASSET (STATIC_ASSET_ID, MIME_TYPE, STORAGE_TYPE, FULL_URL, NAME) VALUES (-1161,'image/jpg','FILESYSTEM','/img/product/01.005.0072/1desc.jpg','康师傅随心杯红烧牛肉面（杯）');
INSERT INTO BLC_STATIC_ASSET (STATIC_ASSET_ID, MIME_TYPE, STORAGE_TYPE, FULL_URL, NAME) VALUES (-1160,'image/jpg','FILESYSTEM','/img/product/01.005.0073/1desc.jpg','康师傅随心杯香辣牛肉面（杯）');
INSERT INTO BLC_STATIC_ASSET (STATIC_ASSET_ID, MIME_TYPE, STORAGE_TYPE, FULL_URL, NAME) VALUES (-1159,'image/jpg','FILESYSTEM','/img/product/01.005.0074/1desc.jpg','康师傅酸菜牛肉面（桶）');
INSERT INTO BLC_STATIC_ASSET (STATIC_ASSET_ID, MIME_TYPE, STORAGE_TYPE, FULL_URL, NAME) VALUES (-1158,'image/jpg','FILESYSTEM','/img/product/01.005.0075/1desc.jpg','康师傅卤香牛肉面（桶）');
INSERT INTO BLC_STATIC_ASSET (STATIC_ASSET_ID, MIME_TYPE, STORAGE_TYPE, FULL_URL, NAME) VALUES (-1157,'image/jpg','FILESYSTEM','/img/product/01.005.0076/1desc.jpg','康师傅香菇炖鸡面（桶）');
INSERT INTO BLC_STATIC_ASSET (STATIC_ASSET_ID, MIME_TYPE, STORAGE_TYPE, FULL_URL, NAME) VALUES (-1156,'image/jpg','FILESYSTEM','/img/product/01.005.0077/1desc.jpg','康师傅鲜虾鱼板面（桶）');
INSERT INTO BLC_STATIC_ASSET (STATIC_ASSET_ID, MIME_TYPE, STORAGE_TYPE, FULL_URL, NAME) VALUES (-1155,'image/jpg','FILESYSTEM','/img/product/01.005.0078/1desc.jpg','康师傅笋干老鸭煲面（桶）');
INSERT INTO BLC_STATIC_ASSET (STATIC_ASSET_ID, MIME_TYPE, STORAGE_TYPE, FULL_URL, NAME) VALUES (-1154,'image/jpg','FILESYSTEM','/img/product/01.005.0079/1desc.jpg','康师傅香辣牛肉面（桶）');
INSERT INTO BLC_STATIC_ASSET (STATIC_ASSET_ID, MIME_TYPE, STORAGE_TYPE, FULL_URL, NAME) VALUES (-1153,'image/jpg','FILESYSTEM','/img/product/01.005.0080/1desc.jpg','康师傅红烧牛肉面（桶）');
INSERT INTO BLC_STATIC_ASSET (STATIC_ASSET_ID, MIME_TYPE, STORAGE_TYPE, FULL_URL, NAME) VALUES (-1152,'image/jpg','FILESYSTEM','/img/product/01.005.0081/1desc.jpg','袋装康师傅东坡红烧肉面');
INSERT INTO BLC_STATIC_ASSET (STATIC_ASSET_ID, MIME_TYPE, STORAGE_TYPE, FULL_URL, NAME) VALUES (-1151,'image/jpg','FILESYSTEM','/img/product/01.005.0082/1desc.jpg','袋装康师傅酸菜牛肉面');
INSERT INTO BLC_STATIC_ASSET (STATIC_ASSET_ID, MIME_TYPE, STORAGE_TYPE, FULL_URL, NAME) VALUES (-1150,'image/jpg','FILESYSTEM','/img/product/01.005.0083/1desc.jpg','袋装康师傅香菇炖鸡面');
INSERT INTO BLC_STATIC_ASSET (STATIC_ASSET_ID, MIME_TYPE, STORAGE_TYPE, FULL_URL, NAME) VALUES (-1149,'image/jpg','FILESYSTEM','/img/product/01.005.0084/1desc.jpg','袋装康师傅鲜虾鱼板面');
INSERT INTO BLC_STATIC_ASSET (STATIC_ASSET_ID, MIME_TYPE, STORAGE_TYPE, FULL_URL, NAME) VALUES (-1148,'image/jpg','FILESYSTEM','/img/product/01.005.0085/1desc.jpg','袋装康师傅笋干老鸭煲面');
INSERT INTO BLC_STATIC_ASSET (STATIC_ASSET_ID, MIME_TYPE, STORAGE_TYPE, FULL_URL, NAME) VALUES (-1147,'image/jpg','FILESYSTEM','/img/product/01.005.0086/1desc.jpg','袋装康师傅香辣牛肉面');
INSERT INTO BLC_STATIC_ASSET (STATIC_ASSET_ID, MIME_TYPE, STORAGE_TYPE, FULL_URL, NAME) VALUES (-1146,'image/jpg','FILESYSTEM','/img/product/01.005.0087/1desc.jpg','袋装康师傅红烧牛肉面');
INSERT INTO BLC_STATIC_ASSET (STATIC_ASSET_ID, MIME_TYPE, STORAGE_TYPE, FULL_URL, NAME) VALUES (-1145,'image/jpg','FILESYSTEM','/img/product/01.005.0088/1desc.jpg','康师傅香爆脆干脆面（烤羊肉串味）');
INSERT INTO BLC_STATIC_ASSET (STATIC_ASSET_ID, MIME_TYPE, STORAGE_TYPE, FULL_URL, NAME) VALUES (-1144,'image/jpg','FILESYSTEM','/img/product/01.005.0089/1desc.jpg','康师傅香爆脆干脆面（香葱鸡块味）');
INSERT INTO BLC_STATIC_ASSET (STATIC_ASSET_ID, MIME_TYPE, STORAGE_TYPE, FULL_URL, NAME) VALUES (-1143,'image/jpg','FILESYSTEM','/img/product/01.005.0090/1desc.jpg','康师傅香爆脆干脆面（蜜汁牛排味）');
INSERT INTO BLC_STATIC_ASSET (STATIC_ASSET_ID, MIME_TYPE, STORAGE_TYPE, FULL_URL, NAME) VALUES (-1142,'image/jpg','FILESYSTEM','/img/product/01.005.0091/1desc.jpg','康师傅香爆脆干脆面（蛋烤番茄味）');
INSERT INTO BLC_STATIC_ASSET (STATIC_ASSET_ID, MIME_TYPE, STORAGE_TYPE, FULL_URL, NAME) VALUES (-1141,'image/jpg','FILESYSTEM','/img/product/01.005.0092/1desc.jpg','康师傅香爆脆干脆面（巴西烤肉味）');
INSERT INTO BLC_STATIC_ASSET (STATIC_ASSET_ID, MIME_TYPE, STORAGE_TYPE, FULL_URL, NAME) VALUES (-1140,'image/jpg','FILESYSTEM','/img/product/01.006.0093/1desc.jpg','康师傅茉莉蜜茶');
INSERT INTO BLC_STATIC_ASSET (STATIC_ASSET_ID, MIME_TYPE, STORAGE_TYPE, FULL_URL, NAME) VALUES (-1139,'image/jpg','FILESYSTEM','/img/product/01.006.0094/1desc.jpg','康师傅茉莉清茶');
INSERT INTO BLC_STATIC_ASSET (STATIC_ASSET_ID, MIME_TYPE, STORAGE_TYPE, FULL_URL, NAME) VALUES (-1138,'image/jpg','FILESYSTEM','/img/product/01.006.0095/1desc.jpg','康师傅冰红茶');
INSERT INTO BLC_STATIC_ASSET (STATIC_ASSET_ID, MIME_TYPE, STORAGE_TYPE, FULL_URL, NAME) VALUES (-1137,'image/jpg','FILESYSTEM','/img/product/01.006.0096/1desc.jpg','康师傅酸枣汁');
INSERT INTO BLC_STATIC_ASSET (STATIC_ASSET_ID, MIME_TYPE, STORAGE_TYPE, FULL_URL, NAME) VALUES (-1136,'image/jpg','FILESYSTEM','/img/product/01.006.0097/1desc.jpg','康师傅酸梅汤');
INSERT INTO BLC_STATIC_ASSET (STATIC_ASSET_ID, MIME_TYPE, STORAGE_TYPE, FULL_URL, NAME) VALUES (-1135,'image/jpg','FILESYSTEM','/img/product/01.006.0098/1desc.jpg','康师傅鲜的每日C橙汁500ml');
INSERT INTO BLC_STATIC_ASSET (STATIC_ASSET_ID, MIME_TYPE, STORAGE_TYPE, FULL_URL, NAME) VALUES (-1134,'image/jpg','FILESYSTEM','/img/product/01.006.0099/1desc.jpg','红牛维生素功能饮料');
INSERT INTO BLC_STATIC_ASSET (STATIC_ASSET_ID, MIME_TYPE, STORAGE_TYPE, FULL_URL, NAME) VALUES (-1133,'image/jpg','FILESYSTEM','/img/product/01.006.0100/1desc.jpg','雀巢香滑咖啡180ml');
INSERT INTO BLC_STATIC_ASSET (STATIC_ASSET_ID, MIME_TYPE, STORAGE_TYPE, FULL_URL, NAME) VALUES (-1132,'image/jpg','FILESYSTEM','/img/product/01.007.0101/1desc.jpg','金大州香辣金针菇');
INSERT INTO BLC_STATIC_ASSET (STATIC_ASSET_ID, MIME_TYPE, STORAGE_TYPE, FULL_URL, NAME) VALUES (-1131,'image/jpg','FILESYSTEM','/img/product/01.007.0102/1desc.jpg','老爸豆腐干100g（卤辣味）');
INSERT INTO BLC_STATIC_ASSET (STATIC_ASSET_ID, MIME_TYPE, STORAGE_TYPE, FULL_URL, NAME) VALUES (-1130,'image/jpg','FILESYSTEM','/img/product/01.007.0103/1desc.jpg','老爸豆腐干100g（卤味）');
INSERT INTO BLC_STATIC_ASSET (STATIC_ASSET_ID, MIME_TYPE, STORAGE_TYPE, FULL_URL, NAME) VALUES (-1129,'image/jpg','FILESYSTEM','/img/product/01.007.0104/1desc.jpg','老爸豆腐干100g（肉汁味）');
INSERT INTO BLC_STATIC_ASSET (STATIC_ASSET_ID, MIME_TYPE, STORAGE_TYPE, FULL_URL, NAME) VALUES (-1128,'image/jpg','FILESYSTEM','/img/product/01.007.0105/1desc.jpg','老爸豆腐干100g（牛肉味）');
INSERT INTO BLC_STATIC_ASSET (STATIC_ASSET_ID, MIME_TYPE, STORAGE_TYPE, FULL_URL, NAME) VALUES (-1127,'image/jpg','FILESYSTEM','/img/product/01.007.0106/1desc.jpg','祖名虾米干');
INSERT INTO BLC_STATIC_ASSET (STATIC_ASSET_ID, MIME_TYPE, STORAGE_TYPE, FULL_URL, NAME) VALUES (-1126,'image/jpg','FILESYSTEM','/img/product/01.007.0107/1desc.jpg','祖名香逗干肉汁味100g');
INSERT INTO BLC_STATIC_ASSET (STATIC_ASSET_ID, MIME_TYPE, STORAGE_TYPE, FULL_URL, NAME) VALUES (-1125,'image/jpg','FILESYSTEM','/img/product/01.007.0108/1desc.jpg','祖名香逗干鸡汁味100g');
INSERT INTO BLC_STATIC_ASSET (STATIC_ASSET_ID, MIME_TYPE, STORAGE_TYPE, FULL_URL, NAME) VALUES (-1124,'image/jpg','FILESYSTEM','/img/product/01.007.0109/1desc.jpg','祖名香逗干麻辣味100g');
INSERT INTO BLC_STATIC_ASSET (STATIC_ASSET_ID, MIME_TYPE, STORAGE_TYPE, FULL_URL, NAME) VALUES (-1123,'image/jpg','FILESYSTEM','/img/product/01.007.0110/1desc.jpg','香菇肥牛牛肉味');
INSERT INTO BLC_STATIC_ASSET (STATIC_ASSET_ID, MIME_TYPE, STORAGE_TYPE, FULL_URL, NAME) VALUES (-1122,'image/jpg','FILESYSTEM','/img/product/01.007.0111/1desc.jpg','好又好酱鸭腿');
INSERT INTO BLC_STATIC_ASSET (STATIC_ASSET_ID, MIME_TYPE, STORAGE_TYPE, FULL_URL, NAME) VALUES (-1121,'image/jpg','FILESYSTEM','/img/product/01.007.0112/1desc.jpg','永健泡山椒凤爪');
INSERT INTO BLC_STATIC_ASSET (STATIC_ASSET_ID, MIME_TYPE, STORAGE_TYPE, FULL_URL, NAME) VALUES (-1120,'image/jpg','FILESYSTEM','/img/product/01.007.0113/1desc.jpg','老李五香翅');
INSERT INTO BLC_STATIC_ASSET (STATIC_ASSET_ID, MIME_TYPE, STORAGE_TYPE, FULL_URL, NAME) VALUES (-1119,'image/jpg','FILESYSTEM','/img/product/01.007.0114/1desc.jpg','老李五香干');
INSERT INTO BLC_STATIC_ASSET (STATIC_ASSET_ID, MIME_TYPE, STORAGE_TYPE, FULL_URL, NAME) VALUES (-1118,'image/jpg','FILESYSTEM','/img/product/01.007.0115/1desc.jpg','威益威劲辣鸭脖');
INSERT INTO BLC_STATIC_ASSET (STATIC_ASSET_ID, MIME_TYPE, STORAGE_TYPE, FULL_URL, NAME) VALUES (-1117,'image/jpg','FILESYSTEM','/img/product/01.007.0116/1desc.jpg','卫龙大面筋');
INSERT INTO BLC_STATIC_ASSET (STATIC_ASSET_ID, MIME_TYPE, STORAGE_TYPE, FULL_URL, NAME) VALUES (-1116,'image/jpg','FILESYSTEM','/img/product/01.007.0117/1desc.jpg','卫龙面筋');
INSERT INTO BLC_STATIC_ASSET (STATIC_ASSET_ID, MIME_TYPE, STORAGE_TYPE, FULL_URL, NAME) VALUES (-1115,'image/jpg','FILESYSTEM','/img/product/01.007.0118/1desc.jpg','乡巴佬鸡腿');
INSERT INTO BLC_STATIC_ASSET (STATIC_ASSET_ID, MIME_TYPE, STORAGE_TYPE, FULL_URL, NAME) VALUES (-1114,'image/jpg','FILESYSTEM','/img/product/01.007.0119/1desc.jpg','乡巴佬凤爪');
INSERT INTO BLC_STATIC_ASSET (STATIC_ASSET_ID, MIME_TYPE, STORAGE_TYPE, FULL_URL, NAME) VALUES (-1113,'image/jpg','FILESYSTEM','/img/product/01.007.0120/1desc.jpg','有友泡椒凤爪');
INSERT INTO BLC_STATIC_ASSET (STATIC_ASSET_ID, MIME_TYPE, STORAGE_TYPE, FULL_URL, NAME) VALUES (-1112,'image/jpg','FILESYSTEM','/img/product/01.007.0121/1desc.jpg','富贵阁北京烤鸭');
INSERT INTO BLC_STATIC_ASSET (STATIC_ASSET_ID, MIME_TYPE, STORAGE_TYPE, FULL_URL, NAME) VALUES (-1111,'image/jpg','FILESYSTEM','/img/product/01.007.0122/1desc.jpg','卫龙豆筋烧烤味');
INSERT INTO BLC_STATIC_ASSET (STATIC_ASSET_ID, MIME_TYPE, STORAGE_TYPE, FULL_URL, NAME) VALUES (-1110,'image/jpg','FILESYSTEM','/img/product/01.007.0123/1desc.jpg','怡冠园酒鬼鱼山椒味');
INSERT INTO BLC_STATIC_ASSET (STATIC_ASSET_ID, MIME_TYPE, STORAGE_TYPE, FULL_URL, NAME) VALUES (-1109,'image/jpg','FILESYSTEM','/img/product/01.007.0124/1desc.jpg','口留香相思卷');
INSERT INTO BLC_STATIC_ASSET (STATIC_ASSET_ID, MIME_TYPE, STORAGE_TYPE, FULL_URL, NAME) VALUES (-1108,'image/jpg','FILESYSTEM','/img/product/01.007.0125/1desc.jpg','乡巴佬晶凉松卤蛋');
INSERT INTO BLC_STATIC_ASSET (STATIC_ASSET_ID, MIME_TYPE, STORAGE_TYPE, FULL_URL, NAME) VALUES (-1107,'image/jpg','FILESYSTEM','/img/product/01.007.0126/1desc.jpg','八里香酥鸡腿');
INSERT INTO BLC_STATIC_ASSET (STATIC_ASSET_ID, MIME_TYPE, STORAGE_TYPE, FULL_URL, NAME) VALUES (-1106,'image/jpg','FILESYSTEM','/img/product/01.007.0127/1desc.jpg','老李五香腿');
INSERT INTO BLC_STATIC_ASSET (STATIC_ASSET_ID, MIME_TYPE, STORAGE_TYPE, FULL_URL, NAME) VALUES (-1105,'image/jpg','FILESYSTEM','/img/product/01.007.0128/1desc.jpg','馋嘴娃蒜香豆角干');
INSERT INTO BLC_STATIC_ASSET (STATIC_ASSET_ID, MIME_TYPE, STORAGE_TYPE, FULL_URL, NAME) VALUES (-1104,'image/jpg','FILESYSTEM','/img/product/01.007.0129/1desc.jpg','怡冠园红烧拉面条');
INSERT INTO BLC_STATIC_ASSET (STATIC_ASSET_ID, MIME_TYPE, STORAGE_TYPE, FULL_URL, NAME) VALUES (-1103,'image/jpg','FILESYSTEM','/img/product/01.007.0130/1desc.jpg','太阳岛鸡汁麻辣串');
INSERT INTO BLC_STATIC_ASSET (STATIC_ASSET_ID, MIME_TYPE, STORAGE_TYPE, FULL_URL, NAME) VALUES (-1102,'image/jpg','FILESYSTEM','/img/product/01.007.0131/1desc.jpg','口留乡香辣鱼仔');
INSERT INTO BLC_STATIC_ASSET (STATIC_ASSET_ID, MIME_TYPE, STORAGE_TYPE, FULL_URL, NAME) VALUES (-1101,'image/jpg','FILESYSTEM','/img/product/01.007.0132/1desc.jpg','味中香麻辣串');
INSERT INTO BLC_STATIC_ASSET (STATIC_ASSET_ID, MIME_TYPE, STORAGE_TYPE, FULL_URL, NAME) VALUES (-1100,'image/jpg','FILESYSTEM','/img/product/01.007.0133/1desc.jpg','腾哥日本多味鱼');
INSERT INTO BLC_STATIC_ASSET (STATIC_ASSET_ID, MIME_TYPE, STORAGE_TYPE, FULL_URL, NAME) VALUES (-1099,'image/jpg','FILESYSTEM','/img/product/01.007.0134/1desc.jpg','素味居烧烤土豆');
INSERT INTO BLC_STATIC_ASSET (STATIC_ASSET_ID, MIME_TYPE, STORAGE_TYPE, FULL_URL, NAME) VALUES (-1098,'image/jpg','FILESYSTEM','/img/product/01.007.0135/1desc.jpg','喜来香大酱鸭翅');
INSERT INTO BLC_STATIC_ASSET (STATIC_ASSET_ID, MIME_TYPE, STORAGE_TYPE, FULL_URL, NAME) VALUES (-1097,'image/jpg','FILESYSTEM','/img/product/01.008.0136/1desc.jpg','上好佳田园泡（玉米口味）');
INSERT INTO BLC_STATIC_ASSET (STATIC_ASSET_ID, MIME_TYPE, STORAGE_TYPE, FULL_URL, NAME) VALUES (-1096,'image/jpg','FILESYSTEM','/img/product/01.008.0137/1desc.jpg','上好佳粟米条45g(朱古力口味)');
INSERT INTO BLC_STATIC_ASSET (STATIC_ASSET_ID, MIME_TYPE, STORAGE_TYPE, FULL_URL, NAME) VALUES (-1095,'image/jpg','FILESYSTEM','/img/product/01.008.0138/1desc.jpg','上好佳玉米卷');
INSERT INTO BLC_STATIC_ASSET (STATIC_ASSET_ID, MIME_TYPE, STORAGE_TYPE, FULL_URL, NAME) VALUES (-1094,'image/jpg','FILESYSTEM','/img/product/01.008.0139/1desc.jpg','上好佳芝士条');
INSERT INTO BLC_STATIC_ASSET (STATIC_ASSET_ID, MIME_TYPE, STORAGE_TYPE, FULL_URL, NAME) VALUES (-1093,'image/jpg','FILESYSTEM','/img/product/01.008.0140/1desc.jpg','上好佳鲜虾条');
INSERT INTO BLC_STATIC_ASSET (STATIC_ASSET_ID, MIME_TYPE, STORAGE_TYPE, FULL_URL, NAME) VALUES (-1092,'image/jpg','FILESYSTEM','/img/product/01.008.0141/1desc.jpg','上好佳荷兰豆');
INSERT INTO BLC_STATIC_ASSET (STATIC_ASSET_ID, MIME_TYPE, STORAGE_TYPE, FULL_URL, NAME) VALUES (-1091,'image/jpg','FILESYSTEM','/img/product/01.008.0142/1desc.jpg','上好佳鲜虾片');
INSERT INTO BLC_STATIC_ASSET (STATIC_ASSET_ID, MIME_TYPE, STORAGE_TYPE, FULL_URL, NAME) VALUES (-1090,'image/jpg','FILESYSTEM','/img/product/01.008.0143/1desc.jpg','上好佳粟米条(草莓口味)');
INSERT INTO BLC_STATIC_ASSET (STATIC_ASSET_ID, MIME_TYPE, STORAGE_TYPE, FULL_URL, NAME) VALUES (-1089,'image/jpg','FILESYSTEM','/img/product/01.008.0144/1desc.jpg','上好佳玉米花(果仁奶油)');
INSERT INTO BLC_STATIC_ASSET (STATIC_ASSET_ID, MIME_TYPE, STORAGE_TYPE, FULL_URL, NAME) VALUES (-1088,'image/jpg','FILESYSTEM','/img/product/01.008.0145/1desc.jpg','上好佳洋葱圈');
INSERT INTO BLC_STATIC_ASSET (STATIC_ASSET_ID, MIME_TYPE, STORAGE_TYPE, FULL_URL, NAME) VALUES (-1087,'image/jpg','FILESYSTEM','/img/product/01.008.0146/1desc.jpg','上好佳田园泡(玉米口味)');
INSERT INTO BLC_STATIC_ASSET (STATIC_ASSET_ID, MIME_TYPE, STORAGE_TYPE, FULL_URL, NAME) VALUES (-1086,'image/jpg','FILESYSTEM','/img/product/01.008.0147/1desc.jpg','上好佳玉米卷');
INSERT INTO BLC_STATIC_ASSET (STATIC_ASSET_ID, MIME_TYPE, STORAGE_TYPE, FULL_URL, NAME) VALUES (-1085,'image/jpg','FILESYSTEM','/img/product/01.008.0148/1desc.jpg','上好佳洋葱圈');
INSERT INTO BLC_STATIC_ASSET (STATIC_ASSET_ID, MIME_TYPE, STORAGE_TYPE, FULL_URL, NAME) VALUES (-1084,'image/jpg','FILESYSTEM','/img/product/01.008.0149/1desc.jpg','上好佳荷兰豆');
INSERT INTO BLC_STATIC_ASSET (STATIC_ASSET_ID, MIME_TYPE, STORAGE_TYPE, FULL_URL, NAME) VALUES (-1083,'image/jpg','FILESYSTEM','/img/product/01.008.0150/1desc.jpg','上好佳鲜虾片15g');
INSERT INTO BLC_STATIC_ASSET (STATIC_ASSET_ID, MIME_TYPE, STORAGE_TYPE, FULL_URL, NAME) VALUES (-1082,'image/jpg','FILESYSTEM','/img/product/01.008.0151/1desc.jpg','好丽友呀！土豆番茄酱味');
INSERT INTO BLC_STATIC_ASSET (STATIC_ASSET_ID, MIME_TYPE, STORAGE_TYPE, FULL_URL, NAME) VALUES (-1081,'image/jpg','FILESYSTEM','/img/product/01.008.0152/1desc.jpg','好丽友呀！土豆烤鸡比萨味40g');
INSERT INTO BLC_STATIC_ASSET (STATIC_ASSET_ID, MIME_TYPE, STORAGE_TYPE, FULL_URL, NAME) VALUES (-1080,'image/jpg','FILESYSTEM','/img/product/01.008.0153/1desc.jpg','好丽友呀！土豆里脊牛排味40g');
INSERT INTO BLC_STATIC_ASSET (STATIC_ASSET_ID, MIME_TYPE, STORAGE_TYPE, FULL_URL, NAME) VALUES (-1079,'image/jpg','FILESYSTEM','/img/product/01.008.0154/1desc.jpg','正宗咪咪虾条');
INSERT INTO BLC_STATIC_ASSET (STATIC_ASSET_ID, MIME_TYPE, STORAGE_TYPE, FULL_URL, NAME) VALUES (-1078,'image/jpg','FILESYSTEM','/img/product/01.008.0155/1desc.jpg','咪咪蟹味');
INSERT INTO BLC_STATIC_ASSET (STATIC_ASSET_ID, MIME_TYPE, STORAGE_TYPE, FULL_URL, NAME) VALUES (-1077,'image/jpg','FILESYSTEM','/img/product/01.008.0156/1desc.jpg','狗牙儿加蛋锅巴');
INSERT INTO BLC_STATIC_ASSET (STATIC_ASSET_ID, MIME_TYPE, STORAGE_TYPE, FULL_URL, NAME) VALUES (-1076,'image/jpg','FILESYSTEM','/img/product/01.008.0157/1desc.jpg','乐事黄瓜味薯片');
INSERT INTO BLC_STATIC_ASSET (STATIC_ASSET_ID, MIME_TYPE, STORAGE_TYPE, FULL_URL, NAME) VALUES (-1075,'image/jpg','FILESYSTEM','/img/product/01.008.0158/1desc.jpg','乐事鸡汁番茄味薯片');
INSERT INTO BLC_STATIC_ASSET (STATIC_ASSET_ID, MIME_TYPE, STORAGE_TYPE, FULL_URL, NAME) VALUES (-1074,'image/jpg','FILESYSTEM','/img/product/01.008.0159/1desc.jpg','乐事墨西哥鸡汁番茄味薯片');
INSERT INTO BLC_STATIC_ASSET (STATIC_ASSET_ID, MIME_TYPE, STORAGE_TYPE, FULL_URL, NAME) VALUES (-1073,'image/jpg','FILESYSTEM','/img/product/01.008.0160/1desc.jpg','乐事德克萨斯烧烤味薯片');
INSERT INTO BLC_STATIC_ASSET (STATIC_ASSET_ID, MIME_TYPE, STORAGE_TYPE, FULL_URL, NAME) VALUES (-1072,'image/jpg','FILESYSTEM','/img/product/01.008.0161/1desc.jpg','乐事牛仔骨味薯片');
INSERT INTO BLC_STATIC_ASSET (STATIC_ASSET_ID, MIME_TYPE, STORAGE_TYPE, FULL_URL, NAME) VALUES (-1071,'image/jpg','FILESYSTEM','/img/product/01.008.0162/1desc.jpg','乐事原味薯片');
INSERT INTO BLC_STATIC_ASSET (STATIC_ASSET_ID, MIME_TYPE, STORAGE_TYPE, FULL_URL, NAME) VALUES (-1070,'image/jpg','FILESYSTEM','/img/product/01.008.0163/1desc.jpg','乐事秘制酸汤鱼味薯片');
INSERT INTO BLC_STATIC_ASSET (STATIC_ASSET_ID, MIME_TYPE, STORAGE_TYPE, FULL_URL, NAME) VALUES (-1069,'image/jpg','FILESYSTEM','/img/product/01.009.0164/1desc.jpg','双汇王中王火腿肠');
INSERT INTO BLC_STATIC_ASSET (STATIC_ASSET_ID, MIME_TYPE, STORAGE_TYPE, FULL_URL, NAME) VALUES (-1068,'image/jpg','FILESYSTEM','/img/product/01.009.0165/1desc.jpg','双汇香辣香脆肠');
INSERT INTO BLC_STATIC_ASSET (STATIC_ASSET_ID, MIME_TYPE, STORAGE_TYPE, FULL_URL, NAME) VALUES (-1067,'image/jpg','FILESYSTEM','/img/product/01.009.0166/1desc.jpg','双汇泡面搭档香肠');
INSERT INTO BLC_STATIC_ASSET (STATIC_ASSET_ID, MIME_TYPE, STORAGE_TYPE, FULL_URL, NAME) VALUES (-1066,'image/jpg','FILESYSTEM','/img/product/01.009.0167/1desc.jpg','双汇台式烤香肠(原味)');
INSERT INTO BLC_STATIC_ASSET (STATIC_ASSET_ID, MIME_TYPE, STORAGE_TYPE, FULL_URL, NAME) VALUES (-1065,'image/jpg','FILESYSTEM','/img/product/01.009.0168/1desc.jpg','双汇台式烤香肠（香辣味）');
INSERT INTO BLC_STATIC_ASSET (STATIC_ASSET_ID, MIME_TYPE, STORAGE_TYPE, FULL_URL, NAME) VALUES (-1064,'image/jpg','FILESYSTEM','/img/product/01.009.0169/1desc.jpg','双汇Q趣蘑菇风味香肠');
INSERT INTO BLC_STATIC_ASSET (STATIC_ASSET_ID, MIME_TYPE, STORAGE_TYPE, FULL_URL, NAME) VALUES (-1063,'image/jpg','FILESYSTEM','/img/product/01.009.0170/1desc.jpg','双汇Q趣香辣风味香肠');
INSERT INTO BLC_STATIC_ASSET (STATIC_ASSET_ID, MIME_TYPE, STORAGE_TYPE, FULL_URL, NAME) VALUES (-1062,'image/jpg','FILESYSTEM','/img/product/01.010.0171/1desc.jpg','华味亨冰糖杨梅');
INSERT INTO BLC_STATIC_ASSET (STATIC_ASSET_ID, MIME_TYPE, STORAGE_TYPE, FULL_URL, NAME) VALUES (-1061,'image/jpg','FILESYSTEM','/img/product/01.010.0172/1desc.jpg','华味亨新疆葡萄干');
INSERT INTO BLC_STATIC_ASSET (STATIC_ASSET_ID, MIME_TYPE, STORAGE_TYPE, FULL_URL, NAME) VALUES (-1060,'image/jpg','FILESYSTEM','/img/product/01.010.0173/1desc.jpg','华味亨吃不厌桃肉');
INSERT INTO BLC_STATIC_ASSET (STATIC_ASSET_ID, MIME_TYPE, STORAGE_TYPE, FULL_URL, NAME) VALUES (-1059,'image/jpg','FILESYSTEM','/img/product/01.010.0174/1desc.jpg','华味亨话梅条');
INSERT INTO BLC_STATIC_ASSET (STATIC_ASSET_ID, MIME_TYPE, STORAGE_TYPE, FULL_URL, NAME) VALUES (-1058,'image/jpg','FILESYSTEM','/img/product/01.010.0175/1desc.jpg','华味亨小姐梅');
INSERT INTO BLC_STATIC_ASSET (STATIC_ASSET_ID, MIME_TYPE, STORAGE_TYPE, FULL_URL, NAME) VALUES (-1057,'image/jpg','FILESYSTEM','/img/product/01.010.0176/1desc.jpg','华味亨盐津提子108g');
INSERT INTO BLC_STATIC_ASSET (STATIC_ASSET_ID, MIME_TYPE, STORAGE_TYPE, FULL_URL, NAME) VALUES (-1056,'image/jpg','FILESYSTEM','/img/product/01.010.0177/1desc.jpg','华味亨野乌梅');
INSERT INTO BLC_STATIC_ASSET (STATIC_ASSET_ID, MIME_TYPE, STORAGE_TYPE, FULL_URL, NAME) VALUES (-1055,'image/jpg','FILESYSTEM','/img/product/01.010.0178/1desc.jpg','华味亨吃不厌话梅');
INSERT INTO BLC_STATIC_ASSET (STATIC_ASSET_ID, MIME_TYPE, STORAGE_TYPE, FULL_URL, NAME) VALUES (-1054,'image/jpg','FILESYSTEM','/img/product/01.010.0179/1desc.jpg','华味亨九制杨梅');
INSERT INTO BLC_STATIC_ASSET (STATIC_ASSET_ID, MIME_TYPE, STORAGE_TYPE, FULL_URL, NAME) VALUES (-1053,'image/jpg','FILESYSTEM','/img/product/01.010.0180/1desc.jpg','森茂精品阿胶枣');
INSERT INTO BLC_STATIC_ASSET (STATIC_ASSET_ID, MIME_TYPE, STORAGE_TYPE, FULL_URL, NAME) VALUES (-1052,'image/jpg','FILESYSTEM','/img/product/01.010.0181/1desc.jpg','集味果阿胶枣');
INSERT INTO BLC_STATIC_ASSET (STATIC_ASSET_ID, MIME_TYPE, STORAGE_TYPE, FULL_URL, NAME) VALUES (-1051,'image/jpg','FILESYSTEM','/img/product/01.011.0182/1desc.jpg','阿尔卑斯棒棒糖高级牛奶味');
INSERT INTO BLC_STATIC_ASSET (STATIC_ASSET_ID, MIME_TYPE, STORAGE_TYPE, FULL_URL, NAME) VALUES (-1050,'image/jpg','FILESYSTEM','/img/product/01.011.0183/1desc.jpg','阿尔卑斯棒棒糖香橙牛奶味');
INSERT INTO BLC_STATIC_ASSET (STATIC_ASSET_ID, MIME_TYPE, STORAGE_TYPE, FULL_URL, NAME) VALUES (-1049,'image/jpg','FILESYSTEM','/img/product/01.011.0184/1desc.jpg','阿尔卑斯棒棒糖荔枝牛奶味');
INSERT INTO BLC_STATIC_ASSET (STATIC_ASSET_ID, MIME_TYPE, STORAGE_TYPE, FULL_URL, NAME) VALUES (-1048,'image/jpg','FILESYSTEM','/img/product/01.011.0185/1desc.jpg','阿尔卑斯棒棒糖草莓牛奶味');
INSERT INTO BLC_STATIC_ASSET (STATIC_ASSET_ID, MIME_TYPE, STORAGE_TYPE, FULL_URL, NAME) VALUES (-1047,'image/jpg','FILESYSTEM','/img/product/01.011.0186/1desc.jpg','阿尔卑斯棒棒糖香草可乐味');
INSERT INTO BLC_STATIC_ASSET (STATIC_ASSET_ID, MIME_TYPE, STORAGE_TYPE, FULL_URL, NAME) VALUES (-1046,'image/jpg','FILESYSTEM','/img/product/01.011.0187/1desc.jpg','荷氏（特强）薄荷糖');
INSERT INTO BLC_STATIC_ASSET (STATIC_ASSET_ID, MIME_TYPE, STORAGE_TYPE, FULL_URL, NAME) VALUES (-1045,'image/jpg','FILESYSTEM','/img/product/01.011.0188/1desc.jpg','荷氏（蓝莓口味）薄荷糖');
INSERT INTO BLC_STATIC_ASSET (STATIC_ASSET_ID, MIME_TYPE, STORAGE_TYPE, FULL_URL, NAME) VALUES (-1044,'image/jpg','FILESYSTEM','/img/product/01.011.0189/1desc.jpg','怡口莲（原味）');
INSERT INTO BLC_STATIC_ASSET (STATIC_ASSET_ID, MIME_TYPE, STORAGE_TYPE, FULL_URL, NAME) VALUES (-1043,'image/jpg','FILESYSTEM','/img/product/01.011.0190/1desc.jpg','旺仔QQ糖香橙味');
INSERT INTO BLC_STATIC_ASSET (STATIC_ASSET_ID, MIME_TYPE, STORAGE_TYPE, FULL_URL, NAME) VALUES (-1042,'image/jpg','FILESYSTEM','/img/product/01.011.0191/1desc.jpg','旺仔QQ糖蓝莓味');
INSERT INTO BLC_STATIC_ASSET (STATIC_ASSET_ID, MIME_TYPE, STORAGE_TYPE, FULL_URL, NAME) VALUES (-1041,'image/jpg','FILESYSTEM','/img/product/01.011.0192/1desc.jpg','旺仔QQ糖水蜜桃味');
INSERT INTO BLC_STATIC_ASSET (STATIC_ASSET_ID, MIME_TYPE, STORAGE_TYPE, FULL_URL, NAME) VALUES (-1040,'image/jpg','FILESYSTEM','/img/product/01.011.0193/1desc.jpg','旺仔QQ糖草莓味');
INSERT INTO BLC_STATIC_ASSET (STATIC_ASSET_ID, MIME_TYPE, STORAGE_TYPE, FULL_URL, NAME) VALUES (-1039,'image/jpg','FILESYSTEM','/img/product/01.013.0194/1desc.jpg','明怡香耳朵');
INSERT INTO BLC_STATIC_ASSET (STATIC_ASSET_ID, MIME_TYPE, STORAGE_TYPE, FULL_URL, NAME) VALUES (-1038,'image/jpg','FILESYSTEM','/img/product/01.008.0195/1desc.jpg','口水娃兰花豆酱汁牛肉味');
INSERT INTO BLC_STATIC_ASSET (STATIC_ASSET_ID, MIME_TYPE, STORAGE_TYPE, FULL_URL, NAME) VALUES (-1037,'image/jpg','FILESYSTEM','/img/product/01.013.0196/1desc.jpg','大好大奶油味香瓜子');
INSERT INTO BLC_STATIC_ASSET (STATIC_ASSET_ID, MIME_TYPE, STORAGE_TYPE, FULL_URL, NAME) VALUES (-1036,'image/jpg','FILESYSTEM','/img/product/01.013.0197/1desc.jpg','大好大奶油味香瓜子');
INSERT INTO BLC_STATIC_ASSET (STATIC_ASSET_ID, MIME_TYPE, STORAGE_TYPE, FULL_URL, NAME) VALUES (-1035,'image/jpg','FILESYSTEM','/img/product/01.013.0198/1desc.jpg','洽洽香瓜子（百煮入味）');
INSERT INTO BLC_STATIC_ASSET (STATIC_ASSET_ID, MIME_TYPE, STORAGE_TYPE, FULL_URL, NAME) VALUES (-1034,'image/jpg','FILESYSTEM','/img/product/01.013.0199/1desc.jpg','喜之郎果肉果冻200g(什锦)');
INSERT INTO BLC_STATIC_ASSET (STATIC_ASSET_ID, MIME_TYPE, STORAGE_TYPE, FULL_URL, NAME) VALUES (-1033,'image/jpg','FILESYSTEM','/img/product/01.013.0200/1desc.jpg','喜之郎果肉果冻200g(黄桃&蜜桃)');
INSERT INTO BLC_STATIC_ASSET (STATIC_ASSET_ID, MIME_TYPE, STORAGE_TYPE, FULL_URL, NAME) VALUES (-1032,'image/jpg','FILESYSTEM','/img/product/01.013.0201/1desc.jpg','喜之郎果冻（草莓味）');
INSERT INTO BLC_STATIC_ASSET (STATIC_ASSET_ID, MIME_TYPE, STORAGE_TYPE, FULL_URL, NAME) VALUES (-1031,'image/jpg','FILESYSTEM','/img/product/01.013.0202/1desc.jpg','喜之郎果冻（苹果味）');
INSERT INTO BLC_STATIC_ASSET (STATIC_ASSET_ID, MIME_TYPE, STORAGE_TYPE, FULL_URL, NAME) VALUES (-1030,'image/jpg','FILESYSTEM','/img/product/01.013.0203/1desc.jpg','喜之郎果冻（香橙味）');
INSERT INTO BLC_STATIC_ASSET (STATIC_ASSET_ID, MIME_TYPE, STORAGE_TYPE, FULL_URL, NAME) VALUES (-1029,'image/jpg','FILESYSTEM','/img/product/01.013.0204/1desc.jpg','喜之郎美好时光海苔原味');
INSERT INTO BLC_STATIC_ASSET (STATIC_ASSET_ID, MIME_TYPE, STORAGE_TYPE, FULL_URL, NAME) VALUES (-1028,'image/jpg','FILESYSTEM','/img/product/01.013.0205/1desc.jpg','老厨沙嗲牛肉');
INSERT INTO BLC_STATIC_ASSET (STATIC_ASSET_ID, MIME_TYPE, STORAGE_TYPE, FULL_URL, NAME) VALUES (-1027,'image/jpg','FILESYSTEM','/img/product/01.013.0206/1desc.jpg','老厨五香牛肉');
INSERT INTO BLC_STATIC_ASSET (STATIC_ASSET_ID, MIME_TYPE, STORAGE_TYPE, FULL_URL, NAME) VALUES (-1026,'image/jpg','FILESYSTEM','/img/product/01.013.0207/1desc.jpg','旺旺小馒头');
INSERT INTO BLC_STATIC_ASSET (STATIC_ASSET_ID, MIME_TYPE, STORAGE_TYPE, FULL_URL, NAME) VALUES (-1025,'image/jpg','FILESYSTEM','/img/product/01.013.0208/1desc.jpg','香QQ蒜香青豆');
INSERT INTO BLC_STATIC_ASSET (STATIC_ASSET_ID, MIME_TYPE, STORAGE_TYPE, FULL_URL, NAME) VALUES (-1024,'image/jpg','FILESYSTEM','/img/product/01.008.0209/1desc.jpg','世丰煎豆');
INSERT INTO BLC_STATIC_ASSET (STATIC_ASSET_ID, MIME_TYPE, STORAGE_TYPE, FULL_URL, NAME) VALUES (-1023,'image/jpg','FILESYSTEM','/img/product/01.013.0210/1desc.jpg','惠盈鱿鱼丝');
INSERT INTO BLC_STATIC_ASSET (STATIC_ASSET_ID, MIME_TYPE, STORAGE_TYPE, FULL_URL, NAME) VALUES (-1022,'image/jpg','FILESYSTEM','/img/product/01.013.0211/1desc.jpg','伊利牛奶片草莓味（板）');
INSERT INTO BLC_STATIC_ASSET (STATIC_ASSET_ID, MIME_TYPE, STORAGE_TYPE, FULL_URL, NAME) VALUES (-1021,'image/jpg','FILESYSTEM','/img/product/01.013.0212/1desc.jpg','伊利牛奶片原味（板）');
INSERT INTO BLC_STATIC_ASSET (STATIC_ASSET_ID, MIME_TYPE, STORAGE_TYPE, FULL_URL, NAME) VALUES (-1020,'image/jpg','FILESYSTEM','/img/product/01.013.0213/1desc.jpg','伊利牛奶片巧克力（板）');
INSERT INTO BLC_STATIC_ASSET (STATIC_ASSET_ID, MIME_TYPE, STORAGE_TYPE, FULL_URL, NAME) VALUES (-1019,'image/jpg','FILESYSTEM','/img/product/01.013.0214/1desc.jpg','老奶奶花生米五香味');
INSERT INTO BLC_STATIC_ASSET (STATIC_ASSET_ID, MIME_TYPE, STORAGE_TYPE, FULL_URL, NAME) VALUES (-1018,'image/jpg','FILESYSTEM','/img/product/01.013.0215/1desc.jpg','老奶奶花生米油炸味');
INSERT INTO BLC_STATIC_ASSET (STATIC_ASSET_ID, MIME_TYPE, STORAGE_TYPE, FULL_URL, NAME) VALUES (-1017,'image/jpg','FILESYSTEM','/img/product/01.013.0216/1desc.jpg','金鲤桥开心果香辣味');
INSERT INTO BLC_STATIC_ASSET (STATIC_ASSET_ID, MIME_TYPE, STORAGE_TYPE, FULL_URL, NAME) VALUES (-1016,'image/jpg','FILESYSTEM','/img/product/01.013.0217/1desc.jpg','雅利辉黄金蟹钳');
INSERT INTO BLC_STATIC_ASSET (STATIC_ASSET_ID, MIME_TYPE, STORAGE_TYPE, FULL_URL, NAME) VALUES (-1015,'image/jpg','FILESYSTEM','/img/product/01.013.0218/1desc.jpg','洽洽香瓜子（百煮入味）');
INSERT INTO BLC_STATIC_ASSET (STATIC_ASSET_ID, MIME_TYPE, STORAGE_TYPE, FULL_URL, NAME) VALUES (-1014,'image/jpg','FILESYSTEM','/img/product/01.013.0219/1desc.jpg','成心开心豆');
INSERT INTO BLC_STATIC_ASSET (STATIC_ASSET_ID, MIME_TYPE, STORAGE_TYPE, FULL_URL, NAME) VALUES (-1013,'image/jpg','FILESYSTEM','/img/product/01.013.0220/1desc.jpg','华芳果丹皮');
INSERT INTO BLC_STATIC_ASSET (STATIC_ASSET_ID, MIME_TYPE, STORAGE_TYPE, FULL_URL, NAME) VALUES (-1012,'image/jpg','FILESYSTEM','/img/product/01.013.0221/1desc.jpg','华芳山楂棒');
INSERT INTO BLC_STATIC_ASSET (STATIC_ASSET_ID, MIME_TYPE, STORAGE_TYPE, FULL_URL, NAME) VALUES (-1011,'image/jpg','FILESYSTEM','/img/product/01.013.0222/1desc.jpg','小王子麦烧咸味');
INSERT INTO BLC_STATIC_ASSET (STATIC_ASSET_ID, MIME_TYPE, STORAGE_TYPE, FULL_URL, NAME) VALUES (-1010,'image/jpg','FILESYSTEM','/img/product/01.013.0223/1desc.jpg','小王子麦烧葱油味');
INSERT INTO BLC_STATIC_ASSET (STATIC_ASSET_ID, MIME_TYPE, STORAGE_TYPE, FULL_URL, NAME) VALUES (-1009,'image/jpg','FILESYSTEM','/img/product/01.013.0224/1desc.jpg','小王子麦烧麻香味');
INSERT INTO BLC_STATIC_ASSET (STATIC_ASSET_ID, MIME_TYPE, STORAGE_TYPE, FULL_URL, NAME) VALUES (-1008,'image/jpg','FILESYSTEM','/img/product/01.013.0225/1desc.jpg','食滋源客家小年糕（香芋味）');
INSERT INTO BLC_STATIC_ASSET (STATIC_ASSET_ID, MIME_TYPE, STORAGE_TYPE, FULL_URL, NAME) VALUES (-1007,'image/jpg','FILESYSTEM','/img/product/01.014.0226/1desc.jpg','绿箭口香糖5片装(柠檬草薄荷味)');
INSERT INTO BLC_STATIC_ASSET (STATIC_ASSET_ID, MIME_TYPE, STORAGE_TYPE, FULL_URL, NAME) VALUES (-1006,'image/jpg','FILESYSTEM','/img/product/01.014.0227/1desc.jpg','炫迈（薄荷无糖口香糖');
INSERT INTO BLC_STATIC_ASSET (STATIC_ASSET_ID, MIME_TYPE, STORAGE_TYPE, FULL_URL, NAME) VALUES (-1005,'image/jpg','FILESYSTEM','/img/product/01.014.0228/1desc.jpg','炫迈(水蜜桃西瓜味)无糖口香糖');
INSERT INTO BLC_STATIC_ASSET (STATIC_ASSET_ID, MIME_TYPE, STORAGE_TYPE, FULL_URL, NAME) VALUES (-1004,'image/jpg','FILESYSTEM','/img/product/01.014.0229/1desc.jpg','益达洁白无糖口香糖56g(香橙薄荷味)');
INSERT INTO BLC_STATIC_ASSET (STATIC_ASSET_ID, MIME_TYPE, STORAGE_TYPE, FULL_URL, NAME) VALUES (-1003,'image/jpg','FILESYSTEM','/img/product/01.014.0230/1desc.jpg','益达无糖口香糖（冰凉薄荷味）');
INSERT INTO BLC_STATIC_ASSET (STATIC_ASSET_ID, MIME_TYPE, STORAGE_TYPE, FULL_URL, NAME) VALUES (-1002,'image/jpg','FILESYSTEM','/img/product/01.014.0231/1desc.jpg','益达木糖醇蜜瓜味56g');
INSERT INTO BLC_STATIC_ASSET (STATIC_ASSET_ID, MIME_TYPE, STORAGE_TYPE, FULL_URL, NAME) VALUES (-1001,'image/jpg','FILESYSTEM','/img/product/01.015.0232/1desc.jpg','雪花啤酒(淡爽）');
INSERT INTO BLC_STATIC_ASSET (STATIC_ASSET_ID, MIME_TYPE, STORAGE_TYPE, FULL_URL, NAME) VALUES (-1000,'image/jpg','FILESYSTEM','/img/product/01.015.0233/1desc.jpg','纯生啤酒');
















update blc_sku set CURRENCY_CODE='CNY';
update blc_sku set INVENTORY_TYPE='BASIC';


insert into ssb_product(`PRODUCT_ID`) select `PRODUCT_ID` from blc_product where `PRODUCT_ID` not in(select `PRODUCT_ID` from ssb_product);
-- UPDATE `ssb_product` SET `TOTAL_LIKE`="0",`TOTAL_SALED`="0";

insert into SSB_ADMINUSER (`ADMIN_USER_ID`, `FULFILLMENT_LOCATION_ID`) select ADMIN_USER_ID, -1 from blc_admin_user;












insert into blc_inventory (INVENTORY_ID, SKU_ID, QUANTITY_AVAILABLE, QUANTITY_ON_HAND, VERSION_NUM, FULFILLMENT_LOCATION_ID) values (-1232, -1232, 12, 12, 0, -1);
insert into blc_inventory (INVENTORY_ID, SKU_ID, QUANTITY_AVAILABLE, QUANTITY_ON_HAND, VERSION_NUM, FULFILLMENT_LOCATION_ID) values (-1231, -1231, 12, 12, 0, -1);
insert into blc_inventory (INVENTORY_ID, SKU_ID, QUANTITY_AVAILABLE, QUANTITY_ON_HAND, VERSION_NUM, FULFILLMENT_LOCATION_ID) values (-1230, -1230, 12, 12, 0, -1);
insert into blc_inventory (INVENTORY_ID, SKU_ID, QUANTITY_AVAILABLE, QUANTITY_ON_HAND, VERSION_NUM, FULFILLMENT_LOCATION_ID) values (-1229, -1229, 15, 15, 0, -1);
insert into blc_inventory (INVENTORY_ID, SKU_ID, QUANTITY_AVAILABLE, QUANTITY_ON_HAND, VERSION_NUM, FULFILLMENT_LOCATION_ID) values (-1228, -1228, 15, 15, 0, -1);
insert into blc_inventory (INVENTORY_ID, SKU_ID, QUANTITY_AVAILABLE, QUANTITY_ON_HAND, VERSION_NUM, FULFILLMENT_LOCATION_ID) values (-1227, -1227, 25, 25, 0, -1);
insert into blc_inventory (INVENTORY_ID, SKU_ID, QUANTITY_AVAILABLE, QUANTITY_ON_HAND, VERSION_NUM, FULFILLMENT_LOCATION_ID) values (-1226, -1226, 15, 15, 0, -1);
insert into blc_inventory (INVENTORY_ID, SKU_ID, QUANTITY_AVAILABLE, QUANTITY_ON_HAND, VERSION_NUM, FULFILLMENT_LOCATION_ID) values (-1225, -1225, 15, 15, 0, -1);
insert into blc_inventory (INVENTORY_ID, SKU_ID, QUANTITY_AVAILABLE, QUANTITY_ON_HAND, VERSION_NUM, FULFILLMENT_LOCATION_ID) values (-1224, -1224, 12, 12, 0, -1);
insert into blc_inventory (INVENTORY_ID, SKU_ID, QUANTITY_AVAILABLE, QUANTITY_ON_HAND, VERSION_NUM, FULFILLMENT_LOCATION_ID) values (-1223, -1223, 6, 6, 0, -1);
insert into blc_inventory (INVENTORY_ID, SKU_ID, QUANTITY_AVAILABLE, QUANTITY_ON_HAND, VERSION_NUM, FULFILLMENT_LOCATION_ID) values (-1222, -1222, 5, 5, 0, -1);
insert into blc_inventory (INVENTORY_ID, SKU_ID, QUANTITY_AVAILABLE, QUANTITY_ON_HAND, VERSION_NUM, FULFILLMENT_LOCATION_ID) values (-1221, -1221, 5, 5, 0, -1);
insert into blc_inventory (INVENTORY_ID, SKU_ID, QUANTITY_AVAILABLE, QUANTITY_ON_HAND, VERSION_NUM, FULFILLMENT_LOCATION_ID) values (-1220, -1220, 5, 5, 0, -1);
insert into blc_inventory (INVENTORY_ID, SKU_ID, QUANTITY_AVAILABLE, QUANTITY_ON_HAND, VERSION_NUM, FULFILLMENT_LOCATION_ID) values (-1219, -1219, 15, 15, 0, -1);
insert into blc_inventory (INVENTORY_ID, SKU_ID, QUANTITY_AVAILABLE, QUANTITY_ON_HAND, VERSION_NUM, FULFILLMENT_LOCATION_ID) values (-1218, -1218, 15, 15, 0, -1);
insert into blc_inventory (INVENTORY_ID, SKU_ID, QUANTITY_AVAILABLE, QUANTITY_ON_HAND, VERSION_NUM, FULFILLMENT_LOCATION_ID) values (-1217, -1217, 15, 15, 0, -1);
insert into blc_inventory (INVENTORY_ID, SKU_ID, QUANTITY_AVAILABLE, QUANTITY_ON_HAND, VERSION_NUM, FULFILLMENT_LOCATION_ID) values (-1216, -1216, 15, 15, 0, -1);
insert into blc_inventory (INVENTORY_ID, SKU_ID, QUANTITY_AVAILABLE, QUANTITY_ON_HAND, VERSION_NUM, FULFILLMENT_LOCATION_ID) values (-1215, -1215, 48, 48, 0, -1);
insert into blc_inventory (INVENTORY_ID, SKU_ID, QUANTITY_AVAILABLE, QUANTITY_ON_HAND, VERSION_NUM, FULFILLMENT_LOCATION_ID) values (-1214, -1214, 12, 12, 0, -1);
insert into blc_inventory (INVENTORY_ID, SKU_ID, QUANTITY_AVAILABLE, QUANTITY_ON_HAND, VERSION_NUM, FULFILLMENT_LOCATION_ID) values (-1213, -1213, 12, 12, 0, -1);
insert into blc_inventory (INVENTORY_ID, SKU_ID, QUANTITY_AVAILABLE, QUANTITY_ON_HAND, VERSION_NUM, FULFILLMENT_LOCATION_ID) values (-1212, -1212, 10, 10, 0, -1);
insert into blc_inventory (INVENTORY_ID, SKU_ID, QUANTITY_AVAILABLE, QUANTITY_ON_HAND, VERSION_NUM, FULFILLMENT_LOCATION_ID) values (-1211, -1211, 10, 10, 0, -1);
insert into blc_inventory (INVENTORY_ID, SKU_ID, QUANTITY_AVAILABLE, QUANTITY_ON_HAND, VERSION_NUM, FULFILLMENT_LOCATION_ID) values (-1210, -1210, 10, 10, 0, -1);
insert into blc_inventory (INVENTORY_ID, SKU_ID, QUANTITY_AVAILABLE, QUANTITY_ON_HAND, VERSION_NUM, FULFILLMENT_LOCATION_ID) values (-1209, -1209, 10, 10, 0, -1);
insert into blc_inventory (INVENTORY_ID, SKU_ID, QUANTITY_AVAILABLE, QUANTITY_ON_HAND, VERSION_NUM, FULFILLMENT_LOCATION_ID) values (-1208, -1208, 10, 10, 0, -1);
insert into blc_inventory (INVENTORY_ID, SKU_ID, QUANTITY_AVAILABLE, QUANTITY_ON_HAND, VERSION_NUM, FULFILLMENT_LOCATION_ID) values (-1207, -1207, 10, 10, 0, -1);
insert into blc_inventory (INVENTORY_ID, SKU_ID, QUANTITY_AVAILABLE, QUANTITY_ON_HAND, VERSION_NUM, FULFILLMENT_LOCATION_ID) values (-1206, -1206, 20, 20, 0, -1);
insert into blc_inventory (INVENTORY_ID, SKU_ID, QUANTITY_AVAILABLE, QUANTITY_ON_HAND, VERSION_NUM, FULFILLMENT_LOCATION_ID) values (-1205, -1205, 5, 5, 0, -1);
insert into blc_inventory (INVENTORY_ID, SKU_ID, QUANTITY_AVAILABLE, QUANTITY_ON_HAND, VERSION_NUM, FULFILLMENT_LOCATION_ID) values (-1204, -1204, 5, 5, 0, -1);
insert into blc_inventory (INVENTORY_ID, SKU_ID, QUANTITY_AVAILABLE, QUANTITY_ON_HAND, VERSION_NUM, FULFILLMENT_LOCATION_ID) values (-1203, -1203, 5, 5, 0, -1);
insert into blc_inventory (INVENTORY_ID, SKU_ID, QUANTITY_AVAILABLE, QUANTITY_ON_HAND, VERSION_NUM, FULFILLMENT_LOCATION_ID) values (-1202, -1202, 10, 10, 0, -1);
insert into blc_inventory (INVENTORY_ID, SKU_ID, QUANTITY_AVAILABLE, QUANTITY_ON_HAND, VERSION_NUM, FULFILLMENT_LOCATION_ID) values (-1201, -1201, 10, 10, 0, -1);
insert into blc_inventory (INVENTORY_ID, SKU_ID, QUANTITY_AVAILABLE, QUANTITY_ON_HAND, VERSION_NUM, FULFILLMENT_LOCATION_ID) values (-1200, -1200, 10, 10, 0, -1);
insert into blc_inventory (INVENTORY_ID, SKU_ID, QUANTITY_AVAILABLE, QUANTITY_ON_HAND, VERSION_NUM, FULFILLMENT_LOCATION_ID) values (-1199, -1199, 10, 10, 0, -1);
insert into blc_inventory (INVENTORY_ID, SKU_ID, QUANTITY_AVAILABLE, QUANTITY_ON_HAND, VERSION_NUM, FULFILLMENT_LOCATION_ID) values (-1198, -1198, 10, 10, 0, -1);
insert into blc_inventory (INVENTORY_ID, SKU_ID, QUANTITY_AVAILABLE, QUANTITY_ON_HAND, VERSION_NUM, FULFILLMENT_LOCATION_ID) values (-1197, -1197, 10, 10, 0, -1);
insert into blc_inventory (INVENTORY_ID, SKU_ID, QUANTITY_AVAILABLE, QUANTITY_ON_HAND, VERSION_NUM, FULFILLMENT_LOCATION_ID) values (-1196, -1196, 10, 10, 0, -1);
insert into blc_inventory (INVENTORY_ID, SKU_ID, QUANTITY_AVAILABLE, QUANTITY_ON_HAND, VERSION_NUM, FULFILLMENT_LOCATION_ID) values (-1195, -1195, 10, 10, 0, -1);
insert into blc_inventory (INVENTORY_ID, SKU_ID, QUANTITY_AVAILABLE, QUANTITY_ON_HAND, VERSION_NUM, FULFILLMENT_LOCATION_ID) values (-1194, -1194, 10, 10, 0, -1);
insert into blc_inventory (INVENTORY_ID, SKU_ID, QUANTITY_AVAILABLE, QUANTITY_ON_HAND, VERSION_NUM, FULFILLMENT_LOCATION_ID) values (-1193, -1193, 10, 10, 0, -1);
insert into blc_inventory (INVENTORY_ID, SKU_ID, QUANTITY_AVAILABLE, QUANTITY_ON_HAND, VERSION_NUM, FULFILLMENT_LOCATION_ID) values (-1192, -1192, 10, 10, 0, -1);
insert into blc_inventory (INVENTORY_ID, SKU_ID, QUANTITY_AVAILABLE, QUANTITY_ON_HAND, VERSION_NUM, FULFILLMENT_LOCATION_ID) values (-1191, -1191, 5, 5, 0, -1);
insert into blc_inventory (INVENTORY_ID, SKU_ID, QUANTITY_AVAILABLE, QUANTITY_ON_HAND, VERSION_NUM, FULFILLMENT_LOCATION_ID) values (-1190, -1190, 5, 5, 0, -1);
insert into blc_inventory (INVENTORY_ID, SKU_ID, QUANTITY_AVAILABLE, QUANTITY_ON_HAND, VERSION_NUM, FULFILLMENT_LOCATION_ID) values (-1189, -1189, 20, 20, 0, -1);
insert into blc_inventory (INVENTORY_ID, SKU_ID, QUANTITY_AVAILABLE, QUANTITY_ON_HAND, VERSION_NUM, FULFILLMENT_LOCATION_ID) values (-1188, -1188, 10, 10, 0, -1);
insert into blc_inventory (INVENTORY_ID, SKU_ID, QUANTITY_AVAILABLE, QUANTITY_ON_HAND, VERSION_NUM, FULFILLMENT_LOCATION_ID) values (-1187, -1187, 2, 2, 0, -1);
insert into blc_inventory (INVENTORY_ID, SKU_ID, QUANTITY_AVAILABLE, QUANTITY_ON_HAND, VERSION_NUM, FULFILLMENT_LOCATION_ID) values (-1186, -1186, 36, 36, 0, -1);
insert into blc_inventory (INVENTORY_ID, SKU_ID, QUANTITY_AVAILABLE, QUANTITY_ON_HAND, VERSION_NUM, FULFILLMENT_LOCATION_ID) values (-1185, -1185, 10, 10, 0, -1);
insert into blc_inventory (INVENTORY_ID, SKU_ID, QUANTITY_AVAILABLE, QUANTITY_ON_HAND, VERSION_NUM, FULFILLMENT_LOCATION_ID) values (-1184, -1184, 10, 10, 0, -1);
insert into blc_inventory (INVENTORY_ID, SKU_ID, QUANTITY_AVAILABLE, QUANTITY_ON_HAND, VERSION_NUM, FULFILLMENT_LOCATION_ID) values (-1183, -1183, 5, 5, 0, -1);
insert into blc_inventory (INVENTORY_ID, SKU_ID, QUANTITY_AVAILABLE, QUANTITY_ON_HAND, VERSION_NUM, FULFILLMENT_LOCATION_ID) values (-1182, -1182, 5, 5, 0, -1);
insert into blc_inventory (INVENTORY_ID, SKU_ID, QUANTITY_AVAILABLE, QUANTITY_ON_HAND, VERSION_NUM, FULFILLMENT_LOCATION_ID) values (-1181, -1181, 5, 5, 0, -1);
insert into blc_inventory (INVENTORY_ID, SKU_ID, QUANTITY_AVAILABLE, QUANTITY_ON_HAND, VERSION_NUM, FULFILLMENT_LOCATION_ID) values (-1180, -1180, 5, 5, 0, -1);
insert into blc_inventory (INVENTORY_ID, SKU_ID, QUANTITY_AVAILABLE, QUANTITY_ON_HAND, VERSION_NUM, FULFILLMENT_LOCATION_ID) values (-1179, -1179, 5, 5, 0, -1);
insert into blc_inventory (INVENTORY_ID, SKU_ID, QUANTITY_AVAILABLE, QUANTITY_ON_HAND, VERSION_NUM, FULFILLMENT_LOCATION_ID) values (-1178, -1178, 5, 5, 0, -1);
insert into blc_inventory (INVENTORY_ID, SKU_ID, QUANTITY_AVAILABLE, QUANTITY_ON_HAND, VERSION_NUM, FULFILLMENT_LOCATION_ID) values (-1177, -1177, 24, 24, 0, -1);
insert into blc_inventory (INVENTORY_ID, SKU_ID, QUANTITY_AVAILABLE, QUANTITY_ON_HAND, VERSION_NUM, FULFILLMENT_LOCATION_ID) values (-1176, -1176, 24, 24, 0, -1);
insert into blc_inventory (INVENTORY_ID, SKU_ID, QUANTITY_AVAILABLE, QUANTITY_ON_HAND, VERSION_NUM, FULFILLMENT_LOCATION_ID) values (-1175, -1175, 24, 24, 0, -1);
insert into blc_inventory (INVENTORY_ID, SKU_ID, QUANTITY_AVAILABLE, QUANTITY_ON_HAND, VERSION_NUM, FULFILLMENT_LOCATION_ID) values (-1174, -1174, 30, 30, 0, -1);
insert into blc_inventory (INVENTORY_ID, SKU_ID, QUANTITY_AVAILABLE, QUANTITY_ON_HAND, VERSION_NUM, FULFILLMENT_LOCATION_ID) values (-1173, -1173, 10, 10, 0, -1);
insert into blc_inventory (INVENTORY_ID, SKU_ID, QUANTITY_AVAILABLE, QUANTITY_ON_HAND, VERSION_NUM, FULFILLMENT_LOCATION_ID) values (-1172, -1172, 10, 10, 0, -1);
insert into blc_inventory (INVENTORY_ID, SKU_ID, QUANTITY_AVAILABLE, QUANTITY_ON_HAND, VERSION_NUM, FULFILLMENT_LOCATION_ID) values (-1171, -1171, 20, 20, 0, -1);
insert into blc_inventory (INVENTORY_ID, SKU_ID, QUANTITY_AVAILABLE, QUANTITY_ON_HAND, VERSION_NUM, FULFILLMENT_LOCATION_ID) values (-1170, -1170, 20, 20, 0, -1);
insert into blc_inventory (INVENTORY_ID, SKU_ID, QUANTITY_AVAILABLE, QUANTITY_ON_HAND, VERSION_NUM, FULFILLMENT_LOCATION_ID) values (-1169, -1169, 20, 20, 0, -1);
insert into blc_inventory (INVENTORY_ID, SKU_ID, QUANTITY_AVAILABLE, QUANTITY_ON_HAND, VERSION_NUM, FULFILLMENT_LOCATION_ID) values (-1168, -1168, 20, 20, 0, -1);
insert into blc_inventory (INVENTORY_ID, SKU_ID, QUANTITY_AVAILABLE, QUANTITY_ON_HAND, VERSION_NUM, FULFILLMENT_LOCATION_ID) values (-1167, -1167, 8, 8, 0, -1);
insert into blc_inventory (INVENTORY_ID, SKU_ID, QUANTITY_AVAILABLE, QUANTITY_ON_HAND, VERSION_NUM, FULFILLMENT_LOCATION_ID) values (-1166, -1166, 8, 8, 0, -1);
insert into blc_inventory (INVENTORY_ID, SKU_ID, QUANTITY_AVAILABLE, QUANTITY_ON_HAND, VERSION_NUM, FULFILLMENT_LOCATION_ID) values (-1165, -1165, 8, 8, 0, -1);
insert into blc_inventory (INVENTORY_ID, SKU_ID, QUANTITY_AVAILABLE, QUANTITY_ON_HAND, VERSION_NUM, FULFILLMENT_LOCATION_ID) values (-1164, -1164, 12, 12, 0, -1);
insert into blc_inventory (INVENTORY_ID, SKU_ID, QUANTITY_AVAILABLE, QUANTITY_ON_HAND, VERSION_NUM, FULFILLMENT_LOCATION_ID) values (-1163, -1163, 12, 12, 0, -1);
insert into blc_inventory (INVENTORY_ID, SKU_ID, QUANTITY_AVAILABLE, QUANTITY_ON_HAND, VERSION_NUM, FULFILLMENT_LOCATION_ID) values (-1162, -1162, 12, 12, 0, -1);
insert into blc_inventory (INVENTORY_ID, SKU_ID, QUANTITY_AVAILABLE, QUANTITY_ON_HAND, VERSION_NUM, FULFILLMENT_LOCATION_ID) values (-1161, -1161, 12, 12, 0, -1);
insert into blc_inventory (INVENTORY_ID, SKU_ID, QUANTITY_AVAILABLE, QUANTITY_ON_HAND, VERSION_NUM, FULFILLMENT_LOCATION_ID) values (-1160, -1160, 12, 12, 0, -1);
insert into blc_inventory (INVENTORY_ID, SKU_ID, QUANTITY_AVAILABLE, QUANTITY_ON_HAND, VERSION_NUM, FULFILLMENT_LOCATION_ID) values (-1159, -1159, 12, 12, 0, -1);
insert into blc_inventory (INVENTORY_ID, SKU_ID, QUANTITY_AVAILABLE, QUANTITY_ON_HAND, VERSION_NUM, FULFILLMENT_LOCATION_ID) values (-1158, -1158, 12, 12, 0, -1);
insert into blc_inventory (INVENTORY_ID, SKU_ID, QUANTITY_AVAILABLE, QUANTITY_ON_HAND, VERSION_NUM, FULFILLMENT_LOCATION_ID) values (-1157, -1157, 12, 12, 0, -1);
insert into blc_inventory (INVENTORY_ID, SKU_ID, QUANTITY_AVAILABLE, QUANTITY_ON_HAND, VERSION_NUM, FULFILLMENT_LOCATION_ID) values (-1156, -1156, 12, 12, 0, -1);
insert into blc_inventory (INVENTORY_ID, SKU_ID, QUANTITY_AVAILABLE, QUANTITY_ON_HAND, VERSION_NUM, FULFILLMENT_LOCATION_ID) values (-1155, -1155, 12, 12, 0, -1);
insert into blc_inventory (INVENTORY_ID, SKU_ID, QUANTITY_AVAILABLE, QUANTITY_ON_HAND, VERSION_NUM, FULFILLMENT_LOCATION_ID) values (-1154, -1154, 12, 12, 0, -1);
insert into blc_inventory (INVENTORY_ID, SKU_ID, QUANTITY_AVAILABLE, QUANTITY_ON_HAND, VERSION_NUM, FULFILLMENT_LOCATION_ID) values (-1153, -1153, 12, 12, 0, -1);
insert into blc_inventory (INVENTORY_ID, SKU_ID, QUANTITY_AVAILABLE, QUANTITY_ON_HAND, VERSION_NUM, FULFILLMENT_LOCATION_ID) values (-1152, -1152, 24, 24, 0, -1);
insert into blc_inventory (INVENTORY_ID, SKU_ID, QUANTITY_AVAILABLE, QUANTITY_ON_HAND, VERSION_NUM, FULFILLMENT_LOCATION_ID) values (-1151, -1151, 24, 24, 0, -1);
insert into blc_inventory (INVENTORY_ID, SKU_ID, QUANTITY_AVAILABLE, QUANTITY_ON_HAND, VERSION_NUM, FULFILLMENT_LOCATION_ID) values (-1150, -1150, 24, 24, 0, -1);
insert into blc_inventory (INVENTORY_ID, SKU_ID, QUANTITY_AVAILABLE, QUANTITY_ON_HAND, VERSION_NUM, FULFILLMENT_LOCATION_ID) values (-1149, -1149, 24, 24, 0, -1);
insert into blc_inventory (INVENTORY_ID, SKU_ID, QUANTITY_AVAILABLE, QUANTITY_ON_HAND, VERSION_NUM, FULFILLMENT_LOCATION_ID) values (-1148, -1148, 24, 24, 0, -1);
insert into blc_inventory (INVENTORY_ID, SKU_ID, QUANTITY_AVAILABLE, QUANTITY_ON_HAND, VERSION_NUM, FULFILLMENT_LOCATION_ID) values (-1147, -1147, 24, 24, 0, -1);
insert into blc_inventory (INVENTORY_ID, SKU_ID, QUANTITY_AVAILABLE, QUANTITY_ON_HAND, VERSION_NUM, FULFILLMENT_LOCATION_ID) values (-1146, -1146, 24, 24, 0, -1);
insert into blc_inventory (INVENTORY_ID, SKU_ID, QUANTITY_AVAILABLE, QUANTITY_ON_HAND, VERSION_NUM, FULFILLMENT_LOCATION_ID) values (-1145, -1145, 48, 48, 0, -1);
insert into blc_inventory (INVENTORY_ID, SKU_ID, QUANTITY_AVAILABLE, QUANTITY_ON_HAND, VERSION_NUM, FULFILLMENT_LOCATION_ID) values (-1144, -1144, 48, 48, 0, -1);
insert into blc_inventory (INVENTORY_ID, SKU_ID, QUANTITY_AVAILABLE, QUANTITY_ON_HAND, VERSION_NUM, FULFILLMENT_LOCATION_ID) values (-1143, -1143, 48, 48, 0, -1);
insert into blc_inventory (INVENTORY_ID, SKU_ID, QUANTITY_AVAILABLE, QUANTITY_ON_HAND, VERSION_NUM, FULFILLMENT_LOCATION_ID) values (-1142, -1142, 48, 48, 0, -1);
insert into blc_inventory (INVENTORY_ID, SKU_ID, QUANTITY_AVAILABLE, QUANTITY_ON_HAND, VERSION_NUM, FULFILLMENT_LOCATION_ID) values (-1141, -1141, 48, 48, 0, -1);
insert into blc_inventory (INVENTORY_ID, SKU_ID, QUANTITY_AVAILABLE, QUANTITY_ON_HAND, VERSION_NUM, FULFILLMENT_LOCATION_ID) values (-1140, -1140, 15, 15, 0, -1);
insert into blc_inventory (INVENTORY_ID, SKU_ID, QUANTITY_AVAILABLE, QUANTITY_ON_HAND, VERSION_NUM, FULFILLMENT_LOCATION_ID) values (-1139, -1139, 15, 15, 0, -1);
insert into blc_inventory (INVENTORY_ID, SKU_ID, QUANTITY_AVAILABLE, QUANTITY_ON_HAND, VERSION_NUM, FULFILLMENT_LOCATION_ID) values (-1138, -1138, 30, 30, 0, -1);
insert into blc_inventory (INVENTORY_ID, SKU_ID, QUANTITY_AVAILABLE, QUANTITY_ON_HAND, VERSION_NUM, FULFILLMENT_LOCATION_ID) values (-1137, -1137, 15, 15, 0, -1);
insert into blc_inventory (INVENTORY_ID, SKU_ID, QUANTITY_AVAILABLE, QUANTITY_ON_HAND, VERSION_NUM, FULFILLMENT_LOCATION_ID) values (-1136, -1136, 15, 15, 0, -1);
insert into blc_inventory (INVENTORY_ID, SKU_ID, QUANTITY_AVAILABLE, QUANTITY_ON_HAND, VERSION_NUM, FULFILLMENT_LOCATION_ID) values (-1135, -1135, 15, 15, 0, -1);
insert into blc_inventory (INVENTORY_ID, SKU_ID, QUANTITY_AVAILABLE, QUANTITY_ON_HAND, VERSION_NUM, FULFILLMENT_LOCATION_ID) values (-1134, -1134, 24, 24, 0, -1);
insert into blc_inventory (INVENTORY_ID, SKU_ID, QUANTITY_AVAILABLE, QUANTITY_ON_HAND, VERSION_NUM, FULFILLMENT_LOCATION_ID) values (-1133, -1133, 24, 24, 0, -1);
insert into blc_inventory (INVENTORY_ID, SKU_ID, QUANTITY_AVAILABLE, QUANTITY_ON_HAND, VERSION_NUM, FULFILLMENT_LOCATION_ID) values (-1132, -1132, 10, 10, 0, -1);
insert into blc_inventory (INVENTORY_ID, SKU_ID, QUANTITY_AVAILABLE, QUANTITY_ON_HAND, VERSION_NUM, FULFILLMENT_LOCATION_ID) values (-1131, -1131, 10, 10, 0, -1);
insert into blc_inventory (INVENTORY_ID, SKU_ID, QUANTITY_AVAILABLE, QUANTITY_ON_HAND, VERSION_NUM, FULFILLMENT_LOCATION_ID) values (-1130, -1130, 10, 10, 0, -1);
insert into blc_inventory (INVENTORY_ID, SKU_ID, QUANTITY_AVAILABLE, QUANTITY_ON_HAND, VERSION_NUM, FULFILLMENT_LOCATION_ID) values (-1128, -1128, 10, 10, 0, -1);
insert into blc_inventory (INVENTORY_ID, SKU_ID, QUANTITY_AVAILABLE, QUANTITY_ON_HAND, VERSION_NUM, FULFILLMENT_LOCATION_ID) values (-1127, -1127, 10, 10, 0, -1);
insert into blc_inventory (INVENTORY_ID, SKU_ID, QUANTITY_AVAILABLE, QUANTITY_ON_HAND, VERSION_NUM, FULFILLMENT_LOCATION_ID) values (-1126, -1126, 10, 10, 0, -1);
insert into blc_inventory (INVENTORY_ID, SKU_ID, QUANTITY_AVAILABLE, QUANTITY_ON_HAND, VERSION_NUM, FULFILLMENT_LOCATION_ID) values (-1125, -1125, 10, 10, 0, -1);
insert into blc_inventory (INVENTORY_ID, SKU_ID, QUANTITY_AVAILABLE, QUANTITY_ON_HAND, VERSION_NUM, FULFILLMENT_LOCATION_ID) values (-1124, -1124, 10, 10, 0, -1);
insert into blc_inventory (INVENTORY_ID, SKU_ID, QUANTITY_AVAILABLE, QUANTITY_ON_HAND, VERSION_NUM, FULFILLMENT_LOCATION_ID) values (-1123, -1123, 150, 150, 0, -1);
insert into blc_inventory (INVENTORY_ID, SKU_ID, QUANTITY_AVAILABLE, QUANTITY_ON_HAND, VERSION_NUM, FULFILLMENT_LOCATION_ID) values (-1122, -1122, 10, 10, 0, -1);
insert into blc_inventory (INVENTORY_ID, SKU_ID, QUANTITY_AVAILABLE, QUANTITY_ON_HAND, VERSION_NUM, FULFILLMENT_LOCATION_ID) values (-1121, -1121, 200, 200, 0, -1);
insert into blc_inventory (INVENTORY_ID, SKU_ID, QUANTITY_AVAILABLE, QUANTITY_ON_HAND, VERSION_NUM, FULFILLMENT_LOCATION_ID) values (-1120, -1120, 10, 10, 0, -1);
insert into blc_inventory (INVENTORY_ID, SKU_ID, QUANTITY_AVAILABLE, QUANTITY_ON_HAND, VERSION_NUM, FULFILLMENT_LOCATION_ID) values (-1119, -1119, 50, 50, 0, -1);
insert into blc_inventory (INVENTORY_ID, SKU_ID, QUANTITY_AVAILABLE, QUANTITY_ON_HAND, VERSION_NUM, FULFILLMENT_LOCATION_ID) values (-1118, -1118, 200, 200, 0, -1);
insert into blc_inventory (INVENTORY_ID, SKU_ID, QUANTITY_AVAILABLE, QUANTITY_ON_HAND, VERSION_NUM, FULFILLMENT_LOCATION_ID) values (-1117, -1117, 90, 90, 0, -1);
insert into blc_inventory (INVENTORY_ID, SKU_ID, QUANTITY_AVAILABLE, QUANTITY_ON_HAND, VERSION_NUM, FULFILLMENT_LOCATION_ID) values (-1116, -1116, 150, 150, 0, -1);
insert into blc_inventory (INVENTORY_ID, SKU_ID, QUANTITY_AVAILABLE, QUANTITY_ON_HAND, VERSION_NUM, FULFILLMENT_LOCATION_ID) values (-1115, -1115, 10, 10, 0, -1);
insert into blc_inventory (INVENTORY_ID, SKU_ID, QUANTITY_AVAILABLE, QUANTITY_ON_HAND, VERSION_NUM, FULFILLMENT_LOCATION_ID) values (-1114, -1114, 200, 200, 0, -1);
insert into blc_inventory (INVENTORY_ID, SKU_ID, QUANTITY_AVAILABLE, QUANTITY_ON_HAND, VERSION_NUM, FULFILLMENT_LOCATION_ID) values (-1113, -1113, 60, 60, 0, -1);
insert into blc_inventory (INVENTORY_ID, SKU_ID, QUANTITY_AVAILABLE, QUANTITY_ON_HAND, VERSION_NUM, FULFILLMENT_LOCATION_ID) values (-1112, -1112, 100, 100, 0, -1);
insert into blc_inventory (INVENTORY_ID, SKU_ID, QUANTITY_AVAILABLE, QUANTITY_ON_HAND, VERSION_NUM, FULFILLMENT_LOCATION_ID) values (-1111, -1111, 300, 300, 0, -1);
insert into blc_inventory (INVENTORY_ID, SKU_ID, QUANTITY_AVAILABLE, QUANTITY_ON_HAND, VERSION_NUM, FULFILLMENT_LOCATION_ID) values (-1110, -1110, 20, 20, 0, -1);
insert into blc_inventory (INVENTORY_ID, SKU_ID, QUANTITY_AVAILABLE, QUANTITY_ON_HAND, VERSION_NUM, FULFILLMENT_LOCATION_ID) values (-1109, -1109, 100, 100, 0, -1);
insert into blc_inventory (INVENTORY_ID, SKU_ID, QUANTITY_AVAILABLE, QUANTITY_ON_HAND, VERSION_NUM, FULFILLMENT_LOCATION_ID) values (-1108, -1108, 150, 150, 0, -1);
insert into blc_inventory (INVENTORY_ID, SKU_ID, QUANTITY_AVAILABLE, QUANTITY_ON_HAND, VERSION_NUM, FULFILLMENT_LOCATION_ID) values (-1107, -1107, 10, 10, 0, -1);
insert into blc_inventory (INVENTORY_ID, SKU_ID, QUANTITY_AVAILABLE, QUANTITY_ON_HAND, VERSION_NUM, FULFILLMENT_LOCATION_ID) values (-1106, -1106, 10, 10, 0, -1);
insert into blc_inventory (INVENTORY_ID, SKU_ID, QUANTITY_AVAILABLE, QUANTITY_ON_HAND, VERSION_NUM, FULFILLMENT_LOCATION_ID) values (-1105, -1105, 10, 10, 0, -1);
insert into blc_inventory (INVENTORY_ID, SKU_ID, QUANTITY_AVAILABLE, QUANTITY_ON_HAND, VERSION_NUM, FULFILLMENT_LOCATION_ID) values (-1104, -1104, 20, 20, 0, -1);
insert into blc_inventory (INVENTORY_ID, SKU_ID, QUANTITY_AVAILABLE, QUANTITY_ON_HAND, VERSION_NUM, FULFILLMENT_LOCATION_ID) values (-1103, -1103, 10, 10, 0, -1);
insert into blc_inventory (INVENTORY_ID, SKU_ID, QUANTITY_AVAILABLE, QUANTITY_ON_HAND, VERSION_NUM, FULFILLMENT_LOCATION_ID) values (-1102, -1102, 20, 20, 0, -1);
insert into blc_inventory (INVENTORY_ID, SKU_ID, QUANTITY_AVAILABLE, QUANTITY_ON_HAND, VERSION_NUM, FULFILLMENT_LOCATION_ID) values (-1101, -1101, 10, 10, 0, -1);
insert into blc_inventory (INVENTORY_ID, SKU_ID, QUANTITY_AVAILABLE, QUANTITY_ON_HAND, VERSION_NUM, FULFILLMENT_LOCATION_ID) values (-1100, -1100, 10, 10, 0, -1);
insert into blc_inventory (INVENTORY_ID, SKU_ID, QUANTITY_AVAILABLE, QUANTITY_ON_HAND, VERSION_NUM, FULFILLMENT_LOCATION_ID) values (-1099, -1099, 10, 10, 0, -1);
insert into blc_inventory (INVENTORY_ID, SKU_ID, QUANTITY_AVAILABLE, QUANTITY_ON_HAND, VERSION_NUM, FULFILLMENT_LOCATION_ID) values (-1098, -1098, 10, 10, 0, -1);
insert into blc_inventory (INVENTORY_ID, SKU_ID, QUANTITY_AVAILABLE, QUANTITY_ON_HAND, VERSION_NUM, FULFILLMENT_LOCATION_ID) values (-1097, -1097, 20, 20, 0, -1);
insert into blc_inventory (INVENTORY_ID, SKU_ID, QUANTITY_AVAILABLE, QUANTITY_ON_HAND, VERSION_NUM, FULFILLMENT_LOCATION_ID) values (-1096, -1096, 20, 20, 0, -1);
insert into blc_inventory (INVENTORY_ID, SKU_ID, QUANTITY_AVAILABLE, QUANTITY_ON_HAND, VERSION_NUM, FULFILLMENT_LOCATION_ID) values (-1095, -1095, 20, 20, 0, -1);
insert into blc_inventory (INVENTORY_ID, SKU_ID, QUANTITY_AVAILABLE, QUANTITY_ON_HAND, VERSION_NUM, FULFILLMENT_LOCATION_ID) values (-1094, -1094, 20, 20, 0, -1);
insert into blc_inventory (INVENTORY_ID, SKU_ID, QUANTITY_AVAILABLE, QUANTITY_ON_HAND, VERSION_NUM, FULFILLMENT_LOCATION_ID) values (-1093, -1093, 20, 20, 0, -1);
insert into blc_inventory (INVENTORY_ID, SKU_ID, QUANTITY_AVAILABLE, QUANTITY_ON_HAND, VERSION_NUM, FULFILLMENT_LOCATION_ID) values (-1092, -1092, 20, 20, 0, -1);
insert into blc_inventory (INVENTORY_ID, SKU_ID, QUANTITY_AVAILABLE, QUANTITY_ON_HAND, VERSION_NUM, FULFILLMENT_LOCATION_ID) values (-1091, -1091, 20, 20, 0, -1);
insert into blc_inventory (INVENTORY_ID, SKU_ID, QUANTITY_AVAILABLE, QUANTITY_ON_HAND, VERSION_NUM, FULFILLMENT_LOCATION_ID) values (-1090, -1090, 20, 20, 0, -1);
insert into blc_inventory (INVENTORY_ID, SKU_ID, QUANTITY_AVAILABLE, QUANTITY_ON_HAND, VERSION_NUM, FULFILLMENT_LOCATION_ID) values (-1089, -1089, 20, 20, 0, -1);
insert into blc_inventory (INVENTORY_ID, SKU_ID, QUANTITY_AVAILABLE, QUANTITY_ON_HAND, VERSION_NUM, FULFILLMENT_LOCATION_ID) values (-1088, -1088, 20, 20, 0, -1);
insert into blc_inventory (INVENTORY_ID, SKU_ID, QUANTITY_AVAILABLE, QUANTITY_ON_HAND, VERSION_NUM, FULFILLMENT_LOCATION_ID) values (-1087, -1087, 50, 50, 0, -1);
insert into blc_inventory (INVENTORY_ID, SKU_ID, QUANTITY_AVAILABLE, QUANTITY_ON_HAND, VERSION_NUM, FULFILLMENT_LOCATION_ID) values (-1086, -1086, 50, 50, 0, -1);
insert into blc_inventory (INVENTORY_ID, SKU_ID, QUANTITY_AVAILABLE, QUANTITY_ON_HAND, VERSION_NUM, FULFILLMENT_LOCATION_ID) values (-1085, -1085, 50, 50, 0, -1);
insert into blc_inventory (INVENTORY_ID, SKU_ID, QUANTITY_AVAILABLE, QUANTITY_ON_HAND, VERSION_NUM, FULFILLMENT_LOCATION_ID) values (-1084, -1084, 50, 50, 0, -1);
insert into blc_inventory (INVENTORY_ID, SKU_ID, QUANTITY_AVAILABLE, QUANTITY_ON_HAND, VERSION_NUM, FULFILLMENT_LOCATION_ID) values (-1083, -1083, 50, 50, 0, -1);
insert into blc_inventory (INVENTORY_ID, SKU_ID, QUANTITY_AVAILABLE, QUANTITY_ON_HAND, VERSION_NUM, FULFILLMENT_LOCATION_ID) values (-1082, -1082, 32, 32, 0, -1);
insert into blc_inventory (INVENTORY_ID, SKU_ID, QUANTITY_AVAILABLE, QUANTITY_ON_HAND, VERSION_NUM, FULFILLMENT_LOCATION_ID) values (-1081, -1081, 32, 32, 0, -1);
insert into blc_inventory (INVENTORY_ID, SKU_ID, QUANTITY_AVAILABLE, QUANTITY_ON_HAND, VERSION_NUM, FULFILLMENT_LOCATION_ID) values (-1080, -1080, 32, 32, 0, -1);
insert into blc_inventory (INVENTORY_ID, SKU_ID, QUANTITY_AVAILABLE, QUANTITY_ON_HAND, VERSION_NUM, FULFILLMENT_LOCATION_ID) values (-1079, -1079, 480, 480, 0, -1);
insert into blc_inventory (INVENTORY_ID, SKU_ID, QUANTITY_AVAILABLE, QUANTITY_ON_HAND, VERSION_NUM, FULFILLMENT_LOCATION_ID) values (-1078, -1078, 200, 200, 0, -1);
insert into blc_inventory (INVENTORY_ID, SKU_ID, QUANTITY_AVAILABLE, QUANTITY_ON_HAND, VERSION_NUM, FULFILLMENT_LOCATION_ID) values (-1077, -1077, 80, 80, 0, -1);
insert into blc_inventory (INVENTORY_ID, SKU_ID, QUANTITY_AVAILABLE, QUANTITY_ON_HAND, VERSION_NUM, FULFILLMENT_LOCATION_ID) values (-1076, -1076, 10, 10, 0, -1);
insert into blc_inventory (INVENTORY_ID, SKU_ID, QUANTITY_AVAILABLE, QUANTITY_ON_HAND, VERSION_NUM, FULFILLMENT_LOCATION_ID) values (-1075, -1075, 10, 10, 0, -1);
insert into blc_inventory (INVENTORY_ID, SKU_ID, QUANTITY_AVAILABLE, QUANTITY_ON_HAND, VERSION_NUM, FULFILLMENT_LOCATION_ID) values (-1074, -1074, 10, 10, 0, -1);
insert into blc_inventory (INVENTORY_ID, SKU_ID, QUANTITY_AVAILABLE, QUANTITY_ON_HAND, VERSION_NUM, FULFILLMENT_LOCATION_ID) values (-1073, -1073, 10, 10, 0, -1);
insert into blc_inventory (INVENTORY_ID, SKU_ID, QUANTITY_AVAILABLE, QUANTITY_ON_HAND, VERSION_NUM, FULFILLMENT_LOCATION_ID) values (-1072, -1072, 10, 10, 0, -1);
insert into blc_inventory (INVENTORY_ID, SKU_ID, QUANTITY_AVAILABLE, QUANTITY_ON_HAND, VERSION_NUM, FULFILLMENT_LOCATION_ID) values (-1071, -1071, 10, 10, 0, -1);
insert into blc_inventory (INVENTORY_ID, SKU_ID, QUANTITY_AVAILABLE, QUANTITY_ON_HAND, VERSION_NUM, FULFILLMENT_LOCATION_ID) values (-1070, -1070, 10, 10, 0, -1);
insert into blc_inventory (INVENTORY_ID, SKU_ID, QUANTITY_AVAILABLE, QUANTITY_ON_HAND, VERSION_NUM, FULFILLMENT_LOCATION_ID) values (-1069, -1069, 100, 100, 0, -1);
insert into blc_inventory (INVENTORY_ID, SKU_ID, QUANTITY_AVAILABLE, QUANTITY_ON_HAND, VERSION_NUM, FULFILLMENT_LOCATION_ID) values (-1068, -1068, 60, 60, 0, -1);
insert into blc_inventory (INVENTORY_ID, SKU_ID, QUANTITY_AVAILABLE, QUANTITY_ON_HAND, VERSION_NUM, FULFILLMENT_LOCATION_ID) values (-1067, -1067, 60, 60, 0, -1);
insert into blc_inventory (INVENTORY_ID, SKU_ID, QUANTITY_AVAILABLE, QUANTITY_ON_HAND, VERSION_NUM, FULFILLMENT_LOCATION_ID) values (-1066, -1066, 60, 60, 0, -1);
insert into blc_inventory (INVENTORY_ID, SKU_ID, QUANTITY_AVAILABLE, QUANTITY_ON_HAND, VERSION_NUM, FULFILLMENT_LOCATION_ID) values (-1065, -1065, 60, 60, 0, -1);
insert into blc_inventory (INVENTORY_ID, SKU_ID, QUANTITY_AVAILABLE, QUANTITY_ON_HAND, VERSION_NUM, FULFILLMENT_LOCATION_ID) values (-1064, -1064, 40, 40, 0, -1);
insert into blc_inventory (INVENTORY_ID, SKU_ID, QUANTITY_AVAILABLE, QUANTITY_ON_HAND, VERSION_NUM, FULFILLMENT_LOCATION_ID) values (-1063, -1063, 40, 40, 0, -1);
insert into blc_inventory (INVENTORY_ID, SKU_ID, QUANTITY_AVAILABLE, QUANTITY_ON_HAND, VERSION_NUM, FULFILLMENT_LOCATION_ID) values (-1062, -1062, 10, 10, 0, -1);
insert into blc_inventory (INVENTORY_ID, SKU_ID, QUANTITY_AVAILABLE, QUANTITY_ON_HAND, VERSION_NUM, FULFILLMENT_LOCATION_ID) values (-1061, -1061, 10, 10, 0, -1);
insert into blc_inventory (INVENTORY_ID, SKU_ID, QUANTITY_AVAILABLE, QUANTITY_ON_HAND, VERSION_NUM, FULFILLMENT_LOCATION_ID) values (-1060, -1060, 10, 10, 0, -1);
insert into blc_inventory (INVENTORY_ID, SKU_ID, QUANTITY_AVAILABLE, QUANTITY_ON_HAND, VERSION_NUM, FULFILLMENT_LOCATION_ID) values (-1059, -1059, 10, 10, 0, -1);
insert into blc_inventory (INVENTORY_ID, SKU_ID, QUANTITY_AVAILABLE, QUANTITY_ON_HAND, VERSION_NUM, FULFILLMENT_LOCATION_ID) values (-1058, -1058, 10, 10, 0, -1);
insert into blc_inventory (INVENTORY_ID, SKU_ID, QUANTITY_AVAILABLE, QUANTITY_ON_HAND, VERSION_NUM, FULFILLMENT_LOCATION_ID) values (-1057, -1057, 10, 10, 0, -1);
insert into blc_inventory (INVENTORY_ID, SKU_ID, QUANTITY_AVAILABLE, QUANTITY_ON_HAND, VERSION_NUM, FULFILLMENT_LOCATION_ID) values (-1056, -1056, 10, 10, 0, -1);
insert into blc_inventory (INVENTORY_ID, SKU_ID, QUANTITY_AVAILABLE, QUANTITY_ON_HAND, VERSION_NUM, FULFILLMENT_LOCATION_ID) values (-1055, -1055, 10, 10, 0, -1);
insert into blc_inventory (INVENTORY_ID, SKU_ID, QUANTITY_AVAILABLE, QUANTITY_ON_HAND, VERSION_NUM, FULFILLMENT_LOCATION_ID) values (-1054, -1054, 10, 10, 0, -1);
insert into blc_inventory (INVENTORY_ID, SKU_ID, QUANTITY_AVAILABLE, QUANTITY_ON_HAND, VERSION_NUM, FULFILLMENT_LOCATION_ID) values (-1053, -1053, 30, 30, 0, -1);
insert into blc_inventory (INVENTORY_ID, SKU_ID, QUANTITY_AVAILABLE, QUANTITY_ON_HAND, VERSION_NUM, FULFILLMENT_LOCATION_ID) values (-1052, -1052, 30, 30, 0, -1);
insert into blc_inventory (INVENTORY_ID, SKU_ID, QUANTITY_AVAILABLE, QUANTITY_ON_HAND, VERSION_NUM, FULFILLMENT_LOCATION_ID) values (-1051, -1051, 40, 40, 0, -1);
insert into blc_inventory (INVENTORY_ID, SKU_ID, QUANTITY_AVAILABLE, QUANTITY_ON_HAND, VERSION_NUM, FULFILLMENT_LOCATION_ID) values (-1050, -1050, 20, 20, 0, -1);
insert into blc_inventory (INVENTORY_ID, SKU_ID, QUANTITY_AVAILABLE, QUANTITY_ON_HAND, VERSION_NUM, FULFILLMENT_LOCATION_ID) values (-1049, -1049, 20, 20, 0, -1);
insert into blc_inventory (INVENTORY_ID, SKU_ID, QUANTITY_AVAILABLE, QUANTITY_ON_HAND, VERSION_NUM, FULFILLMENT_LOCATION_ID) values (-1048, -1048, 20, 20, 0, -1);
insert into blc_inventory (INVENTORY_ID, SKU_ID, QUANTITY_AVAILABLE, QUANTITY_ON_HAND, VERSION_NUM, FULFILLMENT_LOCATION_ID) values (-1047, -1047, 20, 20, 0, -1);
insert into blc_inventory (INVENTORY_ID, SKU_ID, QUANTITY_AVAILABLE, QUANTITY_ON_HAND, VERSION_NUM, FULFILLMENT_LOCATION_ID) values (-1046, -1046, 20, 20, 0, -1);
insert into blc_inventory (INVENTORY_ID, SKU_ID, QUANTITY_AVAILABLE, QUANTITY_ON_HAND, VERSION_NUM, FULFILLMENT_LOCATION_ID) values (-1045, -1045, 20, 20, 0, -1);
insert into blc_inventory (INVENTORY_ID, SKU_ID, QUANTITY_AVAILABLE, QUANTITY_ON_HAND, VERSION_NUM, FULFILLMENT_LOCATION_ID) values (-1044, -1044, 24, 24, 0, -1);
insert into blc_inventory (INVENTORY_ID, SKU_ID, QUANTITY_AVAILABLE, QUANTITY_ON_HAND, VERSION_NUM, FULFILLMENT_LOCATION_ID) values (-1043, -1043, 20, 20, 0, -1);
insert into blc_inventory (INVENTORY_ID, SKU_ID, QUANTITY_AVAILABLE, QUANTITY_ON_HAND, VERSION_NUM, FULFILLMENT_LOCATION_ID) values (-1042, -1042, 20, 20, 0, -1);
insert into blc_inventory (INVENTORY_ID, SKU_ID, QUANTITY_AVAILABLE, QUANTITY_ON_HAND, VERSION_NUM, FULFILLMENT_LOCATION_ID) values (-1041, -1041, 20, 20, 0, -1);
insert into blc_inventory (INVENTORY_ID, SKU_ID, QUANTITY_AVAILABLE, QUANTITY_ON_HAND, VERSION_NUM, FULFILLMENT_LOCATION_ID) values (-1040, -1040, 20, 20, 0, -1);
insert into blc_inventory (INVENTORY_ID, SKU_ID, QUANTITY_AVAILABLE, QUANTITY_ON_HAND, VERSION_NUM, FULFILLMENT_LOCATION_ID) values (-1039, -1039, 120, 120, 0, -1);
insert into blc_inventory (INVENTORY_ID, SKU_ID, QUANTITY_AVAILABLE, QUANTITY_ON_HAND, VERSION_NUM, FULFILLMENT_LOCATION_ID) values (-1038, -1038, 50, 50, 0, -1);
insert into blc_inventory (INVENTORY_ID, SKU_ID, QUANTITY_AVAILABLE, QUANTITY_ON_HAND, VERSION_NUM, FULFILLMENT_LOCATION_ID) values (-1037, -1037, 40, 40, 0, -1);
insert into blc_inventory (INVENTORY_ID, SKU_ID, QUANTITY_AVAILABLE, QUANTITY_ON_HAND, VERSION_NUM, FULFILLMENT_LOCATION_ID) values (-1036, -1036, 30, 30, 0, -1);
insert into blc_inventory (INVENTORY_ID, SKU_ID, QUANTITY_AVAILABLE, QUANTITY_ON_HAND, VERSION_NUM, FULFILLMENT_LOCATION_ID) values (-1035, -1035, 35, 35, 0, -1);
insert into blc_inventory (INVENTORY_ID, SKU_ID, QUANTITY_AVAILABLE, QUANTITY_ON_HAND, VERSION_NUM, FULFILLMENT_LOCATION_ID) values (-1034, -1034, 24, 24, 0, -1);
insert into blc_inventory (INVENTORY_ID, SKU_ID, QUANTITY_AVAILABLE, QUANTITY_ON_HAND, VERSION_NUM, FULFILLMENT_LOCATION_ID) values (-1033, -1033, 24, 24, 0, -1);
insert into blc_inventory (INVENTORY_ID, SKU_ID, QUANTITY_AVAILABLE, QUANTITY_ON_HAND, VERSION_NUM, FULFILLMENT_LOCATION_ID) values (-1032, -1032, 30, 30, 0, -1);
insert into blc_inventory (INVENTORY_ID, SKU_ID, QUANTITY_AVAILABLE, QUANTITY_ON_HAND, VERSION_NUM, FULFILLMENT_LOCATION_ID) values (-1031, -1031, 30, 30, 0, -1);
insert into blc_inventory (INVENTORY_ID, SKU_ID, QUANTITY_AVAILABLE, QUANTITY_ON_HAND, VERSION_NUM, FULFILLMENT_LOCATION_ID) values (-1030, -1030, 30, 30, 0, -1);
insert into blc_inventory (INVENTORY_ID, SKU_ID, QUANTITY_AVAILABLE, QUANTITY_ON_HAND, VERSION_NUM, FULFILLMENT_LOCATION_ID) values (-1029, -1029, 10, 10, 0, -1);
insert into blc_inventory (INVENTORY_ID, SKU_ID, QUANTITY_AVAILABLE, QUANTITY_ON_HAND, VERSION_NUM, FULFILLMENT_LOCATION_ID) values (-1028, -1028, 10, 10, 0, -1);
insert into blc_inventory (INVENTORY_ID, SKU_ID, QUANTITY_AVAILABLE, QUANTITY_ON_HAND, VERSION_NUM, FULFILLMENT_LOCATION_ID) values (-1027, -1027, 10, 10, 0, -1);
insert into blc_inventory (INVENTORY_ID, SKU_ID, QUANTITY_AVAILABLE, QUANTITY_ON_HAND, VERSION_NUM, FULFILLMENT_LOCATION_ID) values (-1026, -1026, 120, 120, 0, -1);
insert into blc_inventory (INVENTORY_ID, SKU_ID, QUANTITY_AVAILABLE, QUANTITY_ON_HAND, VERSION_NUM, FULFILLMENT_LOCATION_ID) values (-1025, -1025, 50, 50, 0, -1);
insert into blc_inventory (INVENTORY_ID, SKU_ID, QUANTITY_AVAILABLE, QUANTITY_ON_HAND, VERSION_NUM, FULFILLMENT_LOCATION_ID) values (-1024, -1024, 100, 100, 0, -1);
insert into blc_inventory (INVENTORY_ID, SKU_ID, QUANTITY_AVAILABLE, QUANTITY_ON_HAND, VERSION_NUM, FULFILLMENT_LOCATION_ID) values (-1023, -1023, 10, 10, 0, -1);
insert into blc_inventory (INVENTORY_ID, SKU_ID, QUANTITY_AVAILABLE, QUANTITY_ON_HAND, VERSION_NUM, FULFILLMENT_LOCATION_ID) values (-1022, -1022, 10, 10, 0, -1);
insert into blc_inventory (INVENTORY_ID, SKU_ID, QUANTITY_AVAILABLE, QUANTITY_ON_HAND, VERSION_NUM, FULFILLMENT_LOCATION_ID) values (-1021, -1021, 10, 10, 0, -1);
insert into blc_inventory (INVENTORY_ID, SKU_ID, QUANTITY_AVAILABLE, QUANTITY_ON_HAND, VERSION_NUM, FULFILLMENT_LOCATION_ID) values (-1020, -1020, 10, 10, 0, -1);
insert into blc_inventory (INVENTORY_ID, SKU_ID, QUANTITY_AVAILABLE, QUANTITY_ON_HAND, VERSION_NUM, FULFILLMENT_LOCATION_ID) values (-1019, -1019, 30, 30, 0, -1);
insert into blc_inventory (INVENTORY_ID, SKU_ID, QUANTITY_AVAILABLE, QUANTITY_ON_HAND, VERSION_NUM, FULFILLMENT_LOCATION_ID) values (-1018, -1018, 30, 30, 0, -1);
insert into blc_inventory (INVENTORY_ID, SKU_ID, QUANTITY_AVAILABLE, QUANTITY_ON_HAND, VERSION_NUM, FULFILLMENT_LOCATION_ID) values (-1017, -1017, 10, 10, 0, -1);
insert into blc_inventory (INVENTORY_ID, SKU_ID, QUANTITY_AVAILABLE, QUANTITY_ON_HAND, VERSION_NUM, FULFILLMENT_LOCATION_ID) values (-1016, -1016, 40, 40, 0, -1);
insert into blc_inventory (INVENTORY_ID, SKU_ID, QUANTITY_AVAILABLE, QUANTITY_ON_HAND, VERSION_NUM, FULFILLMENT_LOCATION_ID) values (-1015, -1015, 22, 22, 0, -1);
insert into blc_inventory (INVENTORY_ID, SKU_ID, QUANTITY_AVAILABLE, QUANTITY_ON_HAND, VERSION_NUM, FULFILLMENT_LOCATION_ID) values (-1014, -1014, 15, 15, 0, -1);
insert into blc_inventory (INVENTORY_ID, SKU_ID, QUANTITY_AVAILABLE, QUANTITY_ON_HAND, VERSION_NUM, FULFILLMENT_LOCATION_ID) values (-1013, -1013, 100, 100, 0, -1);
insert into blc_inventory (INVENTORY_ID, SKU_ID, QUANTITY_AVAILABLE, QUANTITY_ON_HAND, VERSION_NUM, FULFILLMENT_LOCATION_ID) values (-1012, -1012, 100, 100, 0, -1);
insert into blc_inventory (INVENTORY_ID, SKU_ID, QUANTITY_AVAILABLE, QUANTITY_ON_HAND, VERSION_NUM, FULFILLMENT_LOCATION_ID) values (-1011, -1011, 10, 10, 0, -1);
insert into blc_inventory (INVENTORY_ID, SKU_ID, QUANTITY_AVAILABLE, QUANTITY_ON_HAND, VERSION_NUM, FULFILLMENT_LOCATION_ID) values (-1010, -1010, 10, 10, 0, -1);
insert into blc_inventory (INVENTORY_ID, SKU_ID, QUANTITY_AVAILABLE, QUANTITY_ON_HAND, VERSION_NUM, FULFILLMENT_LOCATION_ID) values (-1009, -1009, 10, 10, 0, -1);
insert into blc_inventory (INVENTORY_ID, SKU_ID, QUANTITY_AVAILABLE, QUANTITY_ON_HAND, VERSION_NUM, FULFILLMENT_LOCATION_ID) values (-1008, -1008, 10, 10, 0, -1);
insert into blc_inventory (INVENTORY_ID, SKU_ID, QUANTITY_AVAILABLE, QUANTITY_ON_HAND, VERSION_NUM, FULFILLMENT_LOCATION_ID) values (-1007, -1007, 40, 40, 0, -1);
insert into blc_inventory (INVENTORY_ID, SKU_ID, QUANTITY_AVAILABLE, QUANTITY_ON_HAND, VERSION_NUM, FULFILLMENT_LOCATION_ID) values (-1006, -1006, 20, 20, 0, -1);
insert into blc_inventory (INVENTORY_ID, SKU_ID, QUANTITY_AVAILABLE, QUANTITY_ON_HAND, VERSION_NUM, FULFILLMENT_LOCATION_ID) values (-1005, -1005, 20, 20, 0, -1);
insert into blc_inventory (INVENTORY_ID, SKU_ID, QUANTITY_AVAILABLE, QUANTITY_ON_HAND, VERSION_NUM, FULFILLMENT_LOCATION_ID) values (-1004, -1004, 6, 6, 0, -1);
insert into blc_inventory (INVENTORY_ID, SKU_ID, QUANTITY_AVAILABLE, QUANTITY_ON_HAND, VERSION_NUM, FULFILLMENT_LOCATION_ID) values (-1003, -1003, 6, 6, 0, -1);
insert into blc_inventory (INVENTORY_ID, SKU_ID, QUANTITY_AVAILABLE, QUANTITY_ON_HAND, VERSION_NUM, FULFILLMENT_LOCATION_ID) values (-1002, -1002, 6, 6, 0, -1);
insert into blc_inventory (INVENTORY_ID, SKU_ID, QUANTITY_AVAILABLE, QUANTITY_ON_HAND, VERSION_NUM, FULFILLMENT_LOCATION_ID) values (-1001, -1001, 72, 72, 0, -1);
insert into blc_inventory (INVENTORY_ID, SKU_ID, QUANTITY_AVAILABLE, QUANTITY_ON_HAND, VERSION_NUM, FULFILLMENT_LOCATION_ID) values (-1000, -1000, 24, 24, 0, -1);




















INSERT INTO BLC_MEDIA (MEDIA_ID, URL, TITLE, ALT_TEXT) VALUES (-2232,'/cmsstatic/img/product/01.001.0001/2desc.jpg','奥利奥原味夹心饼干','alt1');
INSERT INTO BLC_MEDIA (MEDIA_ID, URL, TITLE, ALT_TEXT) VALUES (-2231,'/cmsstatic/img/product/01.001.0002/2desc.jpg','奥利奥巧克力味夹心','alt1');
INSERT INTO BLC_MEDIA (MEDIA_ID, URL, TITLE, ALT_TEXT) VALUES (-2230,'/cmsstatic/img/product/01.001.0003/2desc.jpg','奥利奥草莓味夹心','alt1');
INSERT INTO BLC_MEDIA (MEDIA_ID, URL, TITLE, ALT_TEXT) VALUES (-2229,'/cmsstatic/img/product/01.001.0004/2desc.jpg','奥利奥原味夹心','alt1');
INSERT INTO BLC_MEDIA (MEDIA_ID, URL, TITLE, ALT_TEXT) VALUES (-2228,'/cmsstatic/img/product/01.001.0005/2desc.jpg','奥利奥巧克力夹心','alt1');
INSERT INTO BLC_MEDIA (MEDIA_ID, URL, TITLE, ALT_TEXT) VALUES (-2227,'/cmsstatic/img/product/01.001.0006/2desc.jpg','奥利奥威化原味夹心','alt1');
INSERT INTO BLC_MEDIA (MEDIA_ID, URL, TITLE, ALT_TEXT) VALUES (-2226,'/cmsstatic/img/product/01.001.0007/2desc.jpg','奥利奥原味巧克力棒随心装','alt1');
INSERT INTO BLC_MEDIA (MEDIA_ID, URL, TITLE, ALT_TEXT) VALUES (-2225,'/cmsstatic/img/product/01.001.0008/2desc.jpg','奥利奥牛奶巧克力棒随心装','alt1');
INSERT INTO BLC_MEDIA (MEDIA_ID, URL, TITLE, ALT_TEXT) VALUES (-2224,'/cmsstatic/img/product/01.001.0009/2desc.jpg','奥利奥金装巧克力味','alt1');
INSERT INTO BLC_MEDIA (MEDIA_ID, URL, TITLE, ALT_TEXT) VALUES (-2223,'/cmsstatic/img/product/01.001.0010/2desc.jpg','趣多多经典巧克力原味','alt1');
INSERT INTO BLC_MEDIA (MEDIA_ID, URL, TITLE, ALT_TEXT) VALUES (-2222,'/cmsstatic/img/product/01.001.0011/2desc.jpg','趣多多缤纷曲奇饼巧克力味','alt1');
INSERT INTO BLC_MEDIA (MEDIA_ID, URL, TITLE, ALT_TEXT) VALUES (-2221,'/cmsstatic/img/product/01.001.0012/2desc.jpg','趣多多大块巧克力曲奇饼干（咖啡味）','alt1');
INSERT INTO BLC_MEDIA (MEDIA_ID, URL, TITLE, ALT_TEXT) VALUES (-2220,'/cmsstatic/img/product/01.001.0013/2desc.jpg','趣多多软式甜饼经典巧克力原味','alt1');
INSERT INTO BLC_MEDIA (MEDIA_ID, URL, TITLE, ALT_TEXT) VALUES (-2219,'/cmsstatic/img/product/01.001.0014/2desc.jpg','优冠牛奶香脆（纯正牛奶）','alt1');
INSERT INTO BLC_MEDIA (MEDIA_ID, URL, TITLE, ALT_TEXT) VALUES (-2218,'/cmsstatic/img/product/01.001.0015/2desc.jpg','优冠牛奶特浓夹心（香浓夹心）','alt1');
INSERT INTO BLC_MEDIA (MEDIA_ID, URL, TITLE, ALT_TEXT) VALUES (-2217,'/cmsstatic/img/product/01.001.0016/2desc.jpg','优冠牛奶特浓夹心（香滑巧克力）','alt1');
INSERT INTO BLC_MEDIA (MEDIA_ID, URL, TITLE, ALT_TEXT) VALUES (-2216,'/cmsstatic/img/product/01.001.0017/2desc.jpg','优冠牛奶特浓夹心（香酥蛋黄）','alt1');
INSERT INTO BLC_MEDIA (MEDIA_ID, URL, TITLE, ALT_TEXT) VALUES (-2215,'/cmsstatic/img/product/01.001.0018/2desc.jpg','王子曲奇星（香浓巧克力）','alt1');
INSERT INTO BLC_MEDIA (MEDIA_ID, URL, TITLE, ALT_TEXT) VALUES (-2214,'/cmsstatic/img/product/01.001.0019/2desc.jpg','太平梳打（香葱味）','alt1');
INSERT INTO BLC_MEDIA (MEDIA_ID, URL, TITLE, ALT_TEXT) VALUES (-2213,'/cmsstatic/img/product/01.001.0020/2desc.jpg','太平梳打（奶盐味）','alt1');
INSERT INTO BLC_MEDIA (MEDIA_ID, URL, TITLE, ALT_TEXT) VALUES (-2212,'/cmsstatic/img/product/01.001.0021/2desc.jpg','闲趣（自然清威原味）','alt1');
INSERT INTO BLC_MEDIA (MEDIA_ID, URL, TITLE, ALT_TEXT) VALUES (-2211,'/cmsstatic/img/product/01.001.0022/2desc.jpg','闲趣（田园番茄味）','alt1');
INSERT INTO BLC_MEDIA (MEDIA_ID, URL, TITLE, ALT_TEXT) VALUES (-2210,'/cmsstatic/img/product/01.001.0023/2desc.jpg','闲趣（秘制小牛排味）','alt1');
INSERT INTO BLC_MEDIA (MEDIA_ID, URL, TITLE, ALT_TEXT) VALUES (-2209,'/cmsstatic/img/product/01.001.0024/2desc.jpg','康师傅3+2苏打夹心饼干(香浓奶油味)','alt1');
INSERT INTO BLC_MEDIA (MEDIA_ID, URL, TITLE, ALT_TEXT) VALUES (-2208,'/cmsstatic/img/product/01.001.0025/2desc.jpg','康师傅3+2苏打夹心饼干(香草巧克力味)','alt1');
INSERT INTO BLC_MEDIA (MEDIA_ID, URL, TITLE, ALT_TEXT) VALUES (-2207,'/cmsstatic/img/product/01.001.0026/2desc.jpg','康师傅3+2苏打夹心饼干(抹茶蜜豆味)','alt1');
INSERT INTO BLC_MEDIA (MEDIA_ID, URL, TITLE, ALT_TEXT) VALUES (-2206,'/cmsstatic/img/product/01.004.0027/2desc.jpg','徐福记松软蛋酥沙琪玛迷你包','alt1');
INSERT INTO BLC_MEDIA (MEDIA_ID, URL, TITLE, ALT_TEXT) VALUES (-2205,'/cmsstatic/img/product/01.001.0028/2desc.jpg','康师傅美味酥什锦烧烤味','alt1');
INSERT INTO BLC_MEDIA (MEDIA_ID, URL, TITLE, ALT_TEXT) VALUES (-2204,'/cmsstatic/img/product/01.001.0029/2desc.jpg','康师傅美味酥黑胡椒牛排味','alt1');
INSERT INTO BLC_MEDIA (MEDIA_ID, URL, TITLE, ALT_TEXT) VALUES (-2203,'/cmsstatic/img/product/01.001.0030/2desc.jpg','康师傅美味酥点点葱香味','alt1');
INSERT INTO BLC_MEDIA (MEDIA_ID, URL, TITLE, ALT_TEXT) VALUES (-2202,'/cmsstatic/img/product/01.001.0031/2desc.jpg','达利园香葱咸饼','alt1');
INSERT INTO BLC_MEDIA (MEDIA_ID, URL, TITLE, ALT_TEXT) VALUES (-2201,'/cmsstatic/img/product/01.001.0032/2desc.jpg','好吃点低糖海苔饼','alt1');
INSERT INTO BLC_MEDIA (MEDIA_ID, URL, TITLE, ALT_TEXT) VALUES (-2200,'/cmsstatic/img/product/01.001.0033/2desc.jpg','好吃点香脆核桃酥饼','alt1');
INSERT INTO BLC_MEDIA (MEDIA_ID, URL, TITLE, ALT_TEXT) VALUES (-2199,'/cmsstatic/img/product/01.001.0034/2desc.jpg','好吃点杏仁酥饼','alt1');
INSERT INTO BLC_MEDIA (MEDIA_ID, URL, TITLE, ALT_TEXT) VALUES (-2198,'/cmsstatic/img/product/01.001.0035/2desc.jpg','好吃点香脆腰果饼','alt1');
INSERT INTO BLC_MEDIA (MEDIA_ID, URL, TITLE, ALT_TEXT) VALUES (-2197,'/cmsstatic/img/product/01.001.0036/2desc.jpg','好吃点香脆杏仁饼','alt1');
INSERT INTO BLC_MEDIA (MEDIA_ID, URL, TITLE, ALT_TEXT) VALUES (-2196,'/cmsstatic/img/product/01.001.0037/2desc.jpg','好吃点香脆核桃饼','alt1');
INSERT INTO BLC_MEDIA (MEDIA_ID, URL, TITLE, ALT_TEXT) VALUES (-2195,'/cmsstatic/img/product/01.001.0038/2desc.jpg','好吃点榛仁酥','alt1');
INSERT INTO BLC_MEDIA (MEDIA_ID, URL, TITLE, ALT_TEXT) VALUES (-2194,'/cmsstatic/img/product/01.001.0039/2desc.jpg','格力高菜园小饼孜然烧烤','alt1');
INSERT INTO BLC_MEDIA (MEDIA_ID, URL, TITLE, ALT_TEXT) VALUES (-2193,'/cmsstatic/img/product/01.001.0040/2desc.jpg','格力高菜园小饼番茄味','alt1');
INSERT INTO BLC_MEDIA (MEDIA_ID, URL, TITLE, ALT_TEXT) VALUES (-2192,'/cmsstatic/img/product/01.001.0041/2desc.jpg','格力高菜园小饼葱辣味','alt1');
INSERT INTO BLC_MEDIA (MEDIA_ID, URL, TITLE, ALT_TEXT) VALUES (-2191,'/cmsstatic/img/product/01.001.0042/2desc.jpg','格力高菜园小饼色拉虾味','alt1');
INSERT INTO BLC_MEDIA (MEDIA_ID, URL, TITLE, ALT_TEXT) VALUES (-2190,'/cmsstatic/img/product/01.001.0043/2desc.jpg','格力高菜园小饼比萨味','alt1');
INSERT INTO BLC_MEDIA (MEDIA_ID, URL, TITLE, ALT_TEXT) VALUES (-2189,'/cmsstatic/img/product/01.001.0044/2desc.jpg','旺旺雪饼','alt1');
INSERT INTO BLC_MEDIA (MEDIA_ID, URL, TITLE, ALT_TEXT) VALUES (-2188,'/cmsstatic/img/product/01.001.0045/2desc.jpg','津味金针菇脆笋','alt1');
INSERT INTO BLC_MEDIA (MEDIA_ID, URL, TITLE, ALT_TEXT) VALUES (-2187,'/cmsstatic/img/product/01.004.0046/2desc.jpg','雀巢咖啡1+2（11+2杯装）','alt1');
INSERT INTO BLC_MEDIA (MEDIA_ID, URL, TITLE, ALT_TEXT) VALUES (-2186,'/cmsstatic/img/product/01.004.0047/2desc.jpg','Tang 菓珍','alt1');
INSERT INTO BLC_MEDIA (MEDIA_ID, URL, TITLE, ALT_TEXT) VALUES (-2185,'/cmsstatic/img/product/01.004.0048/2desc.jpg','达利园法式软面包香橙味160g（8枚）','alt1');
INSERT INTO BLC_MEDIA (MEDIA_ID, URL, TITLE, ALT_TEXT) VALUES (-2184,'/cmsstatic/img/product/01.004.0049/2desc.jpg','达利园法式软面包香奶味160g（8枚）','alt1');
INSERT INTO BLC_MEDIA (MEDIA_ID, URL, TITLE, ALT_TEXT) VALUES (-2183,'/cmsstatic/img/product/01.004.0050/2desc.jpg','达利园草莓派250g(10枚)','alt1');
INSERT INTO BLC_MEDIA (MEDIA_ID, URL, TITLE, ALT_TEXT) VALUES (-2182,'/cmsstatic/img/product/01.004.0051/2desc.jpg','达利园蛋黄派250g(10枚)','alt1');
INSERT INTO BLC_MEDIA (MEDIA_ID, URL, TITLE, ALT_TEXT) VALUES (-2181,'/cmsstatic/img/product/01.004.0052/2desc.jpg','达利园巧克力派300g（10枚）','alt1');
INSERT INTO BLC_MEDIA (MEDIA_ID, URL, TITLE, ALT_TEXT) VALUES (-2180,'/cmsstatic/img/product/01.004.0053/2desc.jpg','达利园瑞士卷8枚(草莓味)','alt1');
INSERT INTO BLC_MEDIA (MEDIA_ID, URL, TITLE, ALT_TEXT) VALUES (-2179,'/cmsstatic/img/product/01.004.0054/2desc.jpg','达利园瑞士卷8枚(橙汁味)','alt1');
INSERT INTO BLC_MEDIA (MEDIA_ID, URL, TITLE, ALT_TEXT) VALUES (-2178,'/cmsstatic/img/product/01.004.0055/2desc.jpg','达利园瑞士卷8枚(巧克力味)','alt1');
INSERT INTO BLC_MEDIA (MEDIA_ID, URL, TITLE, ALT_TEXT) VALUES (-2177,'/cmsstatic/img/product/01.004.0056/2desc.jpg','好丽友Q蒂2枚装（摩卡巧克力）','alt1');
INSERT INTO BLC_MEDIA (MEDIA_ID, URL, TITLE, ALT_TEXT) VALUES (-2176,'/cmsstatic/img/product/01.004.0057/2desc.jpg','好丽友蛋黄派2枚装','alt1');
INSERT INTO BLC_MEDIA (MEDIA_ID, URL, TITLE, ALT_TEXT) VALUES (-2175,'/cmsstatic/img/product/01.004.0058/2desc.jpg','好丽友派2枚装','alt1');
INSERT INTO BLC_MEDIA (MEDIA_ID, URL, TITLE, ALT_TEXT) VALUES (-2174,'/cmsstatic/img/product/01.004.0059/2desc.jpg','好丽友派6枚装','alt1');
INSERT INTO BLC_MEDIA (MEDIA_ID, URL, TITLE, ALT_TEXT) VALUES (-2173,'/cmsstatic/img/product/01.004.0060/2desc.jpg','三辉麦风法式香奶面包','alt1');
INSERT INTO BLC_MEDIA (MEDIA_ID, URL, TITLE, ALT_TEXT) VALUES (-2172,'/cmsstatic/img/product/01.004.0061/2desc.jpg','三辉麦风法式香奶面包','alt1');
INSERT INTO BLC_MEDIA (MEDIA_ID, URL, TITLE, ALT_TEXT) VALUES (-2171,'/cmsstatic/img/product/01.004.0062/2desc.jpg','三辉麦风提拉米苏4枚装(巧克力味)','alt1');
INSERT INTO BLC_MEDIA (MEDIA_ID, URL, TITLE, ALT_TEXT) VALUES (-2170,'/cmsstatic/img/product/01.004.0063/2desc.jpg','徐福记芝麻香酥沙琪玛迷你包','alt1');
INSERT INTO BLC_MEDIA (MEDIA_ID, URL, TITLE, ALT_TEXT) VALUES (-2169,'/cmsstatic/img/product/01.004.0064/2desc.jpg','徐福记巧克力味沙琪玛迷你包','alt1');
INSERT INTO BLC_MEDIA (MEDIA_ID, URL, TITLE, ALT_TEXT) VALUES (-2168,'/cmsstatic/img/product/01.004.0065/2desc.jpg','徐福记松软蛋酥沙琪玛迷你包','alt1');
INSERT INTO BLC_MEDIA (MEDIA_ID, URL, TITLE, ALT_TEXT) VALUES (-2167,'/cmsstatic/img/product/01.004.0066/2desc.jpg','回头客铜锣烧红豆味（10枚入）','alt1');
INSERT INTO BLC_MEDIA (MEDIA_ID, URL, TITLE, ALT_TEXT) VALUES (-2166,'/cmsstatic/img/product/01.004.0067/2desc.jpg','回头客铜锣烧香芋味(10枚入）','alt1');
INSERT INTO BLC_MEDIA (MEDIA_ID, URL, TITLE, ALT_TEXT) VALUES (-2165,'/cmsstatic/img/product/01.004.0068/2desc.jpg','回头客铜锣烧抹茶味（10枚入）','alt1');
INSERT INTO BLC_MEDIA (MEDIA_ID, URL, TITLE, ALT_TEXT) VALUES (-2164,'/cmsstatic/img/product/01.005.0069/2desc.jpg','康师傅干拌面（红烧牛肉味）','alt1');
INSERT INTO BLC_MEDIA (MEDIA_ID, URL, TITLE, ALT_TEXT) VALUES (-2163,'/cmsstatic/img/product/01.005.0070/2desc.jpg','康师傅干拌面（葱油拌味）','alt1');
INSERT INTO BLC_MEDIA (MEDIA_ID, URL, TITLE, ALT_TEXT) VALUES (-2162,'/cmsstatic/img/product/01.005.0071/2desc.jpg','康师傅干拌面（香辣牛肉味）','alt1');
INSERT INTO BLC_MEDIA (MEDIA_ID, URL, TITLE, ALT_TEXT) VALUES (-2161,'/cmsstatic/img/product/01.005.0072/2desc.jpg','康师傅随心杯红烧牛肉面（杯）','alt1');
INSERT INTO BLC_MEDIA (MEDIA_ID, URL, TITLE, ALT_TEXT) VALUES (-2160,'/cmsstatic/img/product/01.005.0073/2desc.jpg','康师傅随心杯香辣牛肉面（杯）','alt1');
INSERT INTO BLC_MEDIA (MEDIA_ID, URL, TITLE, ALT_TEXT) VALUES (-2159,'/cmsstatic/img/product/01.005.0074/2desc.jpg','康师傅酸菜牛肉面（桶）','alt1');
INSERT INTO BLC_MEDIA (MEDIA_ID, URL, TITLE, ALT_TEXT) VALUES (-2158,'/cmsstatic/img/product/01.005.0075/2desc.jpg','康师傅卤香牛肉面（桶）','alt1');
INSERT INTO BLC_MEDIA (MEDIA_ID, URL, TITLE, ALT_TEXT) VALUES (-2157,'/cmsstatic/img/product/01.005.0076/2desc.jpg','康师傅香菇炖鸡面（桶）','alt1');
INSERT INTO BLC_MEDIA (MEDIA_ID, URL, TITLE, ALT_TEXT) VALUES (-2156,'/cmsstatic/img/product/01.005.0077/2desc.jpg','康师傅鲜虾鱼板面（桶）','alt1');
INSERT INTO BLC_MEDIA (MEDIA_ID, URL, TITLE, ALT_TEXT) VALUES (-2155,'/cmsstatic/img/product/01.005.0078/2desc.jpg','康师傅笋干老鸭煲面（桶）','alt1');
INSERT INTO BLC_MEDIA (MEDIA_ID, URL, TITLE, ALT_TEXT) VALUES (-2154,'/cmsstatic/img/product/01.005.0079/2desc.jpg','康师傅香辣牛肉面（桶）','alt1');
INSERT INTO BLC_MEDIA (MEDIA_ID, URL, TITLE, ALT_TEXT) VALUES (-2153,'/cmsstatic/img/product/01.005.0080/2desc.jpg','康师傅红烧牛肉面（桶）','alt1');
INSERT INTO BLC_MEDIA (MEDIA_ID, URL, TITLE, ALT_TEXT) VALUES (-2152,'/cmsstatic/img/product/01.005.0081/2desc.jpg','袋装康师傅东坡红烧肉面','alt1');
INSERT INTO BLC_MEDIA (MEDIA_ID, URL, TITLE, ALT_TEXT) VALUES (-2151,'/cmsstatic/img/product/01.005.0082/2desc.jpg','袋装康师傅酸菜牛肉面','alt1');
INSERT INTO BLC_MEDIA (MEDIA_ID, URL, TITLE, ALT_TEXT) VALUES (-2150,'/cmsstatic/img/product/01.005.0083/2desc.jpg','袋装康师傅香菇炖鸡面','alt1');
INSERT INTO BLC_MEDIA (MEDIA_ID, URL, TITLE, ALT_TEXT) VALUES (-2149,'/cmsstatic/img/product/01.005.0084/2desc.jpg','袋装康师傅鲜虾鱼板面','alt1');
INSERT INTO BLC_MEDIA (MEDIA_ID, URL, TITLE, ALT_TEXT) VALUES (-2148,'/cmsstatic/img/product/01.005.0085/2desc.jpg','袋装康师傅笋干老鸭煲面','alt1');
INSERT INTO BLC_MEDIA (MEDIA_ID, URL, TITLE, ALT_TEXT) VALUES (-2147,'/cmsstatic/img/product/01.005.0086/2desc.jpg','袋装康师傅香辣牛肉面','alt1');
INSERT INTO BLC_MEDIA (MEDIA_ID, URL, TITLE, ALT_TEXT) VALUES (-2146,'/cmsstatic/img/product/01.005.0087/2desc.jpg','袋装康师傅红烧牛肉面','alt1');
INSERT INTO BLC_MEDIA (MEDIA_ID, URL, TITLE, ALT_TEXT) VALUES (-2145,'/cmsstatic/img/product/01.005.0088/2desc.jpg','康师傅香爆脆干脆面（烤羊肉串味）','alt1');
INSERT INTO BLC_MEDIA (MEDIA_ID, URL, TITLE, ALT_TEXT) VALUES (-2144,'/cmsstatic/img/product/01.005.0089/2desc.jpg','康师傅香爆脆干脆面（香葱鸡块味）','alt1');
INSERT INTO BLC_MEDIA (MEDIA_ID, URL, TITLE, ALT_TEXT) VALUES (-2143,'/cmsstatic/img/product/01.005.0090/2desc.jpg','康师傅香爆脆干脆面（蜜汁牛排味）','alt1');
INSERT INTO BLC_MEDIA (MEDIA_ID, URL, TITLE, ALT_TEXT) VALUES (-2142,'/cmsstatic/img/product/01.005.0091/2desc.jpg','康师傅香爆脆干脆面（蛋烤番茄味）','alt1');
INSERT INTO BLC_MEDIA (MEDIA_ID, URL, TITLE, ALT_TEXT) VALUES (-2141,'/cmsstatic/img/product/01.005.0092/2desc.jpg','康师傅香爆脆干脆面（巴西烤肉味）','alt1');
INSERT INTO BLC_MEDIA (MEDIA_ID, URL, TITLE, ALT_TEXT) VALUES (-2140,'/cmsstatic/img/product/01.006.0093/2desc.jpg','康师傅茉莉蜜茶','alt1');
INSERT INTO BLC_MEDIA (MEDIA_ID, URL, TITLE, ALT_TEXT) VALUES (-2139,'/cmsstatic/img/product/01.006.0094/2desc.jpg','康师傅茉莉清茶','alt1');
INSERT INTO BLC_MEDIA (MEDIA_ID, URL, TITLE, ALT_TEXT) VALUES (-2138,'/cmsstatic/img/product/01.006.0095/2desc.jpg','康师傅冰红茶','alt1');
INSERT INTO BLC_MEDIA (MEDIA_ID, URL, TITLE, ALT_TEXT) VALUES (-2137,'/cmsstatic/img/product/01.006.0096/2desc.jpg','康师傅酸枣汁','alt1');
INSERT INTO BLC_MEDIA (MEDIA_ID, URL, TITLE, ALT_TEXT) VALUES (-2136,'/cmsstatic/img/product/01.006.0097/2desc.jpg','康师傅酸梅汤','alt1');
INSERT INTO BLC_MEDIA (MEDIA_ID, URL, TITLE, ALT_TEXT) VALUES (-2135,'/cmsstatic/img/product/01.006.0098/2desc.jpg','康师傅鲜的每日C橙汁500ml','alt1');
INSERT INTO BLC_MEDIA (MEDIA_ID, URL, TITLE, ALT_TEXT) VALUES (-2134,'/cmsstatic/img/product/01.006.0099/2desc.jpg','红牛维生素功能饮料','alt1');
INSERT INTO BLC_MEDIA (MEDIA_ID, URL, TITLE, ALT_TEXT) VALUES (-2133,'/cmsstatic/img/product/01.006.0100/2desc.jpg','雀巢香滑咖啡180ml','alt1');
INSERT INTO BLC_MEDIA (MEDIA_ID, URL, TITLE, ALT_TEXT) VALUES (-2132,'/cmsstatic/img/product/01.007.0101/2desc.jpg','金大州香辣金针菇','alt1');
INSERT INTO BLC_MEDIA (MEDIA_ID, URL, TITLE, ALT_TEXT) VALUES (-2131,'/cmsstatic/img/product/01.007.0102/2desc.jpg','老爸豆腐干100g（卤辣味）','alt1');
INSERT INTO BLC_MEDIA (MEDIA_ID, URL, TITLE, ALT_TEXT) VALUES (-2130,'/cmsstatic/img/product/01.007.0103/2desc.jpg','老爸豆腐干100g（卤味）','alt1');
INSERT INTO BLC_MEDIA (MEDIA_ID, URL, TITLE, ALT_TEXT) VALUES (-2129,'/cmsstatic/img/product/01.007.0104/2desc.jpg','老爸豆腐干100g（肉汁味）','alt1');
INSERT INTO BLC_MEDIA (MEDIA_ID, URL, TITLE, ALT_TEXT) VALUES (-2128,'/cmsstatic/img/product/01.007.0105/2desc.jpg','老爸豆腐干100g（牛肉味）','alt1');
INSERT INTO BLC_MEDIA (MEDIA_ID, URL, TITLE, ALT_TEXT) VALUES (-2127,'/cmsstatic/img/product/01.007.0106/2desc.jpg','祖名虾米干','alt1');
INSERT INTO BLC_MEDIA (MEDIA_ID, URL, TITLE, ALT_TEXT) VALUES (-2126,'/cmsstatic/img/product/01.007.0107/2desc.jpg','祖名香逗干肉汁味100g','alt1');
INSERT INTO BLC_MEDIA (MEDIA_ID, URL, TITLE, ALT_TEXT) VALUES (-2125,'/cmsstatic/img/product/01.007.0108/2desc.jpg','祖名香逗干鸡汁味100g','alt1');
INSERT INTO BLC_MEDIA (MEDIA_ID, URL, TITLE, ALT_TEXT) VALUES (-2124,'/cmsstatic/img/product/01.007.0109/2desc.jpg','祖名香逗干麻辣味100g','alt1');
INSERT INTO BLC_MEDIA (MEDIA_ID, URL, TITLE, ALT_TEXT) VALUES (-2123,'/cmsstatic/img/product/01.007.0110/2desc.jpg','香菇肥牛牛肉味','alt1');
INSERT INTO BLC_MEDIA (MEDIA_ID, URL, TITLE, ALT_TEXT) VALUES (-2122,'/cmsstatic/img/product/01.007.0111/2desc.jpg','好又好酱鸭腿','alt1');
INSERT INTO BLC_MEDIA (MEDIA_ID, URL, TITLE, ALT_TEXT) VALUES (-2121,'/cmsstatic/img/product/01.007.0112/2desc.jpg','永健泡山椒凤爪','alt1');
INSERT INTO BLC_MEDIA (MEDIA_ID, URL, TITLE, ALT_TEXT) VALUES (-2120,'/cmsstatic/img/product/01.007.0113/2desc.jpg','老李五香翅','alt1');
INSERT INTO BLC_MEDIA (MEDIA_ID, URL, TITLE, ALT_TEXT) VALUES (-2119,'/cmsstatic/img/product/01.007.0114/2desc.jpg','老李五香干','alt1');
INSERT INTO BLC_MEDIA (MEDIA_ID, URL, TITLE, ALT_TEXT) VALUES (-2118,'/cmsstatic/img/product/01.007.0115/2desc.jpg','威益威劲辣鸭脖','alt1');
INSERT INTO BLC_MEDIA (MEDIA_ID, URL, TITLE, ALT_TEXT) VALUES (-2117,'/cmsstatic/img/product/01.007.0116/2desc.jpg','卫龙大面筋','alt1');
INSERT INTO BLC_MEDIA (MEDIA_ID, URL, TITLE, ALT_TEXT) VALUES (-2116,'/cmsstatic/img/product/01.007.0117/2desc.jpg','卫龙面筋','alt1');
INSERT INTO BLC_MEDIA (MEDIA_ID, URL, TITLE, ALT_TEXT) VALUES (-2115,'/cmsstatic/img/product/01.007.0118/2desc.jpg','乡巴佬鸡腿','alt1');
INSERT INTO BLC_MEDIA (MEDIA_ID, URL, TITLE, ALT_TEXT) VALUES (-2114,'/cmsstatic/img/product/01.007.0119/2desc.jpg','乡巴佬凤爪','alt1');
INSERT INTO BLC_MEDIA (MEDIA_ID, URL, TITLE, ALT_TEXT) VALUES (-2113,'/cmsstatic/img/product/01.007.0120/2desc.jpg','有友泡椒凤爪','alt1');
INSERT INTO BLC_MEDIA (MEDIA_ID, URL, TITLE, ALT_TEXT) VALUES (-2112,'/cmsstatic/img/product/01.007.0121/2desc.jpg','富贵阁北京烤鸭','alt1');
INSERT INTO BLC_MEDIA (MEDIA_ID, URL, TITLE, ALT_TEXT) VALUES (-2111,'/cmsstatic/img/product/01.007.0122/2desc.jpg','卫龙豆筋烧烤味','alt1');
INSERT INTO BLC_MEDIA (MEDIA_ID, URL, TITLE, ALT_TEXT) VALUES (-2110,'/cmsstatic/img/product/01.007.0123/2desc.jpg','怡冠园酒鬼鱼山椒味','alt1');
INSERT INTO BLC_MEDIA (MEDIA_ID, URL, TITLE, ALT_TEXT) VALUES (-2109,'/cmsstatic/img/product/01.007.0124/2desc.jpg','口留香相思卷','alt1');
INSERT INTO BLC_MEDIA (MEDIA_ID, URL, TITLE, ALT_TEXT) VALUES (-2108,'/cmsstatic/img/product/01.007.0125/2desc.jpg','乡巴佬晶凉松卤蛋','alt1');
INSERT INTO BLC_MEDIA (MEDIA_ID, URL, TITLE, ALT_TEXT) VALUES (-2107,'/cmsstatic/img/product/01.007.0126/2desc.jpg','八里香酥鸡腿','alt1');
INSERT INTO BLC_MEDIA (MEDIA_ID, URL, TITLE, ALT_TEXT) VALUES (-2106,'/cmsstatic/img/product/01.007.0127/2desc.jpg','老李五香腿','alt1');
INSERT INTO BLC_MEDIA (MEDIA_ID, URL, TITLE, ALT_TEXT) VALUES (-2105,'/cmsstatic/img/product/01.007.0128/2desc.jpg','馋嘴娃蒜香豆角干','alt1');
INSERT INTO BLC_MEDIA (MEDIA_ID, URL, TITLE, ALT_TEXT) VALUES (-2104,'/cmsstatic/img/product/01.007.0129/2desc.jpg','怡冠园红烧拉面条','alt1');
INSERT INTO BLC_MEDIA (MEDIA_ID, URL, TITLE, ALT_TEXT) VALUES (-2103,'/cmsstatic/img/product/01.007.0130/2desc.jpg','太阳岛鸡汁麻辣串','alt1');
INSERT INTO BLC_MEDIA (MEDIA_ID, URL, TITLE, ALT_TEXT) VALUES (-2102,'/cmsstatic/img/product/01.007.0131/2desc.jpg','口留乡香辣鱼仔','alt1');
INSERT INTO BLC_MEDIA (MEDIA_ID, URL, TITLE, ALT_TEXT) VALUES (-2101,'/cmsstatic/img/product/01.007.0132/2desc.jpg','味中香麻辣串','alt1');
INSERT INTO BLC_MEDIA (MEDIA_ID, URL, TITLE, ALT_TEXT) VALUES (-2100,'/cmsstatic/img/product/01.007.0133/2desc.jpg','腾哥日本多味鱼','alt1');
INSERT INTO BLC_MEDIA (MEDIA_ID, URL, TITLE, ALT_TEXT) VALUES (-2099,'/cmsstatic/img/product/01.007.0134/2desc.jpg','素味居烧烤土豆','alt1');
INSERT INTO BLC_MEDIA (MEDIA_ID, URL, TITLE, ALT_TEXT) VALUES (-2098,'/cmsstatic/img/product/01.007.0135/2desc.jpg','喜来香大酱鸭翅','alt1');
INSERT INTO BLC_MEDIA (MEDIA_ID, URL, TITLE, ALT_TEXT) VALUES (-2097,'/cmsstatic/img/product/01.008.0136/2desc.jpg','上好佳田园泡（玉米口味）','alt1');
INSERT INTO BLC_MEDIA (MEDIA_ID, URL, TITLE, ALT_TEXT) VALUES (-2096,'/cmsstatic/img/product/01.008.0137/2desc.jpg','上好佳粟米条45g(朱古力口味)','alt1');
INSERT INTO BLC_MEDIA (MEDIA_ID, URL, TITLE, ALT_TEXT) VALUES (-2095,'/cmsstatic/img/product/01.008.0138/2desc.jpg','上好佳玉米卷','alt1');
INSERT INTO BLC_MEDIA (MEDIA_ID, URL, TITLE, ALT_TEXT) VALUES (-2094,'/cmsstatic/img/product/01.008.0139/2desc.jpg','上好佳芝士条','alt1');
INSERT INTO BLC_MEDIA (MEDIA_ID, URL, TITLE, ALT_TEXT) VALUES (-2093,'/cmsstatic/img/product/01.008.0140/2desc.jpg','上好佳鲜虾条','alt1');
INSERT INTO BLC_MEDIA (MEDIA_ID, URL, TITLE, ALT_TEXT) VALUES (-2092,'/cmsstatic/img/product/01.008.0141/2desc.jpg','上好佳荷兰豆','alt1');
INSERT INTO BLC_MEDIA (MEDIA_ID, URL, TITLE, ALT_TEXT) VALUES (-2091,'/cmsstatic/img/product/01.008.0142/2desc.jpg','上好佳鲜虾片','alt1');
INSERT INTO BLC_MEDIA (MEDIA_ID, URL, TITLE, ALT_TEXT) VALUES (-2090,'/cmsstatic/img/product/01.008.0143/2desc.jpg','上好佳粟米条(草莓口味)','alt1');
INSERT INTO BLC_MEDIA (MEDIA_ID, URL, TITLE, ALT_TEXT) VALUES (-2089,'/cmsstatic/img/product/01.008.0144/2desc.jpg','上好佳玉米花(果仁奶油)','alt1');
INSERT INTO BLC_MEDIA (MEDIA_ID, URL, TITLE, ALT_TEXT) VALUES (-2088,'/cmsstatic/img/product/01.008.0145/2desc.jpg','上好佳洋葱圈','alt1');
INSERT INTO BLC_MEDIA (MEDIA_ID, URL, TITLE, ALT_TEXT) VALUES (-2087,'/cmsstatic/img/product/01.008.0146/2desc.jpg','上好佳田园泡(玉米口味)','alt1');
INSERT INTO BLC_MEDIA (MEDIA_ID, URL, TITLE, ALT_TEXT) VALUES (-2086,'/cmsstatic/img/product/01.008.0147/2desc.jpg','上好佳玉米卷','alt1');
INSERT INTO BLC_MEDIA (MEDIA_ID, URL, TITLE, ALT_TEXT) VALUES (-2085,'/cmsstatic/img/product/01.008.0148/2desc.jpg','上好佳洋葱圈','alt1');
INSERT INTO BLC_MEDIA (MEDIA_ID, URL, TITLE, ALT_TEXT) VALUES (-2084,'/cmsstatic/img/product/01.008.0149/2desc.jpg','上好佳荷兰豆','alt1');
INSERT INTO BLC_MEDIA (MEDIA_ID, URL, TITLE, ALT_TEXT) VALUES (-2083,'/cmsstatic/img/product/01.008.0150/2desc.jpg','上好佳鲜虾片15g','alt1');
INSERT INTO BLC_MEDIA (MEDIA_ID, URL, TITLE, ALT_TEXT) VALUES (-2082,'/cmsstatic/img/product/01.008.0151/2desc.jpg','好丽友呀！土豆番茄酱味','alt1');
INSERT INTO BLC_MEDIA (MEDIA_ID, URL, TITLE, ALT_TEXT) VALUES (-2081,'/cmsstatic/img/product/01.008.0152/2desc.jpg','好丽友呀！土豆烤鸡比萨味40g','alt1');
INSERT INTO BLC_MEDIA (MEDIA_ID, URL, TITLE, ALT_TEXT) VALUES (-2080,'/cmsstatic/img/product/01.008.0153/2desc.jpg','好丽友呀！土豆里脊牛排味40g','alt1');
INSERT INTO BLC_MEDIA (MEDIA_ID, URL, TITLE, ALT_TEXT) VALUES (-2079,'/cmsstatic/img/product/01.008.0154/2desc.jpg','正宗咪咪虾条','alt1');
INSERT INTO BLC_MEDIA (MEDIA_ID, URL, TITLE, ALT_TEXT) VALUES (-2078,'/cmsstatic/img/product/01.008.0155/2desc.jpg','咪咪蟹味','alt1');
INSERT INTO BLC_MEDIA (MEDIA_ID, URL, TITLE, ALT_TEXT) VALUES (-2077,'/cmsstatic/img/product/01.008.0156/2desc.jpg','狗牙儿加蛋锅巴','alt1');
INSERT INTO BLC_MEDIA (MEDIA_ID, URL, TITLE, ALT_TEXT) VALUES (-2076,'/cmsstatic/img/product/01.008.0157/2desc.jpg','乐事黄瓜味薯片','alt1');
INSERT INTO BLC_MEDIA (MEDIA_ID, URL, TITLE, ALT_TEXT) VALUES (-2075,'/cmsstatic/img/product/01.008.0158/2desc.jpg','乐事鸡汁番茄味薯片','alt1');
INSERT INTO BLC_MEDIA (MEDIA_ID, URL, TITLE, ALT_TEXT) VALUES (-2074,'/cmsstatic/img/product/01.008.0159/2desc.jpg','乐事墨西哥鸡汁番茄味薯片','alt1');
INSERT INTO BLC_MEDIA (MEDIA_ID, URL, TITLE, ALT_TEXT) VALUES (-2073,'/cmsstatic/img/product/01.008.0160/2desc.jpg','乐事德克萨斯烧烤味薯片','alt1');
INSERT INTO BLC_MEDIA (MEDIA_ID, URL, TITLE, ALT_TEXT) VALUES (-2072,'/cmsstatic/img/product/01.008.0161/2desc.jpg','乐事牛仔骨味薯片','alt1');
INSERT INTO BLC_MEDIA (MEDIA_ID, URL, TITLE, ALT_TEXT) VALUES (-2071,'/cmsstatic/img/product/01.008.0162/2desc.jpg','乐事原味薯片','alt1');
INSERT INTO BLC_MEDIA (MEDIA_ID, URL, TITLE, ALT_TEXT) VALUES (-2070,'/cmsstatic/img/product/01.008.0163/2desc.jpg','乐事秘制酸汤鱼味薯片','alt1');
INSERT INTO BLC_MEDIA (MEDIA_ID, URL, TITLE, ALT_TEXT) VALUES (-2069,'/cmsstatic/img/product/01.009.0164/2desc.jpg','双汇王中王火腿肠','alt1');
INSERT INTO BLC_MEDIA (MEDIA_ID, URL, TITLE, ALT_TEXT) VALUES (-2068,'/cmsstatic/img/product/01.009.0165/2desc.jpg','双汇香辣香脆肠','alt1');
INSERT INTO BLC_MEDIA (MEDIA_ID, URL, TITLE, ALT_TEXT) VALUES (-2067,'/cmsstatic/img/product/01.009.0166/2desc.jpg','双汇泡面搭档香肠','alt1');
INSERT INTO BLC_MEDIA (MEDIA_ID, URL, TITLE, ALT_TEXT) VALUES (-2066,'/cmsstatic/img/product/01.009.0167/2desc.jpg','双汇台式烤香肠(原味)','alt1');
INSERT INTO BLC_MEDIA (MEDIA_ID, URL, TITLE, ALT_TEXT) VALUES (-2065,'/cmsstatic/img/product/01.009.0168/2desc.jpg','双汇台式烤香肠（香辣味）','alt1');
INSERT INTO BLC_MEDIA (MEDIA_ID, URL, TITLE, ALT_TEXT) VALUES (-2064,'/cmsstatic/img/product/01.009.0169/2desc.jpg','双汇Q趣蘑菇风味香肠','alt1');
INSERT INTO BLC_MEDIA (MEDIA_ID, URL, TITLE, ALT_TEXT) VALUES (-2063,'/cmsstatic/img/product/01.009.0170/2desc.jpg','双汇Q趣香辣风味香肠','alt1');
INSERT INTO BLC_MEDIA (MEDIA_ID, URL, TITLE, ALT_TEXT) VALUES (-2062,'/cmsstatic/img/product/01.010.0171/2desc.jpg','华味亨冰糖杨梅','alt1');
INSERT INTO BLC_MEDIA (MEDIA_ID, URL, TITLE, ALT_TEXT) VALUES (-2061,'/cmsstatic/img/product/01.010.0172/2desc.jpg','华味亨新疆葡萄干','alt1');
INSERT INTO BLC_MEDIA (MEDIA_ID, URL, TITLE, ALT_TEXT) VALUES (-2060,'/cmsstatic/img/product/01.010.0173/2desc.jpg','华味亨吃不厌桃肉','alt1');
INSERT INTO BLC_MEDIA (MEDIA_ID, URL, TITLE, ALT_TEXT) VALUES (-2059,'/cmsstatic/img/product/01.010.0174/2desc.jpg','华味亨话梅条','alt1');
INSERT INTO BLC_MEDIA (MEDIA_ID, URL, TITLE, ALT_TEXT) VALUES (-2058,'/cmsstatic/img/product/01.010.0175/2desc.jpg','华味亨小姐梅','alt1');
INSERT INTO BLC_MEDIA (MEDIA_ID, URL, TITLE, ALT_TEXT) VALUES (-2057,'/cmsstatic/img/product/01.010.0176/2desc.jpg','华味亨盐津提子108g','alt1');
INSERT INTO BLC_MEDIA (MEDIA_ID, URL, TITLE, ALT_TEXT) VALUES (-2056,'/cmsstatic/img/product/01.010.0177/2desc.jpg','华味亨野乌梅','alt1');
INSERT INTO BLC_MEDIA (MEDIA_ID, URL, TITLE, ALT_TEXT) VALUES (-2055,'/cmsstatic/img/product/01.010.0178/2desc.jpg','华味亨吃不厌话梅','alt1');
INSERT INTO BLC_MEDIA (MEDIA_ID, URL, TITLE, ALT_TEXT) VALUES (-2054,'/cmsstatic/img/product/01.010.0179/2desc.jpg','华味亨九制杨梅','alt1');
INSERT INTO BLC_MEDIA (MEDIA_ID, URL, TITLE, ALT_TEXT) VALUES (-2053,'/cmsstatic/img/product/01.010.0180/2desc.jpg','森茂精品阿胶枣','alt1');
INSERT INTO BLC_MEDIA (MEDIA_ID, URL, TITLE, ALT_TEXT) VALUES (-2052,'/cmsstatic/img/product/01.010.0181/2desc.jpg','集味果阿胶枣','alt1');
INSERT INTO BLC_MEDIA (MEDIA_ID, URL, TITLE, ALT_TEXT) VALUES (-2051,'/cmsstatic/img/product/01.011.0182/2desc.jpg','阿尔卑斯棒棒糖高级牛奶味','alt1');
INSERT INTO BLC_MEDIA (MEDIA_ID, URL, TITLE, ALT_TEXT) VALUES (-2050,'/cmsstatic/img/product/01.011.0183/2desc.jpg','阿尔卑斯棒棒糖香橙牛奶味','alt1');
INSERT INTO BLC_MEDIA (MEDIA_ID, URL, TITLE, ALT_TEXT) VALUES (-2049,'/cmsstatic/img/product/01.011.0184/2desc.jpg','阿尔卑斯棒棒糖荔枝牛奶味','alt1');
INSERT INTO BLC_MEDIA (MEDIA_ID, URL, TITLE, ALT_TEXT) VALUES (-2048,'/cmsstatic/img/product/01.011.0185/2desc.jpg','阿尔卑斯棒棒糖草莓牛奶味','alt1');
INSERT INTO BLC_MEDIA (MEDIA_ID, URL, TITLE, ALT_TEXT) VALUES (-2047,'/cmsstatic/img/product/01.011.0186/2desc.jpg','阿尔卑斯棒棒糖香草可乐味','alt1');
INSERT INTO BLC_MEDIA (MEDIA_ID, URL, TITLE, ALT_TEXT) VALUES (-2046,'/cmsstatic/img/product/01.011.0187/2desc.jpg','荷氏（特强）薄荷糖','alt1');
INSERT INTO BLC_MEDIA (MEDIA_ID, URL, TITLE, ALT_TEXT) VALUES (-2045,'/cmsstatic/img/product/01.011.0188/2desc.jpg','荷氏（蓝莓口味）薄荷糖','alt1');
INSERT INTO BLC_MEDIA (MEDIA_ID, URL, TITLE, ALT_TEXT) VALUES (-2044,'/cmsstatic/img/product/01.011.0189/2desc.jpg','怡口莲（原味）','alt1');
INSERT INTO BLC_MEDIA (MEDIA_ID, URL, TITLE, ALT_TEXT) VALUES (-2043,'/cmsstatic/img/product/01.011.0190/2desc.jpg','旺仔QQ糖香橙味','alt1');
INSERT INTO BLC_MEDIA (MEDIA_ID, URL, TITLE, ALT_TEXT) VALUES (-2042,'/cmsstatic/img/product/01.011.0191/2desc.jpg','旺仔QQ糖蓝莓味','alt1');
INSERT INTO BLC_MEDIA (MEDIA_ID, URL, TITLE, ALT_TEXT) VALUES (-2041,'/cmsstatic/img/product/01.011.0192/2desc.jpg','旺仔QQ糖水蜜桃味','alt1');
INSERT INTO BLC_MEDIA (MEDIA_ID, URL, TITLE, ALT_TEXT) VALUES (-2040,'/cmsstatic/img/product/01.011.0193/2desc.jpg','旺仔QQ糖草莓味','alt1');
INSERT INTO BLC_MEDIA (MEDIA_ID, URL, TITLE, ALT_TEXT) VALUES (-2039,'/cmsstatic/img/product/01.013.0194/2desc.jpg','明怡香耳朵','alt1');
INSERT INTO BLC_MEDIA (MEDIA_ID, URL, TITLE, ALT_TEXT) VALUES (-2038,'/cmsstatic/img/product/01.008.0195/2desc.jpg','口水娃兰花豆酱汁牛肉味','alt1');
INSERT INTO BLC_MEDIA (MEDIA_ID, URL, TITLE, ALT_TEXT) VALUES (-2037,'/cmsstatic/img/product/01.013.0196/2desc.jpg','大好大奶油味香瓜子','alt1');
INSERT INTO BLC_MEDIA (MEDIA_ID, URL, TITLE, ALT_TEXT) VALUES (-2036,'/cmsstatic/img/product/01.013.0197/2desc.jpg','大好大奶油味香瓜子','alt1');
INSERT INTO BLC_MEDIA (MEDIA_ID, URL, TITLE, ALT_TEXT) VALUES (-2035,'/cmsstatic/img/product/01.013.0198/2desc.jpg','洽洽香瓜子（百煮入味）','alt1');
INSERT INTO BLC_MEDIA (MEDIA_ID, URL, TITLE, ALT_TEXT) VALUES (-2034,'/cmsstatic/img/product/01.013.0199/2desc.jpg','喜之郎果肉果冻200g(什锦)','alt1');
INSERT INTO BLC_MEDIA (MEDIA_ID, URL, TITLE, ALT_TEXT) VALUES (-2033,'/cmsstatic/img/product/01.013.0200/2desc.jpg','喜之郎果肉果冻200g(黄桃&蜜桃)','alt1');
INSERT INTO BLC_MEDIA (MEDIA_ID, URL, TITLE, ALT_TEXT) VALUES (-2032,'/cmsstatic/img/product/01.013.0201/2desc.jpg','喜之郎果冻（草莓味）','alt1');
INSERT INTO BLC_MEDIA (MEDIA_ID, URL, TITLE, ALT_TEXT) VALUES (-2031,'/cmsstatic/img/product/01.013.0202/2desc.jpg','喜之郎果冻（苹果味）','alt1');
INSERT INTO BLC_MEDIA (MEDIA_ID, URL, TITLE, ALT_TEXT) VALUES (-2030,'/cmsstatic/img/product/01.013.0203/2desc.jpg','喜之郎果冻（香橙味）','alt1');
INSERT INTO BLC_MEDIA (MEDIA_ID, URL, TITLE, ALT_TEXT) VALUES (-2029,'/cmsstatic/img/product/01.013.0204/2desc.jpg','喜之郎美好时光海苔原味','alt1');
INSERT INTO BLC_MEDIA (MEDIA_ID, URL, TITLE, ALT_TEXT) VALUES (-2028,'/cmsstatic/img/product/01.013.0205/2desc.jpg','老厨沙嗲牛肉','alt1');
INSERT INTO BLC_MEDIA (MEDIA_ID, URL, TITLE, ALT_TEXT) VALUES (-2027,'/cmsstatic/img/product/01.013.0206/2desc.jpg','老厨五香牛肉','alt1');
INSERT INTO BLC_MEDIA (MEDIA_ID, URL, TITLE, ALT_TEXT) VALUES (-2026,'/cmsstatic/img/product/01.013.0207/2desc.jpg','旺旺小馒头','alt1');
INSERT INTO BLC_MEDIA (MEDIA_ID, URL, TITLE, ALT_TEXT) VALUES (-2025,'/cmsstatic/img/product/01.013.0208/2desc.jpg','香QQ蒜香青豆','alt1');
INSERT INTO BLC_MEDIA (MEDIA_ID, URL, TITLE, ALT_TEXT) VALUES (-2024,'/cmsstatic/img/product/01.008.0209/2desc.jpg','世丰煎豆','alt1');
INSERT INTO BLC_MEDIA (MEDIA_ID, URL, TITLE, ALT_TEXT) VALUES (-2023,'/cmsstatic/img/product/01.013.0210/2desc.jpg','惠盈鱿鱼丝','alt1');
INSERT INTO BLC_MEDIA (MEDIA_ID, URL, TITLE, ALT_TEXT) VALUES (-2022,'/cmsstatic/img/product/01.013.0211/2desc.jpg','伊利牛奶片草莓味（板）','alt1');
INSERT INTO BLC_MEDIA (MEDIA_ID, URL, TITLE, ALT_TEXT) VALUES (-2021,'/cmsstatic/img/product/01.013.0212/2desc.jpg','伊利牛奶片原味（板）','alt1');
INSERT INTO BLC_MEDIA (MEDIA_ID, URL, TITLE, ALT_TEXT) VALUES (-2020,'/cmsstatic/img/product/01.013.0213/2desc.jpg','伊利牛奶片巧克力（板）','alt1');
INSERT INTO BLC_MEDIA (MEDIA_ID, URL, TITLE, ALT_TEXT) VALUES (-2019,'/cmsstatic/img/product/01.013.0214/2desc.jpg','老奶奶花生米五香味','alt1');
INSERT INTO BLC_MEDIA (MEDIA_ID, URL, TITLE, ALT_TEXT) VALUES (-2018,'/cmsstatic/img/product/01.013.0215/2desc.jpg','老奶奶花生米油炸味','alt1');
INSERT INTO BLC_MEDIA (MEDIA_ID, URL, TITLE, ALT_TEXT) VALUES (-2017,'/cmsstatic/img/product/01.013.0216/2desc.jpg','金鲤桥开心果香辣味','alt1');
INSERT INTO BLC_MEDIA (MEDIA_ID, URL, TITLE, ALT_TEXT) VALUES (-2016,'/cmsstatic/img/product/01.013.0217/2desc.jpg','雅利辉黄金蟹钳','alt1');
INSERT INTO BLC_MEDIA (MEDIA_ID, URL, TITLE, ALT_TEXT) VALUES (-2015,'/cmsstatic/img/product/01.013.0218/2desc.jpg','洽洽香瓜子（百煮入味）','alt1');
INSERT INTO BLC_MEDIA (MEDIA_ID, URL, TITLE, ALT_TEXT) VALUES (-2014,'/cmsstatic/img/product/01.013.0219/2desc.jpg','成心开心豆','alt1');
INSERT INTO BLC_MEDIA (MEDIA_ID, URL, TITLE, ALT_TEXT) VALUES (-2013,'/cmsstatic/img/product/01.013.0220/2desc.jpg','华芳果丹皮','alt1');
INSERT INTO BLC_MEDIA (MEDIA_ID, URL, TITLE, ALT_TEXT) VALUES (-2012,'/cmsstatic/img/product/01.013.0221/2desc.jpg','华芳山楂棒','alt1');
INSERT INTO BLC_MEDIA (MEDIA_ID, URL, TITLE, ALT_TEXT) VALUES (-2011,'/cmsstatic/img/product/01.013.0222/2desc.jpg','小王子麦烧咸味','alt1');
INSERT INTO BLC_MEDIA (MEDIA_ID, URL, TITLE, ALT_TEXT) VALUES (-2010,'/cmsstatic/img/product/01.013.0223/2desc.jpg','小王子麦烧葱油味','alt1');
INSERT INTO BLC_MEDIA (MEDIA_ID, URL, TITLE, ALT_TEXT) VALUES (-2009,'/cmsstatic/img/product/01.013.0224/2desc.jpg','小王子麦烧麻香味','alt1');
INSERT INTO BLC_MEDIA (MEDIA_ID, URL, TITLE, ALT_TEXT) VALUES (-2008,'/cmsstatic/img/product/01.013.0225/2desc.jpg','食滋源客家小年糕（香芋味）','alt1');
INSERT INTO BLC_MEDIA (MEDIA_ID, URL, TITLE, ALT_TEXT) VALUES (-2007,'/cmsstatic/img/product/01.014.0226/2desc.jpg','绿箭口香糖5片装(柠檬草薄荷味)','alt1');
INSERT INTO BLC_MEDIA (MEDIA_ID, URL, TITLE, ALT_TEXT) VALUES (-2006,'/cmsstatic/img/product/01.014.0227/2desc.jpg','炫迈（薄荷无糖口香糖','alt1');
INSERT INTO BLC_MEDIA (MEDIA_ID, URL, TITLE, ALT_TEXT) VALUES (-2005,'/cmsstatic/img/product/01.014.0228/2desc.jpg','炫迈(水蜜桃西瓜味)无糖口香糖','alt1');
INSERT INTO BLC_MEDIA (MEDIA_ID, URL, TITLE, ALT_TEXT) VALUES (-2004,'/cmsstatic/img/product/01.014.0229/2desc.jpg','益达洁白无糖口香糖56g(香橙薄荷味)','alt1');
INSERT INTO BLC_MEDIA (MEDIA_ID, URL, TITLE, ALT_TEXT) VALUES (-2003,'/cmsstatic/img/product/01.014.0230/2desc.jpg','益达无糖口香糖（冰凉薄荷味）','alt1');
INSERT INTO BLC_MEDIA (MEDIA_ID, URL, TITLE, ALT_TEXT) VALUES (-2002,'/cmsstatic/img/product/01.014.0231/2desc.jpg','益达木糖醇蜜瓜味56g','alt1');
INSERT INTO BLC_MEDIA (MEDIA_ID, URL, TITLE, ALT_TEXT) VALUES (-2001,'/cmsstatic/img/product/01.015.0232/2desc.jpg','雪花啤酒(淡爽）','alt1');
INSERT INTO BLC_MEDIA (MEDIA_ID, URL, TITLE, ALT_TEXT) VALUES (-2000,'/cmsstatic/img/product/01.015.0233/2desc.jpg','纯生啤酒','alt1');





INSERT INTO BLC_SKU_MEDIA_MAP (BLC_SKU_SKU_ID, MEDIA_ID, MAP_KEY) VALUES (-1232,-2232,'alt1');
INSERT INTO BLC_SKU_MEDIA_MAP (BLC_SKU_SKU_ID, MEDIA_ID, MAP_KEY) VALUES (-1231,-2231,'alt1');
INSERT INTO BLC_SKU_MEDIA_MAP (BLC_SKU_SKU_ID, MEDIA_ID, MAP_KEY) VALUES (-1230,-2230,'alt1');
INSERT INTO BLC_SKU_MEDIA_MAP (BLC_SKU_SKU_ID, MEDIA_ID, MAP_KEY) VALUES (-1229,-2229,'alt1');
INSERT INTO BLC_SKU_MEDIA_MAP (BLC_SKU_SKU_ID, MEDIA_ID, MAP_KEY) VALUES (-1228,-2228,'alt1');
INSERT INTO BLC_SKU_MEDIA_MAP (BLC_SKU_SKU_ID, MEDIA_ID, MAP_KEY) VALUES (-1227,-2227,'alt1');
INSERT INTO BLC_SKU_MEDIA_MAP (BLC_SKU_SKU_ID, MEDIA_ID, MAP_KEY) VALUES (-1226,-2226,'alt1');
INSERT INTO BLC_SKU_MEDIA_MAP (BLC_SKU_SKU_ID, MEDIA_ID, MAP_KEY) VALUES (-1225,-2225,'alt1');
INSERT INTO BLC_SKU_MEDIA_MAP (BLC_SKU_SKU_ID, MEDIA_ID, MAP_KEY) VALUES (-1224,-2224,'alt1');
INSERT INTO BLC_SKU_MEDIA_MAP (BLC_SKU_SKU_ID, MEDIA_ID, MAP_KEY) VALUES (-1223,-2223,'alt1');
INSERT INTO BLC_SKU_MEDIA_MAP (BLC_SKU_SKU_ID, MEDIA_ID, MAP_KEY) VALUES (-1222,-2222,'alt1');
INSERT INTO BLC_SKU_MEDIA_MAP (BLC_SKU_SKU_ID, MEDIA_ID, MAP_KEY) VALUES (-1221,-2221,'alt1');
INSERT INTO BLC_SKU_MEDIA_MAP (BLC_SKU_SKU_ID, MEDIA_ID, MAP_KEY) VALUES (-1220,-2220,'alt1');
INSERT INTO BLC_SKU_MEDIA_MAP (BLC_SKU_SKU_ID, MEDIA_ID, MAP_KEY) VALUES (-1219,-2219,'alt1');
INSERT INTO BLC_SKU_MEDIA_MAP (BLC_SKU_SKU_ID, MEDIA_ID, MAP_KEY) VALUES (-1218,-2218,'alt1');
INSERT INTO BLC_SKU_MEDIA_MAP (BLC_SKU_SKU_ID, MEDIA_ID, MAP_KEY) VALUES (-1217,-2217,'alt1');
INSERT INTO BLC_SKU_MEDIA_MAP (BLC_SKU_SKU_ID, MEDIA_ID, MAP_KEY) VALUES (-1216,-2216,'alt1');
INSERT INTO BLC_SKU_MEDIA_MAP (BLC_SKU_SKU_ID, MEDIA_ID, MAP_KEY) VALUES (-1215,-2215,'alt1');
INSERT INTO BLC_SKU_MEDIA_MAP (BLC_SKU_SKU_ID, MEDIA_ID, MAP_KEY) VALUES (-1214,-2214,'alt1');
INSERT INTO BLC_SKU_MEDIA_MAP (BLC_SKU_SKU_ID, MEDIA_ID, MAP_KEY) VALUES (-1213,-2213,'alt1');
INSERT INTO BLC_SKU_MEDIA_MAP (BLC_SKU_SKU_ID, MEDIA_ID, MAP_KEY) VALUES (-1212,-2212,'alt1');
INSERT INTO BLC_SKU_MEDIA_MAP (BLC_SKU_SKU_ID, MEDIA_ID, MAP_KEY) VALUES (-1211,-2211,'alt1');
INSERT INTO BLC_SKU_MEDIA_MAP (BLC_SKU_SKU_ID, MEDIA_ID, MAP_KEY) VALUES (-1210,-2210,'alt1');
INSERT INTO BLC_SKU_MEDIA_MAP (BLC_SKU_SKU_ID, MEDIA_ID, MAP_KEY) VALUES (-1209,-2209,'alt1');
INSERT INTO BLC_SKU_MEDIA_MAP (BLC_SKU_SKU_ID, MEDIA_ID, MAP_KEY) VALUES (-1208,-2208,'alt1');
INSERT INTO BLC_SKU_MEDIA_MAP (BLC_SKU_SKU_ID, MEDIA_ID, MAP_KEY) VALUES (-1207,-2207,'alt1');
INSERT INTO BLC_SKU_MEDIA_MAP (BLC_SKU_SKU_ID, MEDIA_ID, MAP_KEY) VALUES (-1206,-2206,'alt1');
INSERT INTO BLC_SKU_MEDIA_MAP (BLC_SKU_SKU_ID, MEDIA_ID, MAP_KEY) VALUES (-1205,-2205,'alt1');
INSERT INTO BLC_SKU_MEDIA_MAP (BLC_SKU_SKU_ID, MEDIA_ID, MAP_KEY) VALUES (-1204,-2204,'alt1');
INSERT INTO BLC_SKU_MEDIA_MAP (BLC_SKU_SKU_ID, MEDIA_ID, MAP_KEY) VALUES (-1203,-2203,'alt1');
INSERT INTO BLC_SKU_MEDIA_MAP (BLC_SKU_SKU_ID, MEDIA_ID, MAP_KEY) VALUES (-1202,-2202,'alt1');
INSERT INTO BLC_SKU_MEDIA_MAP (BLC_SKU_SKU_ID, MEDIA_ID, MAP_KEY) VALUES (-1201,-2201,'alt1');
INSERT INTO BLC_SKU_MEDIA_MAP (BLC_SKU_SKU_ID, MEDIA_ID, MAP_KEY) VALUES (-1200,-2200,'alt1');
INSERT INTO BLC_SKU_MEDIA_MAP (BLC_SKU_SKU_ID, MEDIA_ID, MAP_KEY) VALUES (-1199,-2199,'alt1');
INSERT INTO BLC_SKU_MEDIA_MAP (BLC_SKU_SKU_ID, MEDIA_ID, MAP_KEY) VALUES (-1198,-2198,'alt1');
INSERT INTO BLC_SKU_MEDIA_MAP (BLC_SKU_SKU_ID, MEDIA_ID, MAP_KEY) VALUES (-1197,-2197,'alt1');
INSERT INTO BLC_SKU_MEDIA_MAP (BLC_SKU_SKU_ID, MEDIA_ID, MAP_KEY) VALUES (-1196,-2196,'alt1');
INSERT INTO BLC_SKU_MEDIA_MAP (BLC_SKU_SKU_ID, MEDIA_ID, MAP_KEY) VALUES (-1195,-2195,'alt1');
INSERT INTO BLC_SKU_MEDIA_MAP (BLC_SKU_SKU_ID, MEDIA_ID, MAP_KEY) VALUES (-1194,-2194,'alt1');
INSERT INTO BLC_SKU_MEDIA_MAP (BLC_SKU_SKU_ID, MEDIA_ID, MAP_KEY) VALUES (-1193,-2193,'alt1');
INSERT INTO BLC_SKU_MEDIA_MAP (BLC_SKU_SKU_ID, MEDIA_ID, MAP_KEY) VALUES (-1192,-2192,'alt1');
INSERT INTO BLC_SKU_MEDIA_MAP (BLC_SKU_SKU_ID, MEDIA_ID, MAP_KEY) VALUES (-1191,-2191,'alt1');
INSERT INTO BLC_SKU_MEDIA_MAP (BLC_SKU_SKU_ID, MEDIA_ID, MAP_KEY) VALUES (-1190,-2190,'alt1');
INSERT INTO BLC_SKU_MEDIA_MAP (BLC_SKU_SKU_ID, MEDIA_ID, MAP_KEY) VALUES (-1189,-2189,'alt1');
INSERT INTO BLC_SKU_MEDIA_MAP (BLC_SKU_SKU_ID, MEDIA_ID, MAP_KEY) VALUES (-1188,-2188,'alt1');
INSERT INTO BLC_SKU_MEDIA_MAP (BLC_SKU_SKU_ID, MEDIA_ID, MAP_KEY) VALUES (-1187,-2187,'alt1');
INSERT INTO BLC_SKU_MEDIA_MAP (BLC_SKU_SKU_ID, MEDIA_ID, MAP_KEY) VALUES (-1186,-2186,'alt1');
INSERT INTO BLC_SKU_MEDIA_MAP (BLC_SKU_SKU_ID, MEDIA_ID, MAP_KEY) VALUES (-1185,-2185,'alt1');
INSERT INTO BLC_SKU_MEDIA_MAP (BLC_SKU_SKU_ID, MEDIA_ID, MAP_KEY) VALUES (-1184,-2184,'alt1');
INSERT INTO BLC_SKU_MEDIA_MAP (BLC_SKU_SKU_ID, MEDIA_ID, MAP_KEY) VALUES (-1183,-2183,'alt1');
INSERT INTO BLC_SKU_MEDIA_MAP (BLC_SKU_SKU_ID, MEDIA_ID, MAP_KEY) VALUES (-1182,-2182,'alt1');
INSERT INTO BLC_SKU_MEDIA_MAP (BLC_SKU_SKU_ID, MEDIA_ID, MAP_KEY) VALUES (-1181,-2181,'alt1');
INSERT INTO BLC_SKU_MEDIA_MAP (BLC_SKU_SKU_ID, MEDIA_ID, MAP_KEY) VALUES (-1180,-2180,'alt1');
INSERT INTO BLC_SKU_MEDIA_MAP (BLC_SKU_SKU_ID, MEDIA_ID, MAP_KEY) VALUES (-1179,-2179,'alt1');
INSERT INTO BLC_SKU_MEDIA_MAP (BLC_SKU_SKU_ID, MEDIA_ID, MAP_KEY) VALUES (-1178,-2178,'alt1');
INSERT INTO BLC_SKU_MEDIA_MAP (BLC_SKU_SKU_ID, MEDIA_ID, MAP_KEY) VALUES (-1177,-2177,'alt1');
INSERT INTO BLC_SKU_MEDIA_MAP (BLC_SKU_SKU_ID, MEDIA_ID, MAP_KEY) VALUES (-1176,-2176,'alt1');
INSERT INTO BLC_SKU_MEDIA_MAP (BLC_SKU_SKU_ID, MEDIA_ID, MAP_KEY) VALUES (-1175,-2175,'alt1');
INSERT INTO BLC_SKU_MEDIA_MAP (BLC_SKU_SKU_ID, MEDIA_ID, MAP_KEY) VALUES (-1174,-2174,'alt1');
INSERT INTO BLC_SKU_MEDIA_MAP (BLC_SKU_SKU_ID, MEDIA_ID, MAP_KEY) VALUES (-1173,-2173,'alt1');
INSERT INTO BLC_SKU_MEDIA_MAP (BLC_SKU_SKU_ID, MEDIA_ID, MAP_KEY) VALUES (-1172,-2172,'alt1');
INSERT INTO BLC_SKU_MEDIA_MAP (BLC_SKU_SKU_ID, MEDIA_ID, MAP_KEY) VALUES (-1171,-2171,'alt1');
INSERT INTO BLC_SKU_MEDIA_MAP (BLC_SKU_SKU_ID, MEDIA_ID, MAP_KEY) VALUES (-1170,-2170,'alt1');
INSERT INTO BLC_SKU_MEDIA_MAP (BLC_SKU_SKU_ID, MEDIA_ID, MAP_KEY) VALUES (-1169,-2169,'alt1');
INSERT INTO BLC_SKU_MEDIA_MAP (BLC_SKU_SKU_ID, MEDIA_ID, MAP_KEY) VALUES (-1168,-2168,'alt1');
INSERT INTO BLC_SKU_MEDIA_MAP (BLC_SKU_SKU_ID, MEDIA_ID, MAP_KEY) VALUES (-1167,-2167,'alt1');
INSERT INTO BLC_SKU_MEDIA_MAP (BLC_SKU_SKU_ID, MEDIA_ID, MAP_KEY) VALUES (-1166,-2166,'alt1');
INSERT INTO BLC_SKU_MEDIA_MAP (BLC_SKU_SKU_ID, MEDIA_ID, MAP_KEY) VALUES (-1165,-2165,'alt1');
INSERT INTO BLC_SKU_MEDIA_MAP (BLC_SKU_SKU_ID, MEDIA_ID, MAP_KEY) VALUES (-1164,-2164,'alt1');
INSERT INTO BLC_SKU_MEDIA_MAP (BLC_SKU_SKU_ID, MEDIA_ID, MAP_KEY) VALUES (-1163,-2163,'alt1');
INSERT INTO BLC_SKU_MEDIA_MAP (BLC_SKU_SKU_ID, MEDIA_ID, MAP_KEY) VALUES (-1162,-2162,'alt1');
INSERT INTO BLC_SKU_MEDIA_MAP (BLC_SKU_SKU_ID, MEDIA_ID, MAP_KEY) VALUES (-1161,-2161,'alt1');
INSERT INTO BLC_SKU_MEDIA_MAP (BLC_SKU_SKU_ID, MEDIA_ID, MAP_KEY) VALUES (-1160,-2160,'alt1');
INSERT INTO BLC_SKU_MEDIA_MAP (BLC_SKU_SKU_ID, MEDIA_ID, MAP_KEY) VALUES (-1159,-2159,'alt1');
INSERT INTO BLC_SKU_MEDIA_MAP (BLC_SKU_SKU_ID, MEDIA_ID, MAP_KEY) VALUES (-1158,-2158,'alt1');
INSERT INTO BLC_SKU_MEDIA_MAP (BLC_SKU_SKU_ID, MEDIA_ID, MAP_KEY) VALUES (-1157,-2157,'alt1');
INSERT INTO BLC_SKU_MEDIA_MAP (BLC_SKU_SKU_ID, MEDIA_ID, MAP_KEY) VALUES (-1156,-2156,'alt1');
INSERT INTO BLC_SKU_MEDIA_MAP (BLC_SKU_SKU_ID, MEDIA_ID, MAP_KEY) VALUES (-1155,-2155,'alt1');
INSERT INTO BLC_SKU_MEDIA_MAP (BLC_SKU_SKU_ID, MEDIA_ID, MAP_KEY) VALUES (-1154,-2154,'alt1');
INSERT INTO BLC_SKU_MEDIA_MAP (BLC_SKU_SKU_ID, MEDIA_ID, MAP_KEY) VALUES (-1153,-2153,'alt1');
INSERT INTO BLC_SKU_MEDIA_MAP (BLC_SKU_SKU_ID, MEDIA_ID, MAP_KEY) VALUES (-1152,-2152,'alt1');
INSERT INTO BLC_SKU_MEDIA_MAP (BLC_SKU_SKU_ID, MEDIA_ID, MAP_KEY) VALUES (-1151,-2151,'alt1');
INSERT INTO BLC_SKU_MEDIA_MAP (BLC_SKU_SKU_ID, MEDIA_ID, MAP_KEY) VALUES (-1150,-2150,'alt1');
INSERT INTO BLC_SKU_MEDIA_MAP (BLC_SKU_SKU_ID, MEDIA_ID, MAP_KEY) VALUES (-1149,-2149,'alt1');
INSERT INTO BLC_SKU_MEDIA_MAP (BLC_SKU_SKU_ID, MEDIA_ID, MAP_KEY) VALUES (-1148,-2148,'alt1');
INSERT INTO BLC_SKU_MEDIA_MAP (BLC_SKU_SKU_ID, MEDIA_ID, MAP_KEY) VALUES (-1147,-2147,'alt1');
INSERT INTO BLC_SKU_MEDIA_MAP (BLC_SKU_SKU_ID, MEDIA_ID, MAP_KEY) VALUES (-1146,-2146,'alt1');
INSERT INTO BLC_SKU_MEDIA_MAP (BLC_SKU_SKU_ID, MEDIA_ID, MAP_KEY) VALUES (-1145,-2145,'alt1');
INSERT INTO BLC_SKU_MEDIA_MAP (BLC_SKU_SKU_ID, MEDIA_ID, MAP_KEY) VALUES (-1144,-2144,'alt1');
INSERT INTO BLC_SKU_MEDIA_MAP (BLC_SKU_SKU_ID, MEDIA_ID, MAP_KEY) VALUES (-1143,-2143,'alt1');
INSERT INTO BLC_SKU_MEDIA_MAP (BLC_SKU_SKU_ID, MEDIA_ID, MAP_KEY) VALUES (-1142,-2142,'alt1');
INSERT INTO BLC_SKU_MEDIA_MAP (BLC_SKU_SKU_ID, MEDIA_ID, MAP_KEY) VALUES (-1141,-2141,'alt1');
INSERT INTO BLC_SKU_MEDIA_MAP (BLC_SKU_SKU_ID, MEDIA_ID, MAP_KEY) VALUES (-1140,-2140,'alt1');
INSERT INTO BLC_SKU_MEDIA_MAP (BLC_SKU_SKU_ID, MEDIA_ID, MAP_KEY) VALUES (-1139,-2139,'alt1');
INSERT INTO BLC_SKU_MEDIA_MAP (BLC_SKU_SKU_ID, MEDIA_ID, MAP_KEY) VALUES (-1138,-2138,'alt1');
INSERT INTO BLC_SKU_MEDIA_MAP (BLC_SKU_SKU_ID, MEDIA_ID, MAP_KEY) VALUES (-1137,-2137,'alt1');
INSERT INTO BLC_SKU_MEDIA_MAP (BLC_SKU_SKU_ID, MEDIA_ID, MAP_KEY) VALUES (-1136,-2136,'alt1');
INSERT INTO BLC_SKU_MEDIA_MAP (BLC_SKU_SKU_ID, MEDIA_ID, MAP_KEY) VALUES (-1135,-2135,'alt1');
INSERT INTO BLC_SKU_MEDIA_MAP (BLC_SKU_SKU_ID, MEDIA_ID, MAP_KEY) VALUES (-1134,-2134,'alt1');
INSERT INTO BLC_SKU_MEDIA_MAP (BLC_SKU_SKU_ID, MEDIA_ID, MAP_KEY) VALUES (-1133,-2133,'alt1');
INSERT INTO BLC_SKU_MEDIA_MAP (BLC_SKU_SKU_ID, MEDIA_ID, MAP_KEY) VALUES (-1132,-2132,'alt1');
INSERT INTO BLC_SKU_MEDIA_MAP (BLC_SKU_SKU_ID, MEDIA_ID, MAP_KEY) VALUES (-1131,-2131,'alt1');
INSERT INTO BLC_SKU_MEDIA_MAP (BLC_SKU_SKU_ID, MEDIA_ID, MAP_KEY) VALUES (-1130,-2130,'alt1');
INSERT INTO BLC_SKU_MEDIA_MAP (BLC_SKU_SKU_ID, MEDIA_ID, MAP_KEY) VALUES (-1129,-2129,'alt1');
INSERT INTO BLC_SKU_MEDIA_MAP (BLC_SKU_SKU_ID, MEDIA_ID, MAP_KEY) VALUES (-1128,-2128,'alt1');
INSERT INTO BLC_SKU_MEDIA_MAP (BLC_SKU_SKU_ID, MEDIA_ID, MAP_KEY) VALUES (-1127,-2127,'alt1');
INSERT INTO BLC_SKU_MEDIA_MAP (BLC_SKU_SKU_ID, MEDIA_ID, MAP_KEY) VALUES (-1126,-2126,'alt1');
INSERT INTO BLC_SKU_MEDIA_MAP (BLC_SKU_SKU_ID, MEDIA_ID, MAP_KEY) VALUES (-1125,-2125,'alt1');
INSERT INTO BLC_SKU_MEDIA_MAP (BLC_SKU_SKU_ID, MEDIA_ID, MAP_KEY) VALUES (-1124,-2124,'alt1');
INSERT INTO BLC_SKU_MEDIA_MAP (BLC_SKU_SKU_ID, MEDIA_ID, MAP_KEY) VALUES (-1123,-2123,'alt1');
INSERT INTO BLC_SKU_MEDIA_MAP (BLC_SKU_SKU_ID, MEDIA_ID, MAP_KEY) VALUES (-1122,-2122,'alt1');
INSERT INTO BLC_SKU_MEDIA_MAP (BLC_SKU_SKU_ID, MEDIA_ID, MAP_KEY) VALUES (-1121,-2121,'alt1');
INSERT INTO BLC_SKU_MEDIA_MAP (BLC_SKU_SKU_ID, MEDIA_ID, MAP_KEY) VALUES (-1120,-2120,'alt1');
INSERT INTO BLC_SKU_MEDIA_MAP (BLC_SKU_SKU_ID, MEDIA_ID, MAP_KEY) VALUES (-1119,-2119,'alt1');
INSERT INTO BLC_SKU_MEDIA_MAP (BLC_SKU_SKU_ID, MEDIA_ID, MAP_KEY) VALUES (-1118,-2118,'alt1');
INSERT INTO BLC_SKU_MEDIA_MAP (BLC_SKU_SKU_ID, MEDIA_ID, MAP_KEY) VALUES (-1117,-2117,'alt1');
INSERT INTO BLC_SKU_MEDIA_MAP (BLC_SKU_SKU_ID, MEDIA_ID, MAP_KEY) VALUES (-1116,-2116,'alt1');
INSERT INTO BLC_SKU_MEDIA_MAP (BLC_SKU_SKU_ID, MEDIA_ID, MAP_KEY) VALUES (-1115,-2115,'alt1');
INSERT INTO BLC_SKU_MEDIA_MAP (BLC_SKU_SKU_ID, MEDIA_ID, MAP_KEY) VALUES (-1114,-2114,'alt1');
INSERT INTO BLC_SKU_MEDIA_MAP (BLC_SKU_SKU_ID, MEDIA_ID, MAP_KEY) VALUES (-1113,-2113,'alt1');
INSERT INTO BLC_SKU_MEDIA_MAP (BLC_SKU_SKU_ID, MEDIA_ID, MAP_KEY) VALUES (-1112,-2112,'alt1');
INSERT INTO BLC_SKU_MEDIA_MAP (BLC_SKU_SKU_ID, MEDIA_ID, MAP_KEY) VALUES (-1111,-2111,'alt1');
INSERT INTO BLC_SKU_MEDIA_MAP (BLC_SKU_SKU_ID, MEDIA_ID, MAP_KEY) VALUES (-1110,-2110,'alt1');
INSERT INTO BLC_SKU_MEDIA_MAP (BLC_SKU_SKU_ID, MEDIA_ID, MAP_KEY) VALUES (-1109,-2109,'alt1');
INSERT INTO BLC_SKU_MEDIA_MAP (BLC_SKU_SKU_ID, MEDIA_ID, MAP_KEY) VALUES (-1108,-2108,'alt1');
INSERT INTO BLC_SKU_MEDIA_MAP (BLC_SKU_SKU_ID, MEDIA_ID, MAP_KEY) VALUES (-1107,-2107,'alt1');
INSERT INTO BLC_SKU_MEDIA_MAP (BLC_SKU_SKU_ID, MEDIA_ID, MAP_KEY) VALUES (-1106,-2106,'alt1');
INSERT INTO BLC_SKU_MEDIA_MAP (BLC_SKU_SKU_ID, MEDIA_ID, MAP_KEY) VALUES (-1105,-2105,'alt1');
INSERT INTO BLC_SKU_MEDIA_MAP (BLC_SKU_SKU_ID, MEDIA_ID, MAP_KEY) VALUES (-1104,-2104,'alt1');
INSERT INTO BLC_SKU_MEDIA_MAP (BLC_SKU_SKU_ID, MEDIA_ID, MAP_KEY) VALUES (-1103,-2103,'alt1');
INSERT INTO BLC_SKU_MEDIA_MAP (BLC_SKU_SKU_ID, MEDIA_ID, MAP_KEY) VALUES (-1102,-2102,'alt1');
INSERT INTO BLC_SKU_MEDIA_MAP (BLC_SKU_SKU_ID, MEDIA_ID, MAP_KEY) VALUES (-1101,-2101,'alt1');
INSERT INTO BLC_SKU_MEDIA_MAP (BLC_SKU_SKU_ID, MEDIA_ID, MAP_KEY) VALUES (-1100,-2100,'alt1');
INSERT INTO BLC_SKU_MEDIA_MAP (BLC_SKU_SKU_ID, MEDIA_ID, MAP_KEY) VALUES (-1099,-2099,'alt1');
INSERT INTO BLC_SKU_MEDIA_MAP (BLC_SKU_SKU_ID, MEDIA_ID, MAP_KEY) VALUES (-1098,-2098,'alt1');
INSERT INTO BLC_SKU_MEDIA_MAP (BLC_SKU_SKU_ID, MEDIA_ID, MAP_KEY) VALUES (-1097,-2097,'alt1');
INSERT INTO BLC_SKU_MEDIA_MAP (BLC_SKU_SKU_ID, MEDIA_ID, MAP_KEY) VALUES (-1096,-2096,'alt1');
INSERT INTO BLC_SKU_MEDIA_MAP (BLC_SKU_SKU_ID, MEDIA_ID, MAP_KEY) VALUES (-1095,-2095,'alt1');
INSERT INTO BLC_SKU_MEDIA_MAP (BLC_SKU_SKU_ID, MEDIA_ID, MAP_KEY) VALUES (-1094,-2094,'alt1');
INSERT INTO BLC_SKU_MEDIA_MAP (BLC_SKU_SKU_ID, MEDIA_ID, MAP_KEY) VALUES (-1093,-2093,'alt1');
INSERT INTO BLC_SKU_MEDIA_MAP (BLC_SKU_SKU_ID, MEDIA_ID, MAP_KEY) VALUES (-1092,-2092,'alt1');
INSERT INTO BLC_SKU_MEDIA_MAP (BLC_SKU_SKU_ID, MEDIA_ID, MAP_KEY) VALUES (-1091,-2091,'alt1');
INSERT INTO BLC_SKU_MEDIA_MAP (BLC_SKU_SKU_ID, MEDIA_ID, MAP_KEY) VALUES (-1090,-2090,'alt1');
INSERT INTO BLC_SKU_MEDIA_MAP (BLC_SKU_SKU_ID, MEDIA_ID, MAP_KEY) VALUES (-1089,-2089,'alt1');
INSERT INTO BLC_SKU_MEDIA_MAP (BLC_SKU_SKU_ID, MEDIA_ID, MAP_KEY) VALUES (-1088,-2088,'alt1');
INSERT INTO BLC_SKU_MEDIA_MAP (BLC_SKU_SKU_ID, MEDIA_ID, MAP_KEY) VALUES (-1087,-2087,'alt1');
INSERT INTO BLC_SKU_MEDIA_MAP (BLC_SKU_SKU_ID, MEDIA_ID, MAP_KEY) VALUES (-1086,-2086,'alt1');
INSERT INTO BLC_SKU_MEDIA_MAP (BLC_SKU_SKU_ID, MEDIA_ID, MAP_KEY) VALUES (-1085,-2085,'alt1');
INSERT INTO BLC_SKU_MEDIA_MAP (BLC_SKU_SKU_ID, MEDIA_ID, MAP_KEY) VALUES (-1084,-2084,'alt1');
INSERT INTO BLC_SKU_MEDIA_MAP (BLC_SKU_SKU_ID, MEDIA_ID, MAP_KEY) VALUES (-1083,-2083,'alt1');
INSERT INTO BLC_SKU_MEDIA_MAP (BLC_SKU_SKU_ID, MEDIA_ID, MAP_KEY) VALUES (-1082,-2082,'alt1');
INSERT INTO BLC_SKU_MEDIA_MAP (BLC_SKU_SKU_ID, MEDIA_ID, MAP_KEY) VALUES (-1081,-2081,'alt1');
INSERT INTO BLC_SKU_MEDIA_MAP (BLC_SKU_SKU_ID, MEDIA_ID, MAP_KEY) VALUES (-1080,-2080,'alt1');
INSERT INTO BLC_SKU_MEDIA_MAP (BLC_SKU_SKU_ID, MEDIA_ID, MAP_KEY) VALUES (-1079,-2079,'alt1');
INSERT INTO BLC_SKU_MEDIA_MAP (BLC_SKU_SKU_ID, MEDIA_ID, MAP_KEY) VALUES (-1078,-2078,'alt1');
INSERT INTO BLC_SKU_MEDIA_MAP (BLC_SKU_SKU_ID, MEDIA_ID, MAP_KEY) VALUES (-1077,-2077,'alt1');
INSERT INTO BLC_SKU_MEDIA_MAP (BLC_SKU_SKU_ID, MEDIA_ID, MAP_KEY) VALUES (-1076,-2076,'alt1');
INSERT INTO BLC_SKU_MEDIA_MAP (BLC_SKU_SKU_ID, MEDIA_ID, MAP_KEY) VALUES (-1075,-2075,'alt1');
INSERT INTO BLC_SKU_MEDIA_MAP (BLC_SKU_SKU_ID, MEDIA_ID, MAP_KEY) VALUES (-1074,-2074,'alt1');
INSERT INTO BLC_SKU_MEDIA_MAP (BLC_SKU_SKU_ID, MEDIA_ID, MAP_KEY) VALUES (-1073,-2073,'alt1');
INSERT INTO BLC_SKU_MEDIA_MAP (BLC_SKU_SKU_ID, MEDIA_ID, MAP_KEY) VALUES (-1072,-2072,'alt1');
INSERT INTO BLC_SKU_MEDIA_MAP (BLC_SKU_SKU_ID, MEDIA_ID, MAP_KEY) VALUES (-1071,-2071,'alt1');
INSERT INTO BLC_SKU_MEDIA_MAP (BLC_SKU_SKU_ID, MEDIA_ID, MAP_KEY) VALUES (-1070,-2070,'alt1');
INSERT INTO BLC_SKU_MEDIA_MAP (BLC_SKU_SKU_ID, MEDIA_ID, MAP_KEY) VALUES (-1069,-2069,'alt1');
INSERT INTO BLC_SKU_MEDIA_MAP (BLC_SKU_SKU_ID, MEDIA_ID, MAP_KEY) VALUES (-1068,-2068,'alt1');
INSERT INTO BLC_SKU_MEDIA_MAP (BLC_SKU_SKU_ID, MEDIA_ID, MAP_KEY) VALUES (-1067,-2067,'alt1');
INSERT INTO BLC_SKU_MEDIA_MAP (BLC_SKU_SKU_ID, MEDIA_ID, MAP_KEY) VALUES (-1066,-2066,'alt1');
INSERT INTO BLC_SKU_MEDIA_MAP (BLC_SKU_SKU_ID, MEDIA_ID, MAP_KEY) VALUES (-1065,-2065,'alt1');
INSERT INTO BLC_SKU_MEDIA_MAP (BLC_SKU_SKU_ID, MEDIA_ID, MAP_KEY) VALUES (-1064,-2064,'alt1');
INSERT INTO BLC_SKU_MEDIA_MAP (BLC_SKU_SKU_ID, MEDIA_ID, MAP_KEY) VALUES (-1063,-2063,'alt1');
INSERT INTO BLC_SKU_MEDIA_MAP (BLC_SKU_SKU_ID, MEDIA_ID, MAP_KEY) VALUES (-1062,-2062,'alt1');
INSERT INTO BLC_SKU_MEDIA_MAP (BLC_SKU_SKU_ID, MEDIA_ID, MAP_KEY) VALUES (-1061,-2061,'alt1');
INSERT INTO BLC_SKU_MEDIA_MAP (BLC_SKU_SKU_ID, MEDIA_ID, MAP_KEY) VALUES (-1060,-2060,'alt1');
INSERT INTO BLC_SKU_MEDIA_MAP (BLC_SKU_SKU_ID, MEDIA_ID, MAP_KEY) VALUES (-1059,-2059,'alt1');
INSERT INTO BLC_SKU_MEDIA_MAP (BLC_SKU_SKU_ID, MEDIA_ID, MAP_KEY) VALUES (-1058,-2058,'alt1');
INSERT INTO BLC_SKU_MEDIA_MAP (BLC_SKU_SKU_ID, MEDIA_ID, MAP_KEY) VALUES (-1057,-2057,'alt1');
INSERT INTO BLC_SKU_MEDIA_MAP (BLC_SKU_SKU_ID, MEDIA_ID, MAP_KEY) VALUES (-1056,-2056,'alt1');
INSERT INTO BLC_SKU_MEDIA_MAP (BLC_SKU_SKU_ID, MEDIA_ID, MAP_KEY) VALUES (-1055,-2055,'alt1');
INSERT INTO BLC_SKU_MEDIA_MAP (BLC_SKU_SKU_ID, MEDIA_ID, MAP_KEY) VALUES (-1054,-2054,'alt1');
INSERT INTO BLC_SKU_MEDIA_MAP (BLC_SKU_SKU_ID, MEDIA_ID, MAP_KEY) VALUES (-1053,-2053,'alt1');
INSERT INTO BLC_SKU_MEDIA_MAP (BLC_SKU_SKU_ID, MEDIA_ID, MAP_KEY) VALUES (-1052,-2052,'alt1');
INSERT INTO BLC_SKU_MEDIA_MAP (BLC_SKU_SKU_ID, MEDIA_ID, MAP_KEY) VALUES (-1051,-2051,'alt1');
INSERT INTO BLC_SKU_MEDIA_MAP (BLC_SKU_SKU_ID, MEDIA_ID, MAP_KEY) VALUES (-1050,-2050,'alt1');
INSERT INTO BLC_SKU_MEDIA_MAP (BLC_SKU_SKU_ID, MEDIA_ID, MAP_KEY) VALUES (-1049,-2049,'alt1');
INSERT INTO BLC_SKU_MEDIA_MAP (BLC_SKU_SKU_ID, MEDIA_ID, MAP_KEY) VALUES (-1048,-2048,'alt1');
INSERT INTO BLC_SKU_MEDIA_MAP (BLC_SKU_SKU_ID, MEDIA_ID, MAP_KEY) VALUES (-1047,-2047,'alt1');
INSERT INTO BLC_SKU_MEDIA_MAP (BLC_SKU_SKU_ID, MEDIA_ID, MAP_KEY) VALUES (-1046,-2046,'alt1');
INSERT INTO BLC_SKU_MEDIA_MAP (BLC_SKU_SKU_ID, MEDIA_ID, MAP_KEY) VALUES (-1045,-2045,'alt1');
INSERT INTO BLC_SKU_MEDIA_MAP (BLC_SKU_SKU_ID, MEDIA_ID, MAP_KEY) VALUES (-1044,-2044,'alt1');
INSERT INTO BLC_SKU_MEDIA_MAP (BLC_SKU_SKU_ID, MEDIA_ID, MAP_KEY) VALUES (-1043,-2043,'alt1');
INSERT INTO BLC_SKU_MEDIA_MAP (BLC_SKU_SKU_ID, MEDIA_ID, MAP_KEY) VALUES (-1042,-2042,'alt1');
INSERT INTO BLC_SKU_MEDIA_MAP (BLC_SKU_SKU_ID, MEDIA_ID, MAP_KEY) VALUES (-1041,-2041,'alt1');
INSERT INTO BLC_SKU_MEDIA_MAP (BLC_SKU_SKU_ID, MEDIA_ID, MAP_KEY) VALUES (-1040,-2040,'alt1');
INSERT INTO BLC_SKU_MEDIA_MAP (BLC_SKU_SKU_ID, MEDIA_ID, MAP_KEY) VALUES (-1039,-2039,'alt1');
INSERT INTO BLC_SKU_MEDIA_MAP (BLC_SKU_SKU_ID, MEDIA_ID, MAP_KEY) VALUES (-1038,-2038,'alt1');
INSERT INTO BLC_SKU_MEDIA_MAP (BLC_SKU_SKU_ID, MEDIA_ID, MAP_KEY) VALUES (-1037,-2037,'alt1');
INSERT INTO BLC_SKU_MEDIA_MAP (BLC_SKU_SKU_ID, MEDIA_ID, MAP_KEY) VALUES (-1036,-2036,'alt1');
INSERT INTO BLC_SKU_MEDIA_MAP (BLC_SKU_SKU_ID, MEDIA_ID, MAP_KEY) VALUES (-1035,-2035,'alt1');
INSERT INTO BLC_SKU_MEDIA_MAP (BLC_SKU_SKU_ID, MEDIA_ID, MAP_KEY) VALUES (-1034,-2034,'alt1');
INSERT INTO BLC_SKU_MEDIA_MAP (BLC_SKU_SKU_ID, MEDIA_ID, MAP_KEY) VALUES (-1033,-2033,'alt1');
INSERT INTO BLC_SKU_MEDIA_MAP (BLC_SKU_SKU_ID, MEDIA_ID, MAP_KEY) VALUES (-1032,-2032,'alt1');
INSERT INTO BLC_SKU_MEDIA_MAP (BLC_SKU_SKU_ID, MEDIA_ID, MAP_KEY) VALUES (-1031,-2031,'alt1');
INSERT INTO BLC_SKU_MEDIA_MAP (BLC_SKU_SKU_ID, MEDIA_ID, MAP_KEY) VALUES (-1030,-2030,'alt1');
INSERT INTO BLC_SKU_MEDIA_MAP (BLC_SKU_SKU_ID, MEDIA_ID, MAP_KEY) VALUES (-1029,-2029,'alt1');
INSERT INTO BLC_SKU_MEDIA_MAP (BLC_SKU_SKU_ID, MEDIA_ID, MAP_KEY) VALUES (-1028,-2028,'alt1');
INSERT INTO BLC_SKU_MEDIA_MAP (BLC_SKU_SKU_ID, MEDIA_ID, MAP_KEY) VALUES (-1027,-2027,'alt1');
INSERT INTO BLC_SKU_MEDIA_MAP (BLC_SKU_SKU_ID, MEDIA_ID, MAP_KEY) VALUES (-1026,-2026,'alt1');
INSERT INTO BLC_SKU_MEDIA_MAP (BLC_SKU_SKU_ID, MEDIA_ID, MAP_KEY) VALUES (-1025,-2025,'alt1');
INSERT INTO BLC_SKU_MEDIA_MAP (BLC_SKU_SKU_ID, MEDIA_ID, MAP_KEY) VALUES (-1024,-2024,'alt1');
INSERT INTO BLC_SKU_MEDIA_MAP (BLC_SKU_SKU_ID, MEDIA_ID, MAP_KEY) VALUES (-1023,-2023,'alt1');
INSERT INTO BLC_SKU_MEDIA_MAP (BLC_SKU_SKU_ID, MEDIA_ID, MAP_KEY) VALUES (-1022,-2022,'alt1');
INSERT INTO BLC_SKU_MEDIA_MAP (BLC_SKU_SKU_ID, MEDIA_ID, MAP_KEY) VALUES (-1021,-2021,'alt1');
INSERT INTO BLC_SKU_MEDIA_MAP (BLC_SKU_SKU_ID, MEDIA_ID, MAP_KEY) VALUES (-1020,-2020,'alt1');
INSERT INTO BLC_SKU_MEDIA_MAP (BLC_SKU_SKU_ID, MEDIA_ID, MAP_KEY) VALUES (-1019,-2019,'alt1');
INSERT INTO BLC_SKU_MEDIA_MAP (BLC_SKU_SKU_ID, MEDIA_ID, MAP_KEY) VALUES (-1018,-2018,'alt1');
INSERT INTO BLC_SKU_MEDIA_MAP (BLC_SKU_SKU_ID, MEDIA_ID, MAP_KEY) VALUES (-1017,-2017,'alt1');
INSERT INTO BLC_SKU_MEDIA_MAP (BLC_SKU_SKU_ID, MEDIA_ID, MAP_KEY) VALUES (-1016,-2016,'alt1');
INSERT INTO BLC_SKU_MEDIA_MAP (BLC_SKU_SKU_ID, MEDIA_ID, MAP_KEY) VALUES (-1015,-2015,'alt1');
INSERT INTO BLC_SKU_MEDIA_MAP (BLC_SKU_SKU_ID, MEDIA_ID, MAP_KEY) VALUES (-1014,-2014,'alt1');
INSERT INTO BLC_SKU_MEDIA_MAP (BLC_SKU_SKU_ID, MEDIA_ID, MAP_KEY) VALUES (-1013,-2013,'alt1');
INSERT INTO BLC_SKU_MEDIA_MAP (BLC_SKU_SKU_ID, MEDIA_ID, MAP_KEY) VALUES (-1012,-2012,'alt1');
INSERT INTO BLC_SKU_MEDIA_MAP (BLC_SKU_SKU_ID, MEDIA_ID, MAP_KEY) VALUES (-1011,-2011,'alt1');
INSERT INTO BLC_SKU_MEDIA_MAP (BLC_SKU_SKU_ID, MEDIA_ID, MAP_KEY) VALUES (-1010,-2010,'alt1');
INSERT INTO BLC_SKU_MEDIA_MAP (BLC_SKU_SKU_ID, MEDIA_ID, MAP_KEY) VALUES (-1009,-2009,'alt1');
INSERT INTO BLC_SKU_MEDIA_MAP (BLC_SKU_SKU_ID, MEDIA_ID, MAP_KEY) VALUES (-1008,-2008,'alt1');
INSERT INTO BLC_SKU_MEDIA_MAP (BLC_SKU_SKU_ID, MEDIA_ID, MAP_KEY) VALUES (-1007,-2007,'alt1');
INSERT INTO BLC_SKU_MEDIA_MAP (BLC_SKU_SKU_ID, MEDIA_ID, MAP_KEY) VALUES (-1006,-2006,'alt1');
INSERT INTO BLC_SKU_MEDIA_MAP (BLC_SKU_SKU_ID, MEDIA_ID, MAP_KEY) VALUES (-1005,-2005,'alt1');
INSERT INTO BLC_SKU_MEDIA_MAP (BLC_SKU_SKU_ID, MEDIA_ID, MAP_KEY) VALUES (-1004,-2004,'alt1');
INSERT INTO BLC_SKU_MEDIA_MAP (BLC_SKU_SKU_ID, MEDIA_ID, MAP_KEY) VALUES (-1003,-2003,'alt1');
INSERT INTO BLC_SKU_MEDIA_MAP (BLC_SKU_SKU_ID, MEDIA_ID, MAP_KEY) VALUES (-1002,-2002,'alt1');
INSERT INTO BLC_SKU_MEDIA_MAP (BLC_SKU_SKU_ID, MEDIA_ID, MAP_KEY) VALUES (-1001,-2001,'alt1');
INSERT INTO BLC_SKU_MEDIA_MAP (BLC_SKU_SKU_ID, MEDIA_ID, MAP_KEY) VALUES (-1000,-2000,'alt1');








INSERT INTO BLC_STATIC_ASSET (STATIC_ASSET_ID, MIME_TYPE, STORAGE_TYPE, FULL_URL, NAME) VALUES (-2232,'image/jpg','FILESYSTEM','/img/product/01.001.0002/2desc.jpg','奥利奥原味夹心饼干');
INSERT INTO BLC_STATIC_ASSET (STATIC_ASSET_ID, MIME_TYPE, STORAGE_TYPE, FULL_URL, NAME) VALUES (-2231,'image/jpg','FILESYSTEM','/img/product/01.001.0003/2desc.jpg','奥利奥巧克力味夹心');
INSERT INTO BLC_STATIC_ASSET (STATIC_ASSET_ID, MIME_TYPE, STORAGE_TYPE, FULL_URL, NAME) VALUES (-2230,'image/jpg','FILESYSTEM','/img/product/01.001.0004/2desc.jpg','奥利奥草莓味夹心');
INSERT INTO BLC_STATIC_ASSET (STATIC_ASSET_ID, MIME_TYPE, STORAGE_TYPE, FULL_URL, NAME) VALUES (-2229,'image/jpg','FILESYSTEM','/img/product/01.001.0005/2desc.jpg','奥利奥原味夹心');
INSERT INTO BLC_STATIC_ASSET (STATIC_ASSET_ID, MIME_TYPE, STORAGE_TYPE, FULL_URL, NAME) VALUES (-2228,'image/jpg','FILESYSTEM','/img/product/01.001.0006/2desc.jpg','奥利奥巧克力夹心');
INSERT INTO BLC_STATIC_ASSET (STATIC_ASSET_ID, MIME_TYPE, STORAGE_TYPE, FULL_URL, NAME) VALUES (-2227,'image/jpg','FILESYSTEM','/img/product/01.001.0007/2desc.jpg','奥利奥威化原味夹心');
INSERT INTO BLC_STATIC_ASSET (STATIC_ASSET_ID, MIME_TYPE, STORAGE_TYPE, FULL_URL, NAME) VALUES (-2226,'image/jpg','FILESYSTEM','/img/product/01.001.0008/2desc.jpg','奥利奥原味巧克力棒随心装');
INSERT INTO BLC_STATIC_ASSET (STATIC_ASSET_ID, MIME_TYPE, STORAGE_TYPE, FULL_URL, NAME) VALUES (-2225,'image/jpg','FILESYSTEM','/img/product/01.001.0009/2desc.jpg','奥利奥牛奶巧克力棒随心装');
INSERT INTO BLC_STATIC_ASSET (STATIC_ASSET_ID, MIME_TYPE, STORAGE_TYPE, FULL_URL, NAME) VALUES (-2224,'image/jpg','FILESYSTEM','/img/product/01.001.0010/2desc.jpg','奥利奥金装巧克力味');
INSERT INTO BLC_STATIC_ASSET (STATIC_ASSET_ID, MIME_TYPE, STORAGE_TYPE, FULL_URL, NAME) VALUES (-2223,'image/jpg','FILESYSTEM','/img/product/01.001.0011/2desc.jpg','趣多多经典巧克力原味');
INSERT INTO BLC_STATIC_ASSET (STATIC_ASSET_ID, MIME_TYPE, STORAGE_TYPE, FULL_URL, NAME) VALUES (-2222,'image/jpg','FILESYSTEM','/img/product/01.001.0012/2desc.jpg','趣多多缤纷曲奇饼巧克力味');
INSERT INTO BLC_STATIC_ASSET (STATIC_ASSET_ID, MIME_TYPE, STORAGE_TYPE, FULL_URL, NAME) VALUES (-2221,'image/jpg','FILESYSTEM','/img/product/01.001.0013/2desc.jpg','趣多多大块巧克力曲奇饼干（咖啡味）');
INSERT INTO BLC_STATIC_ASSET (STATIC_ASSET_ID, MIME_TYPE, STORAGE_TYPE, FULL_URL, NAME) VALUES (-2220,'image/jpg','FILESYSTEM','/img/product/01.001.0014/2desc.jpg','趣多多软式甜饼经典巧克力原味');
INSERT INTO BLC_STATIC_ASSET (STATIC_ASSET_ID, MIME_TYPE, STORAGE_TYPE, FULL_URL, NAME) VALUES (-2219,'image/jpg','FILESYSTEM','/img/product/01.001.0015/2desc.jpg','优冠牛奶香脆（纯正牛奶）');
INSERT INTO BLC_STATIC_ASSET (STATIC_ASSET_ID, MIME_TYPE, STORAGE_TYPE, FULL_URL, NAME) VALUES (-2218,'image/jpg','FILESYSTEM','/img/product/01.001.0016/2desc.jpg','优冠牛奶特浓夹心（香浓夹心）');
INSERT INTO BLC_STATIC_ASSET (STATIC_ASSET_ID, MIME_TYPE, STORAGE_TYPE, FULL_URL, NAME) VALUES (-2217,'image/jpg','FILESYSTEM','/img/product/01.001.0017/2desc.jpg','优冠牛奶特浓夹心（香滑巧克力）');
INSERT INTO BLC_STATIC_ASSET (STATIC_ASSET_ID, MIME_TYPE, STORAGE_TYPE, FULL_URL, NAME) VALUES (-2216,'image/jpg','FILESYSTEM','/img/product/01.001.0018/2desc.jpg','优冠牛奶特浓夹心（香酥蛋黄）');
INSERT INTO BLC_STATIC_ASSET (STATIC_ASSET_ID, MIME_TYPE, STORAGE_TYPE, FULL_URL, NAME) VALUES (-2215,'image/jpg','FILESYSTEM','/img/product/01.001.0019/2desc.jpg','王子曲奇星（香浓巧克力）');
INSERT INTO BLC_STATIC_ASSET (STATIC_ASSET_ID, MIME_TYPE, STORAGE_TYPE, FULL_URL, NAME) VALUES (-2214,'image/jpg','FILESYSTEM','/img/product/01.001.0020/2desc.jpg','太平梳打（香葱味）');
INSERT INTO BLC_STATIC_ASSET (STATIC_ASSET_ID, MIME_TYPE, STORAGE_TYPE, FULL_URL, NAME) VALUES (-2213,'image/jpg','FILESYSTEM','/img/product/01.001.0021/2desc.jpg','太平梳打（奶盐味）');
INSERT INTO BLC_STATIC_ASSET (STATIC_ASSET_ID, MIME_TYPE, STORAGE_TYPE, FULL_URL, NAME) VALUES (-2212,'image/jpg','FILESYSTEM','/img/product/01.001.0022/2desc.jpg','闲趣（自然清威原味）');
INSERT INTO BLC_STATIC_ASSET (STATIC_ASSET_ID, MIME_TYPE, STORAGE_TYPE, FULL_URL, NAME) VALUES (-2211,'image/jpg','FILESYSTEM','/img/product/01.001.0023/2desc.jpg','闲趣（田园番茄味）');
INSERT INTO BLC_STATIC_ASSET (STATIC_ASSET_ID, MIME_TYPE, STORAGE_TYPE, FULL_URL, NAME) VALUES (-2210,'image/jpg','FILESYSTEM','/img/product/01.001.0024/2desc.jpg','闲趣（秘制小牛排味）');
INSERT INTO BLC_STATIC_ASSET (STATIC_ASSET_ID, MIME_TYPE, STORAGE_TYPE, FULL_URL, NAME) VALUES (-2209,'image/jpg','FILESYSTEM','/img/product/01.001.0025/2desc.jpg','康师傅3+2苏打夹心饼干(香浓奶油味)');
INSERT INTO BLC_STATIC_ASSET (STATIC_ASSET_ID, MIME_TYPE, STORAGE_TYPE, FULL_URL, NAME) VALUES (-2208,'image/jpg','FILESYSTEM','/img/product/01.001.0026/2desc.jpg','康师傅3+2苏打夹心饼干(香草巧克力味)');
INSERT INTO BLC_STATIC_ASSET (STATIC_ASSET_ID, MIME_TYPE, STORAGE_TYPE, FULL_URL, NAME) VALUES (-2207,'image/jpg','FILESYSTEM','/img/product/01.004.0027/2desc.jpg','康师傅3+2苏打夹心饼干(抹茶蜜豆味)');
INSERT INTO BLC_STATIC_ASSET (STATIC_ASSET_ID, MIME_TYPE, STORAGE_TYPE, FULL_URL, NAME) VALUES (-2206,'image/jpg','FILESYSTEM','/img/product/01.001.0028/2desc.jpg','徐福记松软蛋酥沙琪玛迷你包');
INSERT INTO BLC_STATIC_ASSET (STATIC_ASSET_ID, MIME_TYPE, STORAGE_TYPE, FULL_URL, NAME) VALUES (-2205,'image/jpg','FILESYSTEM','/img/product/01.001.0029/2desc.jpg','康师傅美味酥什锦烧烤味');
INSERT INTO BLC_STATIC_ASSET (STATIC_ASSET_ID, MIME_TYPE, STORAGE_TYPE, FULL_URL, NAME) VALUES (-2204,'image/jpg','FILESYSTEM','/img/product/01.001.0030/2desc.jpg','康师傅美味酥黑胡椒牛排味');
INSERT INTO BLC_STATIC_ASSET (STATIC_ASSET_ID, MIME_TYPE, STORAGE_TYPE, FULL_URL, NAME) VALUES (-2203,'image/jpg','FILESYSTEM','/img/product/01.001.0031/2desc.jpg','康师傅美味酥点点葱香味');
INSERT INTO BLC_STATIC_ASSET (STATIC_ASSET_ID, MIME_TYPE, STORAGE_TYPE, FULL_URL, NAME) VALUES (-2202,'image/jpg','FILESYSTEM','/img/product/01.001.0032/2desc.jpg','达利园香葱咸饼');
INSERT INTO BLC_STATIC_ASSET (STATIC_ASSET_ID, MIME_TYPE, STORAGE_TYPE, FULL_URL, NAME) VALUES (-2201,'image/jpg','FILESYSTEM','/img/product/01.001.0033/2desc.jpg','好吃点低糖海苔饼');
INSERT INTO BLC_STATIC_ASSET (STATIC_ASSET_ID, MIME_TYPE, STORAGE_TYPE, FULL_URL, NAME) VALUES (-2200,'image/jpg','FILESYSTEM','/img/product/01.001.0034/2desc.jpg','好吃点香脆核桃酥饼');
INSERT INTO BLC_STATIC_ASSET (STATIC_ASSET_ID, MIME_TYPE, STORAGE_TYPE, FULL_URL, NAME) VALUES (-2199,'image/jpg','FILESYSTEM','/img/product/01.001.0035/2desc.jpg','好吃点杏仁酥饼');
INSERT INTO BLC_STATIC_ASSET (STATIC_ASSET_ID, MIME_TYPE, STORAGE_TYPE, FULL_URL, NAME) VALUES (-2198,'image/jpg','FILESYSTEM','/img/product/01.001.0036/2desc.jpg','好吃点香脆腰果饼');
INSERT INTO BLC_STATIC_ASSET (STATIC_ASSET_ID, MIME_TYPE, STORAGE_TYPE, FULL_URL, NAME) VALUES (-2197,'image/jpg','FILESYSTEM','/img/product/01.001.0037/2desc.jpg','好吃点香脆杏仁饼');
INSERT INTO BLC_STATIC_ASSET (STATIC_ASSET_ID, MIME_TYPE, STORAGE_TYPE, FULL_URL, NAME) VALUES (-2196,'image/jpg','FILESYSTEM','/img/product/01.001.0038/2desc.jpg','好吃点香脆核桃饼');
INSERT INTO BLC_STATIC_ASSET (STATIC_ASSET_ID, MIME_TYPE, STORAGE_TYPE, FULL_URL, NAME) VALUES (-2195,'image/jpg','FILESYSTEM','/img/product/01.001.0039/2desc.jpg','好吃点榛仁酥');
INSERT INTO BLC_STATIC_ASSET (STATIC_ASSET_ID, MIME_TYPE, STORAGE_TYPE, FULL_URL, NAME) VALUES (-2194,'image/jpg','FILESYSTEM','/img/product/01.001.0040/2desc.jpg','格力高菜园小饼孜然烧烤');
INSERT INTO BLC_STATIC_ASSET (STATIC_ASSET_ID, MIME_TYPE, STORAGE_TYPE, FULL_URL, NAME) VALUES (-2193,'image/jpg','FILESYSTEM','/img/product/01.001.0041/2desc.jpg','格力高菜园小饼番茄味');
INSERT INTO BLC_STATIC_ASSET (STATIC_ASSET_ID, MIME_TYPE, STORAGE_TYPE, FULL_URL, NAME) VALUES (-2192,'image/jpg','FILESYSTEM','/img/product/01.001.0042/2desc.jpg','格力高菜园小饼葱辣味');
INSERT INTO BLC_STATIC_ASSET (STATIC_ASSET_ID, MIME_TYPE, STORAGE_TYPE, FULL_URL, NAME) VALUES (-2191,'image/jpg','FILESYSTEM','/img/product/01.001.0043/2desc.jpg','格力高菜园小饼色拉虾味');
INSERT INTO BLC_STATIC_ASSET (STATIC_ASSET_ID, MIME_TYPE, STORAGE_TYPE, FULL_URL, NAME) VALUES (-2190,'image/jpg','FILESYSTEM','/img/product/01.001.0044/2desc.jpg','格力高菜园小饼比萨味');
INSERT INTO BLC_STATIC_ASSET (STATIC_ASSET_ID, MIME_TYPE, STORAGE_TYPE, FULL_URL, NAME) VALUES (-2189,'image/jpg','FILESYSTEM','/img/product/01.001.0045/2desc.jpg','旺旺雪饼');
INSERT INTO BLC_STATIC_ASSET (STATIC_ASSET_ID, MIME_TYPE, STORAGE_TYPE, FULL_URL, NAME) VALUES (-2188,'image/jpg','FILESYSTEM','/img/product/01.004.0046/2desc.jpg','津味金针菇脆笋');
INSERT INTO BLC_STATIC_ASSET (STATIC_ASSET_ID, MIME_TYPE, STORAGE_TYPE, FULL_URL, NAME) VALUES (-2187,'image/jpg','FILESYSTEM','/img/product/01.004.0047/2desc.jpg','雀巢咖啡1+2（11+2杯装）');
INSERT INTO BLC_STATIC_ASSET (STATIC_ASSET_ID, MIME_TYPE, STORAGE_TYPE, FULL_URL, NAME) VALUES (-2186,'image/jpg','FILESYSTEM','/img/product/01.004.0048/2desc.jpg','Tang 菓珍');
INSERT INTO BLC_STATIC_ASSET (STATIC_ASSET_ID, MIME_TYPE, STORAGE_TYPE, FULL_URL, NAME) VALUES (-2185,'image/jpg','FILESYSTEM','/img/product/01.004.0049/2desc.jpg','达利园法式软面包香橙味160g（8枚）');
INSERT INTO BLC_STATIC_ASSET (STATIC_ASSET_ID, MIME_TYPE, STORAGE_TYPE, FULL_URL, NAME) VALUES (-2184,'image/jpg','FILESYSTEM','/img/product/01.004.0050/2desc.jpg','达利园法式软面包香奶味160g（8枚）');
INSERT INTO BLC_STATIC_ASSET (STATIC_ASSET_ID, MIME_TYPE, STORAGE_TYPE, FULL_URL, NAME) VALUES (-2183,'image/jpg','FILESYSTEM','/img/product/01.004.0051/2desc.jpg','达利园草莓派250g(10枚)');
INSERT INTO BLC_STATIC_ASSET (STATIC_ASSET_ID, MIME_TYPE, STORAGE_TYPE, FULL_URL, NAME) VALUES (-2182,'image/jpg','FILESYSTEM','/img/product/01.004.0052/2desc.jpg','达利园蛋黄派250g(10枚)');
INSERT INTO BLC_STATIC_ASSET (STATIC_ASSET_ID, MIME_TYPE, STORAGE_TYPE, FULL_URL, NAME) VALUES (-2181,'image/jpg','FILESYSTEM','/img/product/01.004.0053/2desc.jpg','达利园巧克力派300g（10枚）');
INSERT INTO BLC_STATIC_ASSET (STATIC_ASSET_ID, MIME_TYPE, STORAGE_TYPE, FULL_URL, NAME) VALUES (-2180,'image/jpg','FILESYSTEM','/img/product/01.004.0054/2desc.jpg','达利园瑞士卷8枚(草莓味)');
INSERT INTO BLC_STATIC_ASSET (STATIC_ASSET_ID, MIME_TYPE, STORAGE_TYPE, FULL_URL, NAME) VALUES (-2179,'image/jpg','FILESYSTEM','/img/product/01.004.0055/2desc.jpg','达利园瑞士卷8枚(橙汁味)');
INSERT INTO BLC_STATIC_ASSET (STATIC_ASSET_ID, MIME_TYPE, STORAGE_TYPE, FULL_URL, NAME) VALUES (-2178,'image/jpg','FILESYSTEM','/img/product/01.004.0056/2desc.jpg','达利园瑞士卷8枚(巧克力味)');
INSERT INTO BLC_STATIC_ASSET (STATIC_ASSET_ID, MIME_TYPE, STORAGE_TYPE, FULL_URL, NAME) VALUES (-2177,'image/jpg','FILESYSTEM','/img/product/01.004.0057/2desc.jpg','好丽友Q蒂2枚装（摩卡巧克力）');
INSERT INTO BLC_STATIC_ASSET (STATIC_ASSET_ID, MIME_TYPE, STORAGE_TYPE, FULL_URL, NAME) VALUES (-2176,'image/jpg','FILESYSTEM','/img/product/01.004.0058/2desc.jpg','好丽友蛋黄派2枚装');
INSERT INTO BLC_STATIC_ASSET (STATIC_ASSET_ID, MIME_TYPE, STORAGE_TYPE, FULL_URL, NAME) VALUES (-2175,'image/jpg','FILESYSTEM','/img/product/01.004.0059/2desc.jpg','好丽友派2枚装');
INSERT INTO BLC_STATIC_ASSET (STATIC_ASSET_ID, MIME_TYPE, STORAGE_TYPE, FULL_URL, NAME) VALUES (-2174,'image/jpg','FILESYSTEM','/img/product/01.004.0060/2desc.jpg','好丽友派6枚装');
INSERT INTO BLC_STATIC_ASSET (STATIC_ASSET_ID, MIME_TYPE, STORAGE_TYPE, FULL_URL, NAME) VALUES (-2173,'image/jpg','FILESYSTEM','/img/product/01.004.0061/2desc.jpg','三辉麦风法式香奶面包');
INSERT INTO BLC_STATIC_ASSET (STATIC_ASSET_ID, MIME_TYPE, STORAGE_TYPE, FULL_URL, NAME) VALUES (-2172,'image/jpg','FILESYSTEM','/img/product/01.004.0062/2desc.jpg','三辉麦风法式香奶面包');
INSERT INTO BLC_STATIC_ASSET (STATIC_ASSET_ID, MIME_TYPE, STORAGE_TYPE, FULL_URL, NAME) VALUES (-2171,'image/jpg','FILESYSTEM','/img/product/01.004.0063/2desc.jpg','三辉麦风提拉米苏4枚装(巧克力味)');
INSERT INTO BLC_STATIC_ASSET (STATIC_ASSET_ID, MIME_TYPE, STORAGE_TYPE, FULL_URL, NAME) VALUES (-2170,'image/jpg','FILESYSTEM','/img/product/01.004.0064/2desc.jpg','徐福记芝麻香酥沙琪玛迷你包');
INSERT INTO BLC_STATIC_ASSET (STATIC_ASSET_ID, MIME_TYPE, STORAGE_TYPE, FULL_URL, NAME) VALUES (-2169,'image/jpg','FILESYSTEM','/img/product/01.004.0065/2desc.jpg','徐福记巧克力味沙琪玛迷你包');
INSERT INTO BLC_STATIC_ASSET (STATIC_ASSET_ID, MIME_TYPE, STORAGE_TYPE, FULL_URL, NAME) VALUES (-2168,'image/jpg','FILESYSTEM','/img/product/01.004.0066/2desc.jpg','徐福记松软蛋酥沙琪玛迷你包');
INSERT INTO BLC_STATIC_ASSET (STATIC_ASSET_ID, MIME_TYPE, STORAGE_TYPE, FULL_URL, NAME) VALUES (-2167,'image/jpg','FILESYSTEM','/img/product/01.004.0067/2desc.jpg','回头客铜锣烧红豆味（10枚入）');
INSERT INTO BLC_STATIC_ASSET (STATIC_ASSET_ID, MIME_TYPE, STORAGE_TYPE, FULL_URL, NAME) VALUES (-2166,'image/jpg','FILESYSTEM','/img/product/01.004.0068/2desc.jpg','回头客铜锣烧香芋味(10枚入）');
INSERT INTO BLC_STATIC_ASSET (STATIC_ASSET_ID, MIME_TYPE, STORAGE_TYPE, FULL_URL, NAME) VALUES (-2165,'image/jpg','FILESYSTEM','/img/product/01.005.0069/2desc.jpg','回头客铜锣烧抹茶味（10枚入）');
INSERT INTO BLC_STATIC_ASSET (STATIC_ASSET_ID, MIME_TYPE, STORAGE_TYPE, FULL_URL, NAME) VALUES (-2164,'image/jpg','FILESYSTEM','/img/product/01.005.0070/2desc.jpg','康师傅干拌面（红烧牛肉味）');
INSERT INTO BLC_STATIC_ASSET (STATIC_ASSET_ID, MIME_TYPE, STORAGE_TYPE, FULL_URL, NAME) VALUES (-2163,'image/jpg','FILESYSTEM','/img/product/01.005.0071/2desc.jpg','康师傅干拌面（葱油拌味）');
INSERT INTO BLC_STATIC_ASSET (STATIC_ASSET_ID, MIME_TYPE, STORAGE_TYPE, FULL_URL, NAME) VALUES (-2162,'image/jpg','FILESYSTEM','/img/product/01.005.0072/2desc.jpg','康师傅干拌面（香辣牛肉味）');
INSERT INTO BLC_STATIC_ASSET (STATIC_ASSET_ID, MIME_TYPE, STORAGE_TYPE, FULL_URL, NAME) VALUES (-2161,'image/jpg','FILESYSTEM','/img/product/01.005.0073/2desc.jpg','康师傅随心杯红烧牛肉面（杯）');
INSERT INTO BLC_STATIC_ASSET (STATIC_ASSET_ID, MIME_TYPE, STORAGE_TYPE, FULL_URL, NAME) VALUES (-2160,'image/jpg','FILESYSTEM','/img/product/01.005.0074/2desc.jpg','康师傅随心杯香辣牛肉面（杯）');
INSERT INTO BLC_STATIC_ASSET (STATIC_ASSET_ID, MIME_TYPE, STORAGE_TYPE, FULL_URL, NAME) VALUES (-2159,'image/jpg','FILESYSTEM','/img/product/01.005.0075/2desc.jpg','康师傅酸菜牛肉面（桶）');
INSERT INTO BLC_STATIC_ASSET (STATIC_ASSET_ID, MIME_TYPE, STORAGE_TYPE, FULL_URL, NAME) VALUES (-2158,'image/jpg','FILESYSTEM','/img/product/01.005.0076/2desc.jpg','康师傅卤香牛肉面（桶）');
INSERT INTO BLC_STATIC_ASSET (STATIC_ASSET_ID, MIME_TYPE, STORAGE_TYPE, FULL_URL, NAME) VALUES (-2157,'image/jpg','FILESYSTEM','/img/product/01.005.0077/2desc.jpg','康师傅香菇炖鸡面（桶）');
INSERT INTO BLC_STATIC_ASSET (STATIC_ASSET_ID, MIME_TYPE, STORAGE_TYPE, FULL_URL, NAME) VALUES (-2156,'image/jpg','FILESYSTEM','/img/product/01.005.0078/2desc.jpg','康师傅鲜虾鱼板面（桶）');
INSERT INTO BLC_STATIC_ASSET (STATIC_ASSET_ID, MIME_TYPE, STORAGE_TYPE, FULL_URL, NAME) VALUES (-2155,'image/jpg','FILESYSTEM','/img/product/01.005.0079/2desc.jpg','康师傅笋干老鸭煲面（桶）');
INSERT INTO BLC_STATIC_ASSET (STATIC_ASSET_ID, MIME_TYPE, STORAGE_TYPE, FULL_URL, NAME) VALUES (-2154,'image/jpg','FILESYSTEM','/img/product/01.005.0080/2desc.jpg','康师傅香辣牛肉面（桶）');
INSERT INTO BLC_STATIC_ASSET (STATIC_ASSET_ID, MIME_TYPE, STORAGE_TYPE, FULL_URL, NAME) VALUES (-2153,'image/jpg','FILESYSTEM','/img/product/01.005.0081/2desc.jpg','康师傅红烧牛肉面（桶）');
INSERT INTO BLC_STATIC_ASSET (STATIC_ASSET_ID, MIME_TYPE, STORAGE_TYPE, FULL_URL, NAME) VALUES (-2152,'image/jpg','FILESYSTEM','/img/product/01.005.0082/2desc.jpg','袋装康师傅东坡红烧肉面');
INSERT INTO BLC_STATIC_ASSET (STATIC_ASSET_ID, MIME_TYPE, STORAGE_TYPE, FULL_URL, NAME) VALUES (-2151,'image/jpg','FILESYSTEM','/img/product/01.005.0083/2desc.jpg','袋装康师傅酸菜牛肉面');
INSERT INTO BLC_STATIC_ASSET (STATIC_ASSET_ID, MIME_TYPE, STORAGE_TYPE, FULL_URL, NAME) VALUES (-2150,'image/jpg','FILESYSTEM','/img/product/01.005.0084/2desc.jpg','袋装康师傅香菇炖鸡面');
INSERT INTO BLC_STATIC_ASSET (STATIC_ASSET_ID, MIME_TYPE, STORAGE_TYPE, FULL_URL, NAME) VALUES (-2149,'image/jpg','FILESYSTEM','/img/product/01.005.0085/2desc.jpg','袋装康师傅鲜虾鱼板面');
INSERT INTO BLC_STATIC_ASSET (STATIC_ASSET_ID, MIME_TYPE, STORAGE_TYPE, FULL_URL, NAME) VALUES (-2148,'image/jpg','FILESYSTEM','/img/product/01.005.0086/2desc.jpg','袋装康师傅笋干老鸭煲面');
INSERT INTO BLC_STATIC_ASSET (STATIC_ASSET_ID, MIME_TYPE, STORAGE_TYPE, FULL_URL, NAME) VALUES (-2147,'image/jpg','FILESYSTEM','/img/product/01.005.0087/2desc.jpg','袋装康师傅香辣牛肉面');
INSERT INTO BLC_STATIC_ASSET (STATIC_ASSET_ID, MIME_TYPE, STORAGE_TYPE, FULL_URL, NAME) VALUES (-2146,'image/jpg','FILESYSTEM','/img/product/01.005.0088/2desc.jpg','袋装康师傅红烧牛肉面');
INSERT INTO BLC_STATIC_ASSET (STATIC_ASSET_ID, MIME_TYPE, STORAGE_TYPE, FULL_URL, NAME) VALUES (-2145,'image/jpg','FILESYSTEM','/img/product/01.005.0089/2desc.jpg','康师傅香爆脆干脆面（烤羊肉串味）');
INSERT INTO BLC_STATIC_ASSET (STATIC_ASSET_ID, MIME_TYPE, STORAGE_TYPE, FULL_URL, NAME) VALUES (-2144,'image/jpg','FILESYSTEM','/img/product/01.005.0090/2desc.jpg','康师傅香爆脆干脆面（香葱鸡块味）');
INSERT INTO BLC_STATIC_ASSET (STATIC_ASSET_ID, MIME_TYPE, STORAGE_TYPE, FULL_URL, NAME) VALUES (-2143,'image/jpg','FILESYSTEM','/img/product/01.005.0091/2desc.jpg','康师傅香爆脆干脆面（蜜汁牛排味）');
INSERT INTO BLC_STATIC_ASSET (STATIC_ASSET_ID, MIME_TYPE, STORAGE_TYPE, FULL_URL, NAME) VALUES (-2142,'image/jpg','FILESYSTEM','/img/product/01.005.0092/2desc.jpg','康师傅香爆脆干脆面（蛋烤番茄味）');
INSERT INTO BLC_STATIC_ASSET (STATIC_ASSET_ID, MIME_TYPE, STORAGE_TYPE, FULL_URL, NAME) VALUES (-2141,'image/jpg','FILESYSTEM','/img/product/01.006.0093/2desc.jpg','康师傅香爆脆干脆面（巴西烤肉味）');
INSERT INTO BLC_STATIC_ASSET (STATIC_ASSET_ID, MIME_TYPE, STORAGE_TYPE, FULL_URL, NAME) VALUES (-2140,'image/jpg','FILESYSTEM','/img/product/01.006.0094/2desc.jpg','康师傅茉莉蜜茶');
INSERT INTO BLC_STATIC_ASSET (STATIC_ASSET_ID, MIME_TYPE, STORAGE_TYPE, FULL_URL, NAME) VALUES (-2139,'image/jpg','FILESYSTEM','/img/product/01.006.0095/2desc.jpg','康师傅茉莉清茶');
INSERT INTO BLC_STATIC_ASSET (STATIC_ASSET_ID, MIME_TYPE, STORAGE_TYPE, FULL_URL, NAME) VALUES (-2138,'image/jpg','FILESYSTEM','/img/product/01.006.0096/2desc.jpg','康师傅冰红茶');
INSERT INTO BLC_STATIC_ASSET (STATIC_ASSET_ID, MIME_TYPE, STORAGE_TYPE, FULL_URL, NAME) VALUES (-2137,'image/jpg','FILESYSTEM','/img/product/01.006.0097/2desc.jpg','康师傅酸枣汁');
INSERT INTO BLC_STATIC_ASSET (STATIC_ASSET_ID, MIME_TYPE, STORAGE_TYPE, FULL_URL, NAME) VALUES (-2136,'image/jpg','FILESYSTEM','/img/product/01.006.0098/2desc.jpg','康师傅酸梅汤');
INSERT INTO BLC_STATIC_ASSET (STATIC_ASSET_ID, MIME_TYPE, STORAGE_TYPE, FULL_URL, NAME) VALUES (-2135,'image/jpg','FILESYSTEM','/img/product/01.006.0099/2desc.jpg','康师傅鲜的每日C橙汁500ml');
INSERT INTO BLC_STATIC_ASSET (STATIC_ASSET_ID, MIME_TYPE, STORAGE_TYPE, FULL_URL, NAME) VALUES (-2134,'image/jpg','FILESYSTEM','/img/product/01.006.0100/2desc.jpg','红牛维生素功能饮料');
INSERT INTO BLC_STATIC_ASSET (STATIC_ASSET_ID, MIME_TYPE, STORAGE_TYPE, FULL_URL, NAME) VALUES (-2133,'image/jpg','FILESYSTEM','/img/product/01.007.0101/2desc.jpg','雀巢香滑咖啡180ml');
INSERT INTO BLC_STATIC_ASSET (STATIC_ASSET_ID, MIME_TYPE, STORAGE_TYPE, FULL_URL, NAME) VALUES (-2132,'image/jpg','FILESYSTEM','/img/product/01.007.0102/2desc.jpg','金大州香辣金针菇');
INSERT INTO BLC_STATIC_ASSET (STATIC_ASSET_ID, MIME_TYPE, STORAGE_TYPE, FULL_URL, NAME) VALUES (-2131,'image/jpg','FILESYSTEM','/img/product/01.007.0103/2desc.jpg','老爸豆腐干100g（卤辣味）');
INSERT INTO BLC_STATIC_ASSET (STATIC_ASSET_ID, MIME_TYPE, STORAGE_TYPE, FULL_URL, NAME) VALUES (-2130,'image/jpg','FILESYSTEM','/img/product/01.007.0104/2desc.jpg','老爸豆腐干100g（卤味）');
INSERT INTO BLC_STATIC_ASSET (STATIC_ASSET_ID, MIME_TYPE, STORAGE_TYPE, FULL_URL, NAME) VALUES (-2129,'image/jpg','FILESYSTEM','/img/product/01.007.0105/2desc.jpg','老爸豆腐干100g（肉汁味）');
INSERT INTO BLC_STATIC_ASSET (STATIC_ASSET_ID, MIME_TYPE, STORAGE_TYPE, FULL_URL, NAME) VALUES (-2128,'image/jpg','FILESYSTEM','/img/product/01.007.0106/2desc.jpg','老爸豆腐干100g（牛肉味）');
INSERT INTO BLC_STATIC_ASSET (STATIC_ASSET_ID, MIME_TYPE, STORAGE_TYPE, FULL_URL, NAME) VALUES (-2127,'image/jpg','FILESYSTEM','/img/product/01.007.0107/2desc.jpg','祖名虾米干');
INSERT INTO BLC_STATIC_ASSET (STATIC_ASSET_ID, MIME_TYPE, STORAGE_TYPE, FULL_URL, NAME) VALUES (-2126,'image/jpg','FILESYSTEM','/img/product/01.007.0108/2desc.jpg','祖名香逗干肉汁味100g');
INSERT INTO BLC_STATIC_ASSET (STATIC_ASSET_ID, MIME_TYPE, STORAGE_TYPE, FULL_URL, NAME) VALUES (-2125,'image/jpg','FILESYSTEM','/img/product/01.007.0109/2desc.jpg','祖名香逗干鸡汁味100g');
INSERT INTO BLC_STATIC_ASSET (STATIC_ASSET_ID, MIME_TYPE, STORAGE_TYPE, FULL_URL, NAME) VALUES (-2124,'image/jpg','FILESYSTEM','/img/product/01.007.0110/2desc.jpg','祖名香逗干麻辣味100g');
INSERT INTO BLC_STATIC_ASSET (STATIC_ASSET_ID, MIME_TYPE, STORAGE_TYPE, FULL_URL, NAME) VALUES (-2123,'image/jpg','FILESYSTEM','/img/product/01.007.0111/2desc.jpg','香菇肥牛牛肉味');
INSERT INTO BLC_STATIC_ASSET (STATIC_ASSET_ID, MIME_TYPE, STORAGE_TYPE, FULL_URL, NAME) VALUES (-2122,'image/jpg','FILESYSTEM','/img/product/01.007.0112/2desc.jpg','好又好酱鸭腿');
INSERT INTO BLC_STATIC_ASSET (STATIC_ASSET_ID, MIME_TYPE, STORAGE_TYPE, FULL_URL, NAME) VALUES (-2121,'image/jpg','FILESYSTEM','/img/product/01.007.0113/2desc.jpg','永健泡山椒凤爪');
INSERT INTO BLC_STATIC_ASSET (STATIC_ASSET_ID, MIME_TYPE, STORAGE_TYPE, FULL_URL, NAME) VALUES (-2120,'image/jpg','FILESYSTEM','/img/product/01.007.0114/2desc.jpg','老李五香翅');
INSERT INTO BLC_STATIC_ASSET (STATIC_ASSET_ID, MIME_TYPE, STORAGE_TYPE, FULL_URL, NAME) VALUES (-2119,'image/jpg','FILESYSTEM','/img/product/01.007.0115/2desc.jpg','老李五香干');
INSERT INTO BLC_STATIC_ASSET (STATIC_ASSET_ID, MIME_TYPE, STORAGE_TYPE, FULL_URL, NAME) VALUES (-2118,'image/jpg','FILESYSTEM','/img/product/01.007.0116/2desc.jpg','威益威劲辣鸭脖');
INSERT INTO BLC_STATIC_ASSET (STATIC_ASSET_ID, MIME_TYPE, STORAGE_TYPE, FULL_URL, NAME) VALUES (-2117,'image/jpg','FILESYSTEM','/img/product/01.007.0117/2desc.jpg','卫龙大面筋');
INSERT INTO BLC_STATIC_ASSET (STATIC_ASSET_ID, MIME_TYPE, STORAGE_TYPE, FULL_URL, NAME) VALUES (-2116,'image/jpg','FILESYSTEM','/img/product/01.007.0118/2desc.jpg','卫龙面筋');
INSERT INTO BLC_STATIC_ASSET (STATIC_ASSET_ID, MIME_TYPE, STORAGE_TYPE, FULL_URL, NAME) VALUES (-2115,'image/jpg','FILESYSTEM','/img/product/01.007.0119/2desc.jpg','乡巴佬鸡腿');
INSERT INTO BLC_STATIC_ASSET (STATIC_ASSET_ID, MIME_TYPE, STORAGE_TYPE, FULL_URL, NAME) VALUES (-2114,'image/jpg','FILESYSTEM','/img/product/01.007.0120/2desc.jpg','乡巴佬凤爪');
INSERT INTO BLC_STATIC_ASSET (STATIC_ASSET_ID, MIME_TYPE, STORAGE_TYPE, FULL_URL, NAME) VALUES (-2113,'image/jpg','FILESYSTEM','/img/product/01.007.0121/2desc.jpg','有友泡椒凤爪');
INSERT INTO BLC_STATIC_ASSET (STATIC_ASSET_ID, MIME_TYPE, STORAGE_TYPE, FULL_URL, NAME) VALUES (-2112,'image/jpg','FILESYSTEM','/img/product/01.007.0122/2desc.jpg','富贵阁北京烤鸭');
INSERT INTO BLC_STATIC_ASSET (STATIC_ASSET_ID, MIME_TYPE, STORAGE_TYPE, FULL_URL, NAME) VALUES (-2111,'image/jpg','FILESYSTEM','/img/product/01.007.0123/2desc.jpg','卫龙豆筋烧烤味');
INSERT INTO BLC_STATIC_ASSET (STATIC_ASSET_ID, MIME_TYPE, STORAGE_TYPE, FULL_URL, NAME) VALUES (-2110,'image/jpg','FILESYSTEM','/img/product/01.007.0124/2desc.jpg','怡冠园酒鬼鱼山椒味');
INSERT INTO BLC_STATIC_ASSET (STATIC_ASSET_ID, MIME_TYPE, STORAGE_TYPE, FULL_URL, NAME) VALUES (-2109,'image/jpg','FILESYSTEM','/img/product/01.007.0125/2desc.jpg','口留香相思卷');
INSERT INTO BLC_STATIC_ASSET (STATIC_ASSET_ID, MIME_TYPE, STORAGE_TYPE, FULL_URL, NAME) VALUES (-2108,'image/jpg','FILESYSTEM','/img/product/01.007.0126/2desc.jpg','乡巴佬晶凉松卤蛋');
INSERT INTO BLC_STATIC_ASSET (STATIC_ASSET_ID, MIME_TYPE, STORAGE_TYPE, FULL_URL, NAME) VALUES (-2107,'image/jpg','FILESYSTEM','/img/product/01.007.0127/2desc.jpg','八里香酥鸡腿');
INSERT INTO BLC_STATIC_ASSET (STATIC_ASSET_ID, MIME_TYPE, STORAGE_TYPE, FULL_URL, NAME) VALUES (-2106,'image/jpg','FILESYSTEM','/img/product/01.007.0128/2desc.jpg','老李五香腿');
INSERT INTO BLC_STATIC_ASSET (STATIC_ASSET_ID, MIME_TYPE, STORAGE_TYPE, FULL_URL, NAME) VALUES (-2105,'image/jpg','FILESYSTEM','/img/product/01.007.0129/2desc.jpg','馋嘴娃蒜香豆角干');
INSERT INTO BLC_STATIC_ASSET (STATIC_ASSET_ID, MIME_TYPE, STORAGE_TYPE, FULL_URL, NAME) VALUES (-2104,'image/jpg','FILESYSTEM','/img/product/01.007.0130/2desc.jpg','怡冠园红烧拉面条');
INSERT INTO BLC_STATIC_ASSET (STATIC_ASSET_ID, MIME_TYPE, STORAGE_TYPE, FULL_URL, NAME) VALUES (-2103,'image/jpg','FILESYSTEM','/img/product/01.007.0131/2desc.jpg','太阳岛鸡汁麻辣串');
INSERT INTO BLC_STATIC_ASSET (STATIC_ASSET_ID, MIME_TYPE, STORAGE_TYPE, FULL_URL, NAME) VALUES (-2102,'image/jpg','FILESYSTEM','/img/product/01.007.0132/2desc.jpg','口留乡香辣鱼仔');
INSERT INTO BLC_STATIC_ASSET (STATIC_ASSET_ID, MIME_TYPE, STORAGE_TYPE, FULL_URL, NAME) VALUES (-2101,'image/jpg','FILESYSTEM','/img/product/01.007.0133/2desc.jpg','味中香麻辣串');
INSERT INTO BLC_STATIC_ASSET (STATIC_ASSET_ID, MIME_TYPE, STORAGE_TYPE, FULL_URL, NAME) VALUES (-2100,'image/jpg','FILESYSTEM','/img/product/01.007.0134/2desc.jpg','腾哥日本多味鱼');
INSERT INTO BLC_STATIC_ASSET (STATIC_ASSET_ID, MIME_TYPE, STORAGE_TYPE, FULL_URL, NAME) VALUES (-2099,'image/jpg','FILESYSTEM','/img/product/01.007.0135/2desc.jpg','素味居烧烤土豆');
INSERT INTO BLC_STATIC_ASSET (STATIC_ASSET_ID, MIME_TYPE, STORAGE_TYPE, FULL_URL, NAME) VALUES (-2098,'image/jpg','FILESYSTEM','/img/product/01.008.0136/2desc.jpg','喜来香大酱鸭翅');
INSERT INTO BLC_STATIC_ASSET (STATIC_ASSET_ID, MIME_TYPE, STORAGE_TYPE, FULL_URL, NAME) VALUES (-2097,'image/jpg','FILESYSTEM','/img/product/01.008.0137/2desc.jpg','上好佳田园泡（玉米口味）');
INSERT INTO BLC_STATIC_ASSET (STATIC_ASSET_ID, MIME_TYPE, STORAGE_TYPE, FULL_URL, NAME) VALUES (-2096,'image/jpg','FILESYSTEM','/img/product/01.008.0138/2desc.jpg','上好佳粟米条45g(朱古力口味)');
INSERT INTO BLC_STATIC_ASSET (STATIC_ASSET_ID, MIME_TYPE, STORAGE_TYPE, FULL_URL, NAME) VALUES (-2095,'image/jpg','FILESYSTEM','/img/product/01.008.0139/2desc.jpg','上好佳玉米卷');
INSERT INTO BLC_STATIC_ASSET (STATIC_ASSET_ID, MIME_TYPE, STORAGE_TYPE, FULL_URL, NAME) VALUES (-2094,'image/jpg','FILESYSTEM','/img/product/01.008.0140/2desc.jpg','上好佳芝士条');
INSERT INTO BLC_STATIC_ASSET (STATIC_ASSET_ID, MIME_TYPE, STORAGE_TYPE, FULL_URL, NAME) VALUES (-2093,'image/jpg','FILESYSTEM','/img/product/01.008.0141/2desc.jpg','上好佳鲜虾条');
INSERT INTO BLC_STATIC_ASSET (STATIC_ASSET_ID, MIME_TYPE, STORAGE_TYPE, FULL_URL, NAME) VALUES (-2092,'image/jpg','FILESYSTEM','/img/product/01.008.0142/2desc.jpg','上好佳荷兰豆');
INSERT INTO BLC_STATIC_ASSET (STATIC_ASSET_ID, MIME_TYPE, STORAGE_TYPE, FULL_URL, NAME) VALUES (-2091,'image/jpg','FILESYSTEM','/img/product/01.008.0143/2desc.jpg','上好佳鲜虾片');
INSERT INTO BLC_STATIC_ASSET (STATIC_ASSET_ID, MIME_TYPE, STORAGE_TYPE, FULL_URL, NAME) VALUES (-2090,'image/jpg','FILESYSTEM','/img/product/01.008.0144/2desc.jpg','上好佳粟米条(草莓口味)');
INSERT INTO BLC_STATIC_ASSET (STATIC_ASSET_ID, MIME_TYPE, STORAGE_TYPE, FULL_URL, NAME) VALUES (-2089,'image/jpg','FILESYSTEM','/img/product/01.008.0145/2desc.jpg','上好佳玉米花(果仁奶油)');
INSERT INTO BLC_STATIC_ASSET (STATIC_ASSET_ID, MIME_TYPE, STORAGE_TYPE, FULL_URL, NAME) VALUES (-2088,'image/jpg','FILESYSTEM','/img/product/01.008.0146/2desc.jpg','上好佳洋葱圈');
INSERT INTO BLC_STATIC_ASSET (STATIC_ASSET_ID, MIME_TYPE, STORAGE_TYPE, FULL_URL, NAME) VALUES (-2087,'image/jpg','FILESYSTEM','/img/product/01.008.0147/2desc.jpg','上好佳田园泡(玉米口味)');
INSERT INTO BLC_STATIC_ASSET (STATIC_ASSET_ID, MIME_TYPE, STORAGE_TYPE, FULL_URL, NAME) VALUES (-2086,'image/jpg','FILESYSTEM','/img/product/01.008.0148/2desc.jpg','上好佳玉米卷');
INSERT INTO BLC_STATIC_ASSET (STATIC_ASSET_ID, MIME_TYPE, STORAGE_TYPE, FULL_URL, NAME) VALUES (-2085,'image/jpg','FILESYSTEM','/img/product/01.008.0149/2desc.jpg','上好佳洋葱圈');
INSERT INTO BLC_STATIC_ASSET (STATIC_ASSET_ID, MIME_TYPE, STORAGE_TYPE, FULL_URL, NAME) VALUES (-2084,'image/jpg','FILESYSTEM','/img/product/01.008.0150/2desc.jpg','上好佳荷兰豆');
INSERT INTO BLC_STATIC_ASSET (STATIC_ASSET_ID, MIME_TYPE, STORAGE_TYPE, FULL_URL, NAME) VALUES (-2083,'image/jpg','FILESYSTEM','/img/product/01.008.0151/2desc.jpg','上好佳鲜虾片15g');
INSERT INTO BLC_STATIC_ASSET (STATIC_ASSET_ID, MIME_TYPE, STORAGE_TYPE, FULL_URL, NAME) VALUES (-2082,'image/jpg','FILESYSTEM','/img/product/01.008.0152/2desc.jpg','好丽友呀！土豆番茄酱味');
INSERT INTO BLC_STATIC_ASSET (STATIC_ASSET_ID, MIME_TYPE, STORAGE_TYPE, FULL_URL, NAME) VALUES (-2081,'image/jpg','FILESYSTEM','/img/product/01.008.0153/2desc.jpg','好丽友呀！土豆烤鸡比萨味40g');
INSERT INTO BLC_STATIC_ASSET (STATIC_ASSET_ID, MIME_TYPE, STORAGE_TYPE, FULL_URL, NAME) VALUES (-2080,'image/jpg','FILESYSTEM','/img/product/01.008.0154/2desc.jpg','好丽友呀！土豆里脊牛排味40g');
INSERT INTO BLC_STATIC_ASSET (STATIC_ASSET_ID, MIME_TYPE, STORAGE_TYPE, FULL_URL, NAME) VALUES (-2079,'image/jpg','FILESYSTEM','/img/product/01.008.0155/2desc.jpg','正宗咪咪虾条');
INSERT INTO BLC_STATIC_ASSET (STATIC_ASSET_ID, MIME_TYPE, STORAGE_TYPE, FULL_URL, NAME) VALUES (-2078,'image/jpg','FILESYSTEM','/img/product/01.008.0156/2desc.jpg','咪咪蟹味');
INSERT INTO BLC_STATIC_ASSET (STATIC_ASSET_ID, MIME_TYPE, STORAGE_TYPE, FULL_URL, NAME) VALUES (-2077,'image/jpg','FILESYSTEM','/img/product/01.008.0157/2desc.jpg','狗牙儿加蛋锅巴');
INSERT INTO BLC_STATIC_ASSET (STATIC_ASSET_ID, MIME_TYPE, STORAGE_TYPE, FULL_URL, NAME) VALUES (-2076,'image/jpg','FILESYSTEM','/img/product/01.008.0158/2desc.jpg','乐事黄瓜味薯片');
INSERT INTO BLC_STATIC_ASSET (STATIC_ASSET_ID, MIME_TYPE, STORAGE_TYPE, FULL_URL, NAME) VALUES (-2075,'image/jpg','FILESYSTEM','/img/product/01.008.0159/2desc.jpg','乐事鸡汁番茄味薯片');
INSERT INTO BLC_STATIC_ASSET (STATIC_ASSET_ID, MIME_TYPE, STORAGE_TYPE, FULL_URL, NAME) VALUES (-2074,'image/jpg','FILESYSTEM','/img/product/01.008.0160/2desc.jpg','乐事墨西哥鸡汁番茄味薯片');
INSERT INTO BLC_STATIC_ASSET (STATIC_ASSET_ID, MIME_TYPE, STORAGE_TYPE, FULL_URL, NAME) VALUES (-2073,'image/jpg','FILESYSTEM','/img/product/01.008.0161/2desc.jpg','乐事德克萨斯烧烤味薯片');
INSERT INTO BLC_STATIC_ASSET (STATIC_ASSET_ID, MIME_TYPE, STORAGE_TYPE, FULL_URL, NAME) VALUES (-2072,'image/jpg','FILESYSTEM','/img/product/01.008.0162/2desc.jpg','乐事牛仔骨味薯片');
INSERT INTO BLC_STATIC_ASSET (STATIC_ASSET_ID, MIME_TYPE, STORAGE_TYPE, FULL_URL, NAME) VALUES (-2071,'image/jpg','FILESYSTEM','/img/product/01.008.0163/2desc.jpg','乐事原味薯片');
INSERT INTO BLC_STATIC_ASSET (STATIC_ASSET_ID, MIME_TYPE, STORAGE_TYPE, FULL_URL, NAME) VALUES (-2070,'image/jpg','FILESYSTEM','/img/product/01.009.0164/2desc.jpg','乐事秘制酸汤鱼味薯片');
INSERT INTO BLC_STATIC_ASSET (STATIC_ASSET_ID, MIME_TYPE, STORAGE_TYPE, FULL_URL, NAME) VALUES (-2069,'image/jpg','FILESYSTEM','/img/product/01.009.0165/2desc.jpg','双汇王中王火腿肠');
INSERT INTO BLC_STATIC_ASSET (STATIC_ASSET_ID, MIME_TYPE, STORAGE_TYPE, FULL_URL, NAME) VALUES (-2068,'image/jpg','FILESYSTEM','/img/product/01.009.0166/2desc.jpg','双汇香辣香脆肠');
INSERT INTO BLC_STATIC_ASSET (STATIC_ASSET_ID, MIME_TYPE, STORAGE_TYPE, FULL_URL, NAME) VALUES (-2067,'image/jpg','FILESYSTEM','/img/product/01.009.0167/2desc.jpg','双汇泡面搭档香肠');
INSERT INTO BLC_STATIC_ASSET (STATIC_ASSET_ID, MIME_TYPE, STORAGE_TYPE, FULL_URL, NAME) VALUES (-2066,'image/jpg','FILESYSTEM','/img/product/01.009.0168/2desc.jpg','双汇台式烤香肠(原味)');
INSERT INTO BLC_STATIC_ASSET (STATIC_ASSET_ID, MIME_TYPE, STORAGE_TYPE, FULL_URL, NAME) VALUES (-2065,'image/jpg','FILESYSTEM','/img/product/01.009.0169/2desc.jpg','双汇台式烤香肠（香辣味）');
INSERT INTO BLC_STATIC_ASSET (STATIC_ASSET_ID, MIME_TYPE, STORAGE_TYPE, FULL_URL, NAME) VALUES (-2064,'image/jpg','FILESYSTEM','/img/product/01.009.0170/2desc.jpg','双汇Q趣蘑菇风味香肠');
INSERT INTO BLC_STATIC_ASSET (STATIC_ASSET_ID, MIME_TYPE, STORAGE_TYPE, FULL_URL, NAME) VALUES (-2063,'image/jpg','FILESYSTEM','/img/product/01.010.0171/2desc.jpg','双汇Q趣香辣风味香肠');
INSERT INTO BLC_STATIC_ASSET (STATIC_ASSET_ID, MIME_TYPE, STORAGE_TYPE, FULL_URL, NAME) VALUES (-2062,'image/jpg','FILESYSTEM','/img/product/01.010.0172/2desc.jpg','华味亨冰糖杨梅');
INSERT INTO BLC_STATIC_ASSET (STATIC_ASSET_ID, MIME_TYPE, STORAGE_TYPE, FULL_URL, NAME) VALUES (-2061,'image/jpg','FILESYSTEM','/img/product/01.010.0173/2desc.jpg','华味亨新疆葡萄干');
INSERT INTO BLC_STATIC_ASSET (STATIC_ASSET_ID, MIME_TYPE, STORAGE_TYPE, FULL_URL, NAME) VALUES (-2060,'image/jpg','FILESYSTEM','/img/product/01.010.0174/2desc.jpg','华味亨吃不厌桃肉');
INSERT INTO BLC_STATIC_ASSET (STATIC_ASSET_ID, MIME_TYPE, STORAGE_TYPE, FULL_URL, NAME) VALUES (-2059,'image/jpg','FILESYSTEM','/img/product/01.010.0175/2desc.jpg','华味亨话梅条');
INSERT INTO BLC_STATIC_ASSET (STATIC_ASSET_ID, MIME_TYPE, STORAGE_TYPE, FULL_URL, NAME) VALUES (-2058,'image/jpg','FILESYSTEM','/img/product/01.010.0176/2desc.jpg','华味亨小姐梅');
INSERT INTO BLC_STATIC_ASSET (STATIC_ASSET_ID, MIME_TYPE, STORAGE_TYPE, FULL_URL, NAME) VALUES (-2057,'image/jpg','FILESYSTEM','/img/product/01.010.0177/2desc.jpg','华味亨盐津提子108g');
INSERT INTO BLC_STATIC_ASSET (STATIC_ASSET_ID, MIME_TYPE, STORAGE_TYPE, FULL_URL, NAME) VALUES (-2056,'image/jpg','FILESYSTEM','/img/product/01.010.0178/2desc.jpg','华味亨野乌梅');
INSERT INTO BLC_STATIC_ASSET (STATIC_ASSET_ID, MIME_TYPE, STORAGE_TYPE, FULL_URL, NAME) VALUES (-2055,'image/jpg','FILESYSTEM','/img/product/01.010.0179/2desc.jpg','华味亨吃不厌话梅');
INSERT INTO BLC_STATIC_ASSET (STATIC_ASSET_ID, MIME_TYPE, STORAGE_TYPE, FULL_URL, NAME) VALUES (-2054,'image/jpg','FILESYSTEM','/img/product/01.010.0180/2desc.jpg','华味亨九制杨梅');
INSERT INTO BLC_STATIC_ASSET (STATIC_ASSET_ID, MIME_TYPE, STORAGE_TYPE, FULL_URL, NAME) VALUES (-2053,'image/jpg','FILESYSTEM','/img/product/01.010.0181/2desc.jpg','森茂精品阿胶枣');
INSERT INTO BLC_STATIC_ASSET (STATIC_ASSET_ID, MIME_TYPE, STORAGE_TYPE, FULL_URL, NAME) VALUES (-2052,'image/jpg','FILESYSTEM','/img/product/01.011.0182/2desc.jpg','集味果阿胶枣');
INSERT INTO BLC_STATIC_ASSET (STATIC_ASSET_ID, MIME_TYPE, STORAGE_TYPE, FULL_URL, NAME) VALUES (-2051,'image/jpg','FILESYSTEM','/img/product/01.011.0183/2desc.jpg','阿尔卑斯棒棒糖高级牛奶味');
INSERT INTO BLC_STATIC_ASSET (STATIC_ASSET_ID, MIME_TYPE, STORAGE_TYPE, FULL_URL, NAME) VALUES (-2050,'image/jpg','FILESYSTEM','/img/product/01.011.0184/2desc.jpg','阿尔卑斯棒棒糖香橙牛奶味');
INSERT INTO BLC_STATIC_ASSET (STATIC_ASSET_ID, MIME_TYPE, STORAGE_TYPE, FULL_URL, NAME) VALUES (-2049,'image/jpg','FILESYSTEM','/img/product/01.011.0185/2desc.jpg','阿尔卑斯棒棒糖荔枝牛奶味');
INSERT INTO BLC_STATIC_ASSET (STATIC_ASSET_ID, MIME_TYPE, STORAGE_TYPE, FULL_URL, NAME) VALUES (-2048,'image/jpg','FILESYSTEM','/img/product/01.011.0186/2desc.jpg','阿尔卑斯棒棒糖草莓牛奶味');
INSERT INTO BLC_STATIC_ASSET (STATIC_ASSET_ID, MIME_TYPE, STORAGE_TYPE, FULL_URL, NAME) VALUES (-2047,'image/jpg','FILESYSTEM','/img/product/01.011.0187/2desc.jpg','阿尔卑斯棒棒糖香草可乐味');
INSERT INTO BLC_STATIC_ASSET (STATIC_ASSET_ID, MIME_TYPE, STORAGE_TYPE, FULL_URL, NAME) VALUES (-2046,'image/jpg','FILESYSTEM','/img/product/01.011.0188/2desc.jpg','荷氏（特强）薄荷糖');
INSERT INTO BLC_STATIC_ASSET (STATIC_ASSET_ID, MIME_TYPE, STORAGE_TYPE, FULL_URL, NAME) VALUES (-2045,'image/jpg','FILESYSTEM','/img/product/01.011.0189/2desc.jpg','荷氏（蓝莓口味）薄荷糖');
INSERT INTO BLC_STATIC_ASSET (STATIC_ASSET_ID, MIME_TYPE, STORAGE_TYPE, FULL_URL, NAME) VALUES (-2044,'image/jpg','FILESYSTEM','/img/product/01.011.0190/2desc.jpg','怡口莲（原味）');
INSERT INTO BLC_STATIC_ASSET (STATIC_ASSET_ID, MIME_TYPE, STORAGE_TYPE, FULL_URL, NAME) VALUES (-2043,'image/jpg','FILESYSTEM','/img/product/01.011.0191/2desc.jpg','旺仔QQ糖香橙味');
INSERT INTO BLC_STATIC_ASSET (STATIC_ASSET_ID, MIME_TYPE, STORAGE_TYPE, FULL_URL, NAME) VALUES (-2042,'image/jpg','FILESYSTEM','/img/product/01.011.0192/2desc.jpg','旺仔QQ糖蓝莓味');
INSERT INTO BLC_STATIC_ASSET (STATIC_ASSET_ID, MIME_TYPE, STORAGE_TYPE, FULL_URL, NAME) VALUES (-2041,'image/jpg','FILESYSTEM','/img/product/01.011.0193/2desc.jpg','旺仔QQ糖水蜜桃味');
INSERT INTO BLC_STATIC_ASSET (STATIC_ASSET_ID, MIME_TYPE, STORAGE_TYPE, FULL_URL, NAME) VALUES (-2040,'image/jpg','FILESYSTEM','/img/product/01.013.0194/2desc.jpg','旺仔QQ糖草莓味');
INSERT INTO BLC_STATIC_ASSET (STATIC_ASSET_ID, MIME_TYPE, STORAGE_TYPE, FULL_URL, NAME) VALUES (-2039,'image/jpg','FILESYSTEM','/img/product/01.008.0195/2desc.jpg','明怡香耳朵');
INSERT INTO BLC_STATIC_ASSET (STATIC_ASSET_ID, MIME_TYPE, STORAGE_TYPE, FULL_URL, NAME) VALUES (-2038,'image/jpg','FILESYSTEM','/img/product/01.013.0196/2desc.jpg','口水娃兰花豆酱汁牛肉味');
INSERT INTO BLC_STATIC_ASSET (STATIC_ASSET_ID, MIME_TYPE, STORAGE_TYPE, FULL_URL, NAME) VALUES (-2037,'image/jpg','FILESYSTEM','/img/product/01.013.0197/2desc.jpg','大好大奶油味香瓜子');
INSERT INTO BLC_STATIC_ASSET (STATIC_ASSET_ID, MIME_TYPE, STORAGE_TYPE, FULL_URL, NAME) VALUES (-2036,'image/jpg','FILESYSTEM','/img/product/01.013.0198/2desc.jpg','大好大奶油味香瓜子');
INSERT INTO BLC_STATIC_ASSET (STATIC_ASSET_ID, MIME_TYPE, STORAGE_TYPE, FULL_URL, NAME) VALUES (-2035,'image/jpg','FILESYSTEM','/img/product/01.013.0199/2desc.jpg','洽洽香瓜子（百煮入味）');
INSERT INTO BLC_STATIC_ASSET (STATIC_ASSET_ID, MIME_TYPE, STORAGE_TYPE, FULL_URL, NAME) VALUES (-2034,'image/jpg','FILESYSTEM','/img/product/01.013.0200/2desc.jpg','喜之郎果肉果冻200g(什锦)');
INSERT INTO BLC_STATIC_ASSET (STATIC_ASSET_ID, MIME_TYPE, STORAGE_TYPE, FULL_URL, NAME) VALUES (-2033,'image/jpg','FILESYSTEM','/img/product/01.013.0201/2desc.jpg','喜之郎果肉果冻200g(黄桃&蜜桃)');
INSERT INTO BLC_STATIC_ASSET (STATIC_ASSET_ID, MIME_TYPE, STORAGE_TYPE, FULL_URL, NAME) VALUES (-2032,'image/jpg','FILESYSTEM','/img/product/01.013.0202/2desc.jpg','喜之郎果冻（草莓味）');
INSERT INTO BLC_STATIC_ASSET (STATIC_ASSET_ID, MIME_TYPE, STORAGE_TYPE, FULL_URL, NAME) VALUES (-2031,'image/jpg','FILESYSTEM','/img/product/01.013.0203/2desc.jpg','喜之郎果冻（苹果味）');
INSERT INTO BLC_STATIC_ASSET (STATIC_ASSET_ID, MIME_TYPE, STORAGE_TYPE, FULL_URL, NAME) VALUES (-2030,'image/jpg','FILESYSTEM','/img/product/01.013.0204/2desc.jpg','喜之郎果冻（香橙味）');
INSERT INTO BLC_STATIC_ASSET (STATIC_ASSET_ID, MIME_TYPE, STORAGE_TYPE, FULL_URL, NAME) VALUES (-2029,'image/jpg','FILESYSTEM','/img/product/01.013.0205/2desc.jpg','喜之郎美好时光海苔原味');
INSERT INTO BLC_STATIC_ASSET (STATIC_ASSET_ID, MIME_TYPE, STORAGE_TYPE, FULL_URL, NAME) VALUES (-2028,'image/jpg','FILESYSTEM','/img/product/01.013.0206/2desc.jpg','老厨沙嗲牛肉');
INSERT INTO BLC_STATIC_ASSET (STATIC_ASSET_ID, MIME_TYPE, STORAGE_TYPE, FULL_URL, NAME) VALUES (-2027,'image/jpg','FILESYSTEM','/img/product/01.013.0207/2desc.jpg','老厨五香牛肉');
INSERT INTO BLC_STATIC_ASSET (STATIC_ASSET_ID, MIME_TYPE, STORAGE_TYPE, FULL_URL, NAME) VALUES (-2026,'image/jpg','FILESYSTEM','/img/product/01.013.0208/2desc.jpg','旺旺小馒头');
INSERT INTO BLC_STATIC_ASSET (STATIC_ASSET_ID, MIME_TYPE, STORAGE_TYPE, FULL_URL, NAME) VALUES (-2025,'image/jpg','FILESYSTEM','/img/product/01.008.0209/2desc.jpg','香QQ蒜香青豆');
INSERT INTO BLC_STATIC_ASSET (STATIC_ASSET_ID, MIME_TYPE, STORAGE_TYPE, FULL_URL, NAME) VALUES (-2024,'image/jpg','FILESYSTEM','/img/product/01.013.0210/2desc.jpg','世丰煎豆');
INSERT INTO BLC_STATIC_ASSET (STATIC_ASSET_ID, MIME_TYPE, STORAGE_TYPE, FULL_URL, NAME) VALUES (-2023,'image/jpg','FILESYSTEM','/img/product/01.013.0211/2desc.jpg','惠盈鱿鱼丝');
INSERT INTO BLC_STATIC_ASSET (STATIC_ASSET_ID, MIME_TYPE, STORAGE_TYPE, FULL_URL, NAME) VALUES (-2022,'image/jpg','FILESYSTEM','/img/product/01.013.0212/2desc.jpg','伊利牛奶片草莓味（板）');
INSERT INTO BLC_STATIC_ASSET (STATIC_ASSET_ID, MIME_TYPE, STORAGE_TYPE, FULL_URL, NAME) VALUES (-2021,'image/jpg','FILESYSTEM','/img/product/01.013.0213/2desc.jpg','伊利牛奶片原味（板）');
INSERT INTO BLC_STATIC_ASSET (STATIC_ASSET_ID, MIME_TYPE, STORAGE_TYPE, FULL_URL, NAME) VALUES (-2020,'image/jpg','FILESYSTEM','/img/product/01.013.0214/2desc.jpg','伊利牛奶片巧克力（板）');
INSERT INTO BLC_STATIC_ASSET (STATIC_ASSET_ID, MIME_TYPE, STORAGE_TYPE, FULL_URL, NAME) VALUES (-2019,'image/jpg','FILESYSTEM','/img/product/01.013.0215/2desc.jpg','老奶奶花生米五香味');
INSERT INTO BLC_STATIC_ASSET (STATIC_ASSET_ID, MIME_TYPE, STORAGE_TYPE, FULL_URL, NAME) VALUES (-2018,'image/jpg','FILESYSTEM','/img/product/01.013.0216/2desc.jpg','老奶奶花生米油炸味');
INSERT INTO BLC_STATIC_ASSET (STATIC_ASSET_ID, MIME_TYPE, STORAGE_TYPE, FULL_URL, NAME) VALUES (-2017,'image/jpg','FILESYSTEM','/img/product/01.013.0217/2desc.jpg','金鲤桥开心果香辣味');
INSERT INTO BLC_STATIC_ASSET (STATIC_ASSET_ID, MIME_TYPE, STORAGE_TYPE, FULL_URL, NAME) VALUES (-2016,'image/jpg','FILESYSTEM','/img/product/01.013.0218/2desc.jpg','雅利辉黄金蟹钳');
INSERT INTO BLC_STATIC_ASSET (STATIC_ASSET_ID, MIME_TYPE, STORAGE_TYPE, FULL_URL, NAME) VALUES (-2015,'image/jpg','FILESYSTEM','/img/product/01.013.0219/2desc.jpg','洽洽香瓜子（百煮入味）');
INSERT INTO BLC_STATIC_ASSET (STATIC_ASSET_ID, MIME_TYPE, STORAGE_TYPE, FULL_URL, NAME) VALUES (-2014,'image/jpg','FILESYSTEM','/img/product/01.013.0220/2desc.jpg','成心开心豆');
INSERT INTO BLC_STATIC_ASSET (STATIC_ASSET_ID, MIME_TYPE, STORAGE_TYPE, FULL_URL, NAME) VALUES (-2013,'image/jpg','FILESYSTEM','/img/product/01.013.0221/2desc.jpg','华芳果丹皮');
INSERT INTO BLC_STATIC_ASSET (STATIC_ASSET_ID, MIME_TYPE, STORAGE_TYPE, FULL_URL, NAME) VALUES (-2012,'image/jpg','FILESYSTEM','/img/product/01.013.0222/2desc.jpg','华芳山楂棒');
INSERT INTO BLC_STATIC_ASSET (STATIC_ASSET_ID, MIME_TYPE, STORAGE_TYPE, FULL_URL, NAME) VALUES (-2011,'image/jpg','FILESYSTEM','/img/product/01.013.0223/2desc.jpg','小王子麦烧咸味');
INSERT INTO BLC_STATIC_ASSET (STATIC_ASSET_ID, MIME_TYPE, STORAGE_TYPE, FULL_URL, NAME) VALUES (-2010,'image/jpg','FILESYSTEM','/img/product/01.013.0224/2desc.jpg','小王子麦烧葱油味');
INSERT INTO BLC_STATIC_ASSET (STATIC_ASSET_ID, MIME_TYPE, STORAGE_TYPE, FULL_URL, NAME) VALUES (-2009,'image/jpg','FILESYSTEM','/img/product/01.013.0225/2desc.jpg','小王子麦烧麻香味');
INSERT INTO BLC_STATIC_ASSET (STATIC_ASSET_ID, MIME_TYPE, STORAGE_TYPE, FULL_URL, NAME) VALUES (-2008,'image/jpg','FILESYSTEM','/img/product/01.014.0226/2desc.jpg','食滋源客家小年糕（香芋味）');
INSERT INTO BLC_STATIC_ASSET (STATIC_ASSET_ID, MIME_TYPE, STORAGE_TYPE, FULL_URL, NAME) VALUES (-2007,'image/jpg','FILESYSTEM','/img/product/01.014.0227/2desc.jpg','绿箭口香糖5片装(柠檬草薄荷味)');
INSERT INTO BLC_STATIC_ASSET (STATIC_ASSET_ID, MIME_TYPE, STORAGE_TYPE, FULL_URL, NAME) VALUES (-2006,'image/jpg','FILESYSTEM','/img/product/01.014.0228/2desc.jpg','炫迈（薄荷无糖口香糖');
INSERT INTO BLC_STATIC_ASSET (STATIC_ASSET_ID, MIME_TYPE, STORAGE_TYPE, FULL_URL, NAME) VALUES (-2005,'image/jpg','FILESYSTEM','/img/product/01.014.0229/2desc.jpg','炫迈(水蜜桃西瓜味)无糖口香糖');
INSERT INTO BLC_STATIC_ASSET (STATIC_ASSET_ID, MIME_TYPE, STORAGE_TYPE, FULL_URL, NAME) VALUES (-2004,'image/jpg','FILESYSTEM','/img/product/01.014.0230/2desc.jpg','益达洁白无糖口香糖56g(香橙薄荷味)');
INSERT INTO BLC_STATIC_ASSET (STATIC_ASSET_ID, MIME_TYPE, STORAGE_TYPE, FULL_URL, NAME) VALUES (-2003,'image/jpg','FILESYSTEM','/img/product/01.014.0231/2desc.jpg','益达无糖口香糖（冰凉薄荷味）');
INSERT INTO BLC_STATIC_ASSET (STATIC_ASSET_ID, MIME_TYPE, STORAGE_TYPE, FULL_URL, NAME) VALUES (-2002,'image/jpg','FILESYSTEM','/img/product/01.015.0232/2desc.jpg','益达木糖醇蜜瓜味56g');
INSERT INTO BLC_STATIC_ASSET (STATIC_ASSET_ID, MIME_TYPE, STORAGE_TYPE, FULL_URL, NAME) VALUES (-2001,'image/jpg','FILESYSTEM','/img/product/01.015.0233/2desc.jpg','雪花啤酒(淡爽）');
INSERT INTO BLC_STATIC_ASSET (STATIC_ASSET_ID, MIME_TYPE, STORAGE_TYPE, FULL_URL, NAME) VALUES (-2000,'image/jpg','FILESYSTEM','/img/product/2desc.jpg','纯生啤酒');



















INSERT INTO BLC_MEDIA (MEDIA_ID, URL, TITLE, ALT_TEXT) VALUES (-3232,'/cmsstatic/img/product/01.001.0001/3desc.jpg','奥利奥原味夹心饼干','alt2');
INSERT INTO BLC_MEDIA (MEDIA_ID, URL, TITLE, ALT_TEXT) VALUES (-3231,'/cmsstatic/img/product/01.001.0002/3desc.jpg','奥利奥巧克力味夹心','alt2');
INSERT INTO BLC_MEDIA (MEDIA_ID, URL, TITLE, ALT_TEXT) VALUES (-3230,'/cmsstatic/img/product/01.001.0003/3desc.jpg','奥利奥草莓味夹心','alt2');
INSERT INTO BLC_MEDIA (MEDIA_ID, URL, TITLE, ALT_TEXT) VALUES (-3229,'/cmsstatic/img/product/01.001.0004/3desc.jpg','奥利奥原味夹心','alt2');
INSERT INTO BLC_MEDIA (MEDIA_ID, URL, TITLE, ALT_TEXT) VALUES (-3228,'/cmsstatic/img/product/01.001.0005/3desc.jpg','奥利奥巧克力夹心','alt2');
INSERT INTO BLC_MEDIA (MEDIA_ID, URL, TITLE, ALT_TEXT) VALUES (-3227,'/cmsstatic/img/product/01.001.0006/3desc.jpg','奥利奥威化原味夹心','alt2');
INSERT INTO BLC_MEDIA (MEDIA_ID, URL, TITLE, ALT_TEXT) VALUES (-3226,'/cmsstatic/img/product/01.001.0007/3desc.jpg','奥利奥原味巧克力棒随心装','alt2');
INSERT INTO BLC_MEDIA (MEDIA_ID, URL, TITLE, ALT_TEXT) VALUES (-3225,'/cmsstatic/img/product/01.001.0008/3desc.jpg','奥利奥牛奶巧克力棒随心装','alt2');
INSERT INTO BLC_MEDIA (MEDIA_ID, URL, TITLE, ALT_TEXT) VALUES (-3224,'/cmsstatic/img/product/01.001.0009/3desc.jpg','奥利奥金装巧克力味','alt2');
INSERT INTO BLC_MEDIA (MEDIA_ID, URL, TITLE, ALT_TEXT) VALUES (-3223,'/cmsstatic/img/product/01.001.0010/3desc.jpg','趣多多经典巧克力原味','alt2');
INSERT INTO BLC_MEDIA (MEDIA_ID, URL, TITLE, ALT_TEXT) VALUES (-3222,'/cmsstatic/img/product/01.001.0011/3desc.jpg','趣多多缤纷曲奇饼巧克力味','alt2');
INSERT INTO BLC_MEDIA (MEDIA_ID, URL, TITLE, ALT_TEXT) VALUES (-3221,'/cmsstatic/img/product/01.001.0012/3desc.jpg','趣多多大块巧克力曲奇饼干（咖啡味）','alt2');
INSERT INTO BLC_MEDIA (MEDIA_ID, URL, TITLE, ALT_TEXT) VALUES (-3220,'/cmsstatic/img/product/01.001.0013/3desc.jpg','趣多多软式甜饼经典巧克力原味','alt2');
INSERT INTO BLC_MEDIA (MEDIA_ID, URL, TITLE, ALT_TEXT) VALUES (-3219,'/cmsstatic/img/product/01.001.0014/3desc.jpg','优冠牛奶香脆（纯正牛奶）','alt2');
INSERT INTO BLC_MEDIA (MEDIA_ID, URL, TITLE, ALT_TEXT) VALUES (-3218,'/cmsstatic/img/product/01.001.0015/3desc.jpg','优冠牛奶特浓夹心（香浓夹心）','alt2');
INSERT INTO BLC_MEDIA (MEDIA_ID, URL, TITLE, ALT_TEXT) VALUES (-3217,'/cmsstatic/img/product/01.001.0016/3desc.jpg','优冠牛奶特浓夹心（香滑巧克力）','alt2');
INSERT INTO BLC_MEDIA (MEDIA_ID, URL, TITLE, ALT_TEXT) VALUES (-3216,'/cmsstatic/img/product/01.001.0017/3desc.jpg','优冠牛奶特浓夹心（香酥蛋黄）','alt2');
INSERT INTO BLC_MEDIA (MEDIA_ID, URL, TITLE, ALT_TEXT) VALUES (-3215,'/cmsstatic/img/product/01.001.0018/3desc.jpg','王子曲奇星（香浓巧克力）','alt2');
INSERT INTO BLC_MEDIA (MEDIA_ID, URL, TITLE, ALT_TEXT) VALUES (-3214,'/cmsstatic/img/product/01.001.0019/3desc.jpg','太平梳打（香葱味）','alt2');
INSERT INTO BLC_MEDIA (MEDIA_ID, URL, TITLE, ALT_TEXT) VALUES (-3213,'/cmsstatic/img/product/01.001.0020/3desc.jpg','太平梳打（奶盐味）','alt2');
INSERT INTO BLC_MEDIA (MEDIA_ID, URL, TITLE, ALT_TEXT) VALUES (-3212,'/cmsstatic/img/product/01.001.0021/3desc.jpg','闲趣（自然清威原味）','alt2');
INSERT INTO BLC_MEDIA (MEDIA_ID, URL, TITLE, ALT_TEXT) VALUES (-3211,'/cmsstatic/img/product/01.001.0022/3desc.jpg','闲趣（田园番茄味）','alt2');
INSERT INTO BLC_MEDIA (MEDIA_ID, URL, TITLE, ALT_TEXT) VALUES (-3210,'/cmsstatic/img/product/01.001.0023/3desc.jpg','闲趣（秘制小牛排味）','alt2');
INSERT INTO BLC_MEDIA (MEDIA_ID, URL, TITLE, ALT_TEXT) VALUES (-3209,'/cmsstatic/img/product/01.001.0024/3desc.jpg','康师傅3+2苏打夹心饼干(香浓奶油味)','alt2');
INSERT INTO BLC_MEDIA (MEDIA_ID, URL, TITLE, ALT_TEXT) VALUES (-3208,'/cmsstatic/img/product/01.001.0025/3desc.jpg','康师傅3+2苏打夹心饼干(香草巧克力味)','alt2');
INSERT INTO BLC_MEDIA (MEDIA_ID, URL, TITLE, ALT_TEXT) VALUES (-3207,'/cmsstatic/img/product/01.001.0026/3desc.jpg','康师傅3+2苏打夹心饼干(抹茶蜜豆味)','alt2');
INSERT INTO BLC_MEDIA (MEDIA_ID, URL, TITLE, ALT_TEXT) VALUES (-3206,'/cmsstatic/img/product/01.004.0027/3desc.jpg','徐福记松软蛋酥沙琪玛迷你包','alt2');
INSERT INTO BLC_MEDIA (MEDIA_ID, URL, TITLE, ALT_TEXT) VALUES (-3205,'/cmsstatic/img/product/01.001.0028/3desc.jpg','康师傅美味酥什锦烧烤味','alt2');
INSERT INTO BLC_MEDIA (MEDIA_ID, URL, TITLE, ALT_TEXT) VALUES (-3204,'/cmsstatic/img/product/01.001.0029/3desc.jpg','康师傅美味酥黑胡椒牛排味','alt2');
INSERT INTO BLC_MEDIA (MEDIA_ID, URL, TITLE, ALT_TEXT) VALUES (-3203,'/cmsstatic/img/product/01.001.0030/3desc.jpg','康师傅美味酥点点葱香味','alt2');
INSERT INTO BLC_MEDIA (MEDIA_ID, URL, TITLE, ALT_TEXT) VALUES (-3202,'/cmsstatic/img/product/01.001.0031/3desc.jpg','达利园香葱咸饼','alt2');
INSERT INTO BLC_MEDIA (MEDIA_ID, URL, TITLE, ALT_TEXT) VALUES (-3201,'/cmsstatic/img/product/01.001.0032/3desc.jpg','好吃点低糖海苔饼','alt2');
INSERT INTO BLC_MEDIA (MEDIA_ID, URL, TITLE, ALT_TEXT) VALUES (-3200,'/cmsstatic/img/product/01.001.0033/3desc.jpg','好吃点香脆核桃酥饼','alt2');
INSERT INTO BLC_MEDIA (MEDIA_ID, URL, TITLE, ALT_TEXT) VALUES (-3199,'/cmsstatic/img/product/01.001.0034/3desc.jpg','好吃点杏仁酥饼','alt2');
INSERT INTO BLC_MEDIA (MEDIA_ID, URL, TITLE, ALT_TEXT) VALUES (-3198,'/cmsstatic/img/product/01.001.0035/3desc.jpg','好吃点香脆腰果饼','alt2');
INSERT INTO BLC_MEDIA (MEDIA_ID, URL, TITLE, ALT_TEXT) VALUES (-3197,'/cmsstatic/img/product/01.001.0036/3desc.jpg','好吃点香脆杏仁饼','alt2');
INSERT INTO BLC_MEDIA (MEDIA_ID, URL, TITLE, ALT_TEXT) VALUES (-3196,'/cmsstatic/img/product/01.001.0037/3desc.jpg','好吃点香脆核桃饼','alt2');
INSERT INTO BLC_MEDIA (MEDIA_ID, URL, TITLE, ALT_TEXT) VALUES (-3195,'/cmsstatic/img/product/01.001.0038/3desc.jpg','好吃点榛仁酥','alt2');
INSERT INTO BLC_MEDIA (MEDIA_ID, URL, TITLE, ALT_TEXT) VALUES (-3194,'/cmsstatic/img/product/01.001.0039/3desc.jpg','格力高菜园小饼孜然烧烤','alt2');
INSERT INTO BLC_MEDIA (MEDIA_ID, URL, TITLE, ALT_TEXT) VALUES (-3193,'/cmsstatic/img/product/01.001.0040/3desc.jpg','格力高菜园小饼番茄味','alt2');
INSERT INTO BLC_MEDIA (MEDIA_ID, URL, TITLE, ALT_TEXT) VALUES (-3192,'/cmsstatic/img/product/01.001.0041/3desc.jpg','格力高菜园小饼葱辣味','alt2');
INSERT INTO BLC_MEDIA (MEDIA_ID, URL, TITLE, ALT_TEXT) VALUES (-3191,'/cmsstatic/img/product/01.001.0042/3desc.jpg','格力高菜园小饼色拉虾味','alt2');
INSERT INTO BLC_MEDIA (MEDIA_ID, URL, TITLE, ALT_TEXT) VALUES (-3190,'/cmsstatic/img/product/01.001.0043/3desc.jpg','格力高菜园小饼比萨味','alt2');
INSERT INTO BLC_MEDIA (MEDIA_ID, URL, TITLE, ALT_TEXT) VALUES (-3189,'/cmsstatic/img/product/01.001.0044/3desc.jpg','旺旺雪饼','alt2');
INSERT INTO BLC_MEDIA (MEDIA_ID, URL, TITLE, ALT_TEXT) VALUES (-3188,'/cmsstatic/img/product/01.001.0045/3desc.jpg','津味金针菇脆笋','alt2');
INSERT INTO BLC_MEDIA (MEDIA_ID, URL, TITLE, ALT_TEXT) VALUES (-3187,'/cmsstatic/img/product/01.004.0046/3desc.jpg','雀巢咖啡1+2（11+2杯装）','alt2');
INSERT INTO BLC_MEDIA (MEDIA_ID, URL, TITLE, ALT_TEXT) VALUES (-3186,'/cmsstatic/img/product/01.004.0047/3desc.jpg','Tang 菓珍','alt2');
INSERT INTO BLC_MEDIA (MEDIA_ID, URL, TITLE, ALT_TEXT) VALUES (-3185,'/cmsstatic/img/product/01.004.0048/3desc.jpg','达利园法式软面包香橙味160g（8枚）','alt2');
INSERT INTO BLC_MEDIA (MEDIA_ID, URL, TITLE, ALT_TEXT) VALUES (-3184,'/cmsstatic/img/product/01.004.0049/3desc.jpg','达利园法式软面包香奶味160g（8枚）','alt2');
INSERT INTO BLC_MEDIA (MEDIA_ID, URL, TITLE, ALT_TEXT) VALUES (-3183,'/cmsstatic/img/product/01.004.0050/3desc.jpg','达利园草莓派250g(10枚)','alt2');
INSERT INTO BLC_MEDIA (MEDIA_ID, URL, TITLE, ALT_TEXT) VALUES (-3182,'/cmsstatic/img/product/01.004.0051/3desc.jpg','达利园蛋黄派250g(10枚)','alt2');
INSERT INTO BLC_MEDIA (MEDIA_ID, URL, TITLE, ALT_TEXT) VALUES (-3181,'/cmsstatic/img/product/01.004.0052/3desc.jpg','达利园巧克力派300g（10枚）','alt2');
INSERT INTO BLC_MEDIA (MEDIA_ID, URL, TITLE, ALT_TEXT) VALUES (-3180,'/cmsstatic/img/product/01.004.0053/3desc.jpg','达利园瑞士卷8枚(草莓味)','alt2');
INSERT INTO BLC_MEDIA (MEDIA_ID, URL, TITLE, ALT_TEXT) VALUES (-3179,'/cmsstatic/img/product/01.004.0054/3desc.jpg','达利园瑞士卷8枚(橙汁味)','alt2');
INSERT INTO BLC_MEDIA (MEDIA_ID, URL, TITLE, ALT_TEXT) VALUES (-3178,'/cmsstatic/img/product/01.004.0055/3desc.jpg','达利园瑞士卷8枚(巧克力味)','alt2');
INSERT INTO BLC_MEDIA (MEDIA_ID, URL, TITLE, ALT_TEXT) VALUES (-3177,'/cmsstatic/img/product/01.004.0056/3desc.jpg','好丽友Q蒂2枚装（摩卡巧克力）','alt2');
INSERT INTO BLC_MEDIA (MEDIA_ID, URL, TITLE, ALT_TEXT) VALUES (-3176,'/cmsstatic/img/product/01.004.0057/3desc.jpg','好丽友蛋黄派2枚装','alt2');
INSERT INTO BLC_MEDIA (MEDIA_ID, URL, TITLE, ALT_TEXT) VALUES (-3175,'/cmsstatic/img/product/01.004.0058/3desc.jpg','好丽友派2枚装','alt2');
INSERT INTO BLC_MEDIA (MEDIA_ID, URL, TITLE, ALT_TEXT) VALUES (-3174,'/cmsstatic/img/product/01.004.0059/3desc.jpg','好丽友派6枚装','alt2');
INSERT INTO BLC_MEDIA (MEDIA_ID, URL, TITLE, ALT_TEXT) VALUES (-3173,'/cmsstatic/img/product/01.004.0060/3desc.jpg','三辉麦风法式香奶面包','alt2');
INSERT INTO BLC_MEDIA (MEDIA_ID, URL, TITLE, ALT_TEXT) VALUES (-3172,'/cmsstatic/img/product/01.004.0061/3desc.jpg','三辉麦风法式香奶面包','alt2');
INSERT INTO BLC_MEDIA (MEDIA_ID, URL, TITLE, ALT_TEXT) VALUES (-3171,'/cmsstatic/img/product/01.004.0062/3desc.jpg','三辉麦风提拉米苏4枚装(巧克力味)','alt2');
INSERT INTO BLC_MEDIA (MEDIA_ID, URL, TITLE, ALT_TEXT) VALUES (-3170,'/cmsstatic/img/product/01.004.0063/3desc.jpg','徐福记芝麻香酥沙琪玛迷你包','alt2');
INSERT INTO BLC_MEDIA (MEDIA_ID, URL, TITLE, ALT_TEXT) VALUES (-3169,'/cmsstatic/img/product/01.004.0064/3desc.jpg','徐福记巧克力味沙琪玛迷你包','alt2');
INSERT INTO BLC_MEDIA (MEDIA_ID, URL, TITLE, ALT_TEXT) VALUES (-3168,'/cmsstatic/img/product/01.004.0065/3desc.jpg','徐福记松软蛋酥沙琪玛迷你包','alt2');
INSERT INTO BLC_MEDIA (MEDIA_ID, URL, TITLE, ALT_TEXT) VALUES (-3167,'/cmsstatic/img/product/01.004.0066/3desc.jpg','回头客铜锣烧红豆味（10枚入）','alt2');
INSERT INTO BLC_MEDIA (MEDIA_ID, URL, TITLE, ALT_TEXT) VALUES (-3166,'/cmsstatic/img/product/01.004.0067/3desc.jpg','回头客铜锣烧香芋味(10枚入）','alt2');
INSERT INTO BLC_MEDIA (MEDIA_ID, URL, TITLE, ALT_TEXT) VALUES (-3165,'/cmsstatic/img/product/01.004.0068/3desc.jpg','回头客铜锣烧抹茶味（10枚入）','alt2');
INSERT INTO BLC_MEDIA (MEDIA_ID, URL, TITLE, ALT_TEXT) VALUES (-3164,'/cmsstatic/img/product/01.005.0069/3desc.jpg','康师傅干拌面（红烧牛肉味）','alt2');
INSERT INTO BLC_MEDIA (MEDIA_ID, URL, TITLE, ALT_TEXT) VALUES (-3163,'/cmsstatic/img/product/01.005.0070/3desc.jpg','康师傅干拌面（葱油拌味）','alt2');
INSERT INTO BLC_MEDIA (MEDIA_ID, URL, TITLE, ALT_TEXT) VALUES (-3162,'/cmsstatic/img/product/01.005.0071/3desc.jpg','康师傅干拌面（香辣牛肉味）','alt2');
INSERT INTO BLC_MEDIA (MEDIA_ID, URL, TITLE, ALT_TEXT) VALUES (-3161,'/cmsstatic/img/product/01.005.0072/3desc.jpg','康师傅随心杯红烧牛肉面（杯）','alt2');
INSERT INTO BLC_MEDIA (MEDIA_ID, URL, TITLE, ALT_TEXT) VALUES (-3160,'/cmsstatic/img/product/01.005.0073/3desc.jpg','康师傅随心杯香辣牛肉面（杯）','alt2');
INSERT INTO BLC_MEDIA (MEDIA_ID, URL, TITLE, ALT_TEXT) VALUES (-3159,'/cmsstatic/img/product/01.005.0074/3desc.jpg','康师傅酸菜牛肉面（桶）','alt2');
INSERT INTO BLC_MEDIA (MEDIA_ID, URL, TITLE, ALT_TEXT) VALUES (-3158,'/cmsstatic/img/product/01.005.0075/3desc.jpg','康师傅卤香牛肉面（桶）','alt2');
INSERT INTO BLC_MEDIA (MEDIA_ID, URL, TITLE, ALT_TEXT) VALUES (-3157,'/cmsstatic/img/product/01.005.0076/3desc.jpg','康师傅香菇炖鸡面（桶）','alt2');
INSERT INTO BLC_MEDIA (MEDIA_ID, URL, TITLE, ALT_TEXT) VALUES (-3156,'/cmsstatic/img/product/01.005.0077/3desc.jpg','康师傅鲜虾鱼板面（桶）','alt2');
INSERT INTO BLC_MEDIA (MEDIA_ID, URL, TITLE, ALT_TEXT) VALUES (-3155,'/cmsstatic/img/product/01.005.0078/3desc.jpg','康师傅笋干老鸭煲面（桶）','alt2');
INSERT INTO BLC_MEDIA (MEDIA_ID, URL, TITLE, ALT_TEXT) VALUES (-3154,'/cmsstatic/img/product/01.005.0079/3desc.jpg','康师傅香辣牛肉面（桶）','alt2');
INSERT INTO BLC_MEDIA (MEDIA_ID, URL, TITLE, ALT_TEXT) VALUES (-3153,'/cmsstatic/img/product/01.005.0080/3desc.jpg','康师傅红烧牛肉面（桶）','alt2');
INSERT INTO BLC_MEDIA (MEDIA_ID, URL, TITLE, ALT_TEXT) VALUES (-3152,'/cmsstatic/img/product/01.005.0081/3desc.jpg','袋装康师傅东坡红烧肉面','alt2');
INSERT INTO BLC_MEDIA (MEDIA_ID, URL, TITLE, ALT_TEXT) VALUES (-3151,'/cmsstatic/img/product/01.005.0082/3desc.jpg','袋装康师傅酸菜牛肉面','alt2');
INSERT INTO BLC_MEDIA (MEDIA_ID, URL, TITLE, ALT_TEXT) VALUES (-3150,'/cmsstatic/img/product/01.005.0083/3desc.jpg','袋装康师傅香菇炖鸡面','alt2');
INSERT INTO BLC_MEDIA (MEDIA_ID, URL, TITLE, ALT_TEXT) VALUES (-3149,'/cmsstatic/img/product/01.005.0084/3desc.jpg','袋装康师傅鲜虾鱼板面','alt2');
INSERT INTO BLC_MEDIA (MEDIA_ID, URL, TITLE, ALT_TEXT) VALUES (-3148,'/cmsstatic/img/product/01.005.0085/3desc.jpg','袋装康师傅笋干老鸭煲面','alt2');
INSERT INTO BLC_MEDIA (MEDIA_ID, URL, TITLE, ALT_TEXT) VALUES (-3147,'/cmsstatic/img/product/01.005.0086/3desc.jpg','袋装康师傅香辣牛肉面','alt2');
INSERT INTO BLC_MEDIA (MEDIA_ID, URL, TITLE, ALT_TEXT) VALUES (-3146,'/cmsstatic/img/product/01.005.0087/3desc.jpg','袋装康师傅红烧牛肉面','alt2');
INSERT INTO BLC_MEDIA (MEDIA_ID, URL, TITLE, ALT_TEXT) VALUES (-3145,'/cmsstatic/img/product/01.005.0088/3desc.jpg','康师傅香爆脆干脆面（烤羊肉串味）','alt2');
INSERT INTO BLC_MEDIA (MEDIA_ID, URL, TITLE, ALT_TEXT) VALUES (-3144,'/cmsstatic/img/product/01.005.0089/3desc.jpg','康师傅香爆脆干脆面（香葱鸡块味）','alt2');
INSERT INTO BLC_MEDIA (MEDIA_ID, URL, TITLE, ALT_TEXT) VALUES (-3143,'/cmsstatic/img/product/01.005.0090/3desc.jpg','康师傅香爆脆干脆面（蜜汁牛排味）','alt2');
INSERT INTO BLC_MEDIA (MEDIA_ID, URL, TITLE, ALT_TEXT) VALUES (-3142,'/cmsstatic/img/product/01.005.0091/3desc.jpg','康师傅香爆脆干脆面（蛋烤番茄味）','alt2');
INSERT INTO BLC_MEDIA (MEDIA_ID, URL, TITLE, ALT_TEXT) VALUES (-3141,'/cmsstatic/img/product/01.005.0092/3desc.jpg','康师傅香爆脆干脆面（巴西烤肉味）','alt2');
INSERT INTO BLC_MEDIA (MEDIA_ID, URL, TITLE, ALT_TEXT) VALUES (-3140,'/cmsstatic/img/product/01.006.0093/3desc.jpg','康师傅茉莉蜜茶','alt2');
INSERT INTO BLC_MEDIA (MEDIA_ID, URL, TITLE, ALT_TEXT) VALUES (-3139,'/cmsstatic/img/product/01.006.0094/3desc.jpg','康师傅茉莉清茶','alt2');
INSERT INTO BLC_MEDIA (MEDIA_ID, URL, TITLE, ALT_TEXT) VALUES (-3138,'/cmsstatic/img/product/01.006.0095/3desc.jpg','康师傅冰红茶','alt2');
INSERT INTO BLC_MEDIA (MEDIA_ID, URL, TITLE, ALT_TEXT) VALUES (-3137,'/cmsstatic/img/product/01.006.0096/3desc.jpg','康师傅酸枣汁','alt2');
INSERT INTO BLC_MEDIA (MEDIA_ID, URL, TITLE, ALT_TEXT) VALUES (-3136,'/cmsstatic/img/product/01.006.0097/3desc.jpg','康师傅酸梅汤','alt2');
INSERT INTO BLC_MEDIA (MEDIA_ID, URL, TITLE, ALT_TEXT) VALUES (-3135,'/cmsstatic/img/product/01.006.0098/3desc.jpg','康师傅鲜的每日C橙汁500ml','alt2');
INSERT INTO BLC_MEDIA (MEDIA_ID, URL, TITLE, ALT_TEXT) VALUES (-3134,'/cmsstatic/img/product/01.006.0099/3desc.jpg','红牛维生素功能饮料','alt2');
INSERT INTO BLC_MEDIA (MEDIA_ID, URL, TITLE, ALT_TEXT) VALUES (-3133,'/cmsstatic/img/product/01.006.0100/3desc.jpg','雀巢香滑咖啡180ml','alt2');
INSERT INTO BLC_MEDIA (MEDIA_ID, URL, TITLE, ALT_TEXT) VALUES (-3132,'/cmsstatic/img/product/01.007.0101/3desc.jpg','金大州香辣金针菇','alt2');
INSERT INTO BLC_MEDIA (MEDIA_ID, URL, TITLE, ALT_TEXT) VALUES (-3131,'/cmsstatic/img/product/01.007.0102/3desc.jpg','老爸豆腐干100g（卤辣味）','alt2');
INSERT INTO BLC_MEDIA (MEDIA_ID, URL, TITLE, ALT_TEXT) VALUES (-3130,'/cmsstatic/img/product/01.007.0103/3desc.jpg','老爸豆腐干100g（卤味）','alt2');
INSERT INTO BLC_MEDIA (MEDIA_ID, URL, TITLE, ALT_TEXT) VALUES (-3129,'/cmsstatic/img/product/01.007.0104/3desc.jpg','老爸豆腐干100g（肉汁味）','alt2');
INSERT INTO BLC_MEDIA (MEDIA_ID, URL, TITLE, ALT_TEXT) VALUES (-3128,'/cmsstatic/img/product/01.007.0105/3desc.jpg','老爸豆腐干100g（牛肉味）','alt2');
INSERT INTO BLC_MEDIA (MEDIA_ID, URL, TITLE, ALT_TEXT) VALUES (-3127,'/cmsstatic/img/product/01.007.0106/3desc.jpg','祖名虾米干','alt2');
INSERT INTO BLC_MEDIA (MEDIA_ID, URL, TITLE, ALT_TEXT) VALUES (-3126,'/cmsstatic/img/product/01.007.0107/3desc.jpg','祖名香逗干肉汁味100g','alt2');
INSERT INTO BLC_MEDIA (MEDIA_ID, URL, TITLE, ALT_TEXT) VALUES (-3125,'/cmsstatic/img/product/01.007.0108/3desc.jpg','祖名香逗干鸡汁味100g','alt2');
INSERT INTO BLC_MEDIA (MEDIA_ID, URL, TITLE, ALT_TEXT) VALUES (-3124,'/cmsstatic/img/product/01.007.0109/3desc.jpg','祖名香逗干麻辣味100g','alt2');
INSERT INTO BLC_MEDIA (MEDIA_ID, URL, TITLE, ALT_TEXT) VALUES (-3123,'/cmsstatic/img/product/01.007.0110/3desc.jpg','香菇肥牛牛肉味','alt2');
INSERT INTO BLC_MEDIA (MEDIA_ID, URL, TITLE, ALT_TEXT) VALUES (-3122,'/cmsstatic/img/product/01.007.0111/3desc.jpg','好又好酱鸭腿','alt2');
INSERT INTO BLC_MEDIA (MEDIA_ID, URL, TITLE, ALT_TEXT) VALUES (-3121,'/cmsstatic/img/product/01.007.0112/3desc.jpg','永健泡山椒凤爪','alt2');
INSERT INTO BLC_MEDIA (MEDIA_ID, URL, TITLE, ALT_TEXT) VALUES (-3120,'/cmsstatic/img/product/01.007.0113/3desc.jpg','老李五香翅','alt2');
INSERT INTO BLC_MEDIA (MEDIA_ID, URL, TITLE, ALT_TEXT) VALUES (-3119,'/cmsstatic/img/product/01.007.0114/3desc.jpg','老李五香干','alt2');
INSERT INTO BLC_MEDIA (MEDIA_ID, URL, TITLE, ALT_TEXT) VALUES (-3118,'/cmsstatic/img/product/01.007.0115/3desc.jpg','威益威劲辣鸭脖','alt2');
INSERT INTO BLC_MEDIA (MEDIA_ID, URL, TITLE, ALT_TEXT) VALUES (-3117,'/cmsstatic/img/product/01.007.0116/3desc.jpg','卫龙大面筋','alt2');
INSERT INTO BLC_MEDIA (MEDIA_ID, URL, TITLE, ALT_TEXT) VALUES (-3116,'/cmsstatic/img/product/01.007.0117/3desc.jpg','卫龙面筋','alt2');
INSERT INTO BLC_MEDIA (MEDIA_ID, URL, TITLE, ALT_TEXT) VALUES (-3115,'/cmsstatic/img/product/01.007.0118/3desc.jpg','乡巴佬鸡腿','alt2');
INSERT INTO BLC_MEDIA (MEDIA_ID, URL, TITLE, ALT_TEXT) VALUES (-3114,'/cmsstatic/img/product/01.007.0119/3desc.jpg','乡巴佬凤爪','alt2');
INSERT INTO BLC_MEDIA (MEDIA_ID, URL, TITLE, ALT_TEXT) VALUES (-3113,'/cmsstatic/img/product/01.007.0120/3desc.jpg','有友泡椒凤爪','alt2');
INSERT INTO BLC_MEDIA (MEDIA_ID, URL, TITLE, ALT_TEXT) VALUES (-3112,'/cmsstatic/img/product/01.007.0121/3desc.jpg','富贵阁北京烤鸭','alt2');
INSERT INTO BLC_MEDIA (MEDIA_ID, URL, TITLE, ALT_TEXT) VALUES (-3111,'/cmsstatic/img/product/01.007.0122/3desc.jpg','卫龙豆筋烧烤味','alt2');
INSERT INTO BLC_MEDIA (MEDIA_ID, URL, TITLE, ALT_TEXT) VALUES (-3110,'/cmsstatic/img/product/01.007.0123/3desc.jpg','怡冠园酒鬼鱼山椒味','alt2');
INSERT INTO BLC_MEDIA (MEDIA_ID, URL, TITLE, ALT_TEXT) VALUES (-3109,'/cmsstatic/img/product/01.007.0124/3desc.jpg','口留香相思卷','alt2');
INSERT INTO BLC_MEDIA (MEDIA_ID, URL, TITLE, ALT_TEXT) VALUES (-3108,'/cmsstatic/img/product/01.007.0125/3desc.jpg','乡巴佬晶凉松卤蛋','alt2');
INSERT INTO BLC_MEDIA (MEDIA_ID, URL, TITLE, ALT_TEXT) VALUES (-3107,'/cmsstatic/img/product/01.007.0126/3desc.jpg','八里香酥鸡腿','alt2');
INSERT INTO BLC_MEDIA (MEDIA_ID, URL, TITLE, ALT_TEXT) VALUES (-3106,'/cmsstatic/img/product/01.007.0127/3desc.jpg','老李五香腿','alt2');
INSERT INTO BLC_MEDIA (MEDIA_ID, URL, TITLE, ALT_TEXT) VALUES (-3105,'/cmsstatic/img/product/01.007.0128/3desc.jpg','馋嘴娃蒜香豆角干','alt2');
INSERT INTO BLC_MEDIA (MEDIA_ID, URL, TITLE, ALT_TEXT) VALUES (-3104,'/cmsstatic/img/product/01.007.0129/3desc.jpg','怡冠园红烧拉面条','alt2');
INSERT INTO BLC_MEDIA (MEDIA_ID, URL, TITLE, ALT_TEXT) VALUES (-3103,'/cmsstatic/img/product/01.007.0130/3desc.jpg','太阳岛鸡汁麻辣串','alt2');
INSERT INTO BLC_MEDIA (MEDIA_ID, URL, TITLE, ALT_TEXT) VALUES (-3102,'/cmsstatic/img/product/01.007.0131/3desc.jpg','口留乡香辣鱼仔','alt2');
INSERT INTO BLC_MEDIA (MEDIA_ID, URL, TITLE, ALT_TEXT) VALUES (-3101,'/cmsstatic/img/product/01.007.0132/3desc.jpg','味中香麻辣串','alt2');
INSERT INTO BLC_MEDIA (MEDIA_ID, URL, TITLE, ALT_TEXT) VALUES (-3100,'/cmsstatic/img/product/01.007.0133/3desc.jpg','腾哥日本多味鱼','alt2');
INSERT INTO BLC_MEDIA (MEDIA_ID, URL, TITLE, ALT_TEXT) VALUES (-3099,'/cmsstatic/img/product/01.007.0134/3desc.jpg','素味居烧烤土豆','alt2');
INSERT INTO BLC_MEDIA (MEDIA_ID, URL, TITLE, ALT_TEXT) VALUES (-3098,'/cmsstatic/img/product/01.007.0135/3desc.jpg','喜来香大酱鸭翅','alt2');
INSERT INTO BLC_MEDIA (MEDIA_ID, URL, TITLE, ALT_TEXT) VALUES (-3097,'/cmsstatic/img/product/01.008.0136/3desc.jpg','上好佳田园泡（玉米口味）','alt2');
INSERT INTO BLC_MEDIA (MEDIA_ID, URL, TITLE, ALT_TEXT) VALUES (-3096,'/cmsstatic/img/product/01.008.0137/3desc.jpg','上好佳粟米条45g(朱古力口味)','alt2');
INSERT INTO BLC_MEDIA (MEDIA_ID, URL, TITLE, ALT_TEXT) VALUES (-3095,'/cmsstatic/img/product/01.008.0138/3desc.jpg','上好佳玉米卷','alt2');
INSERT INTO BLC_MEDIA (MEDIA_ID, URL, TITLE, ALT_TEXT) VALUES (-3094,'/cmsstatic/img/product/01.008.0139/3desc.jpg','上好佳芝士条','alt2');
INSERT INTO BLC_MEDIA (MEDIA_ID, URL, TITLE, ALT_TEXT) VALUES (-3093,'/cmsstatic/img/product/01.008.0140/3desc.jpg','上好佳鲜虾条','alt2');
INSERT INTO BLC_MEDIA (MEDIA_ID, URL, TITLE, ALT_TEXT) VALUES (-3092,'/cmsstatic/img/product/01.008.0141/3desc.jpg','上好佳荷兰豆','alt2');
INSERT INTO BLC_MEDIA (MEDIA_ID, URL, TITLE, ALT_TEXT) VALUES (-3091,'/cmsstatic/img/product/01.008.0142/3desc.jpg','上好佳鲜虾片','alt2');
INSERT INTO BLC_MEDIA (MEDIA_ID, URL, TITLE, ALT_TEXT) VALUES (-3090,'/cmsstatic/img/product/01.008.0143/3desc.jpg','上好佳粟米条(草莓口味)','alt2');
INSERT INTO BLC_MEDIA (MEDIA_ID, URL, TITLE, ALT_TEXT) VALUES (-3089,'/cmsstatic/img/product/01.008.0144/3desc.jpg','上好佳玉米花(果仁奶油)','alt2');
INSERT INTO BLC_MEDIA (MEDIA_ID, URL, TITLE, ALT_TEXT) VALUES (-3088,'/cmsstatic/img/product/01.008.0145/3desc.jpg','上好佳洋葱圈','alt2');
INSERT INTO BLC_MEDIA (MEDIA_ID, URL, TITLE, ALT_TEXT) VALUES (-3087,'/cmsstatic/img/product/01.008.0146/3desc.jpg','上好佳田园泡(玉米口味)','alt2');
INSERT INTO BLC_MEDIA (MEDIA_ID, URL, TITLE, ALT_TEXT) VALUES (-3086,'/cmsstatic/img/product/01.008.0147/3desc.jpg','上好佳玉米卷','alt2');
INSERT INTO BLC_MEDIA (MEDIA_ID, URL, TITLE, ALT_TEXT) VALUES (-3085,'/cmsstatic/img/product/01.008.0148/3desc.jpg','上好佳洋葱圈','alt2');
INSERT INTO BLC_MEDIA (MEDIA_ID, URL, TITLE, ALT_TEXT) VALUES (-3084,'/cmsstatic/img/product/01.008.0149/3desc.jpg','上好佳荷兰豆','alt2');
INSERT INTO BLC_MEDIA (MEDIA_ID, URL, TITLE, ALT_TEXT) VALUES (-3083,'/cmsstatic/img/product/01.008.0150/3desc.jpg','上好佳鲜虾片15g','alt2');
INSERT INTO BLC_MEDIA (MEDIA_ID, URL, TITLE, ALT_TEXT) VALUES (-3082,'/cmsstatic/img/product/01.008.0151/3desc.jpg','好丽友呀！土豆番茄酱味','alt2');
INSERT INTO BLC_MEDIA (MEDIA_ID, URL, TITLE, ALT_TEXT) VALUES (-3081,'/cmsstatic/img/product/01.008.0152/3desc.jpg','好丽友呀！土豆烤鸡比萨味40g','alt2');
INSERT INTO BLC_MEDIA (MEDIA_ID, URL, TITLE, ALT_TEXT) VALUES (-3080,'/cmsstatic/img/product/01.008.0153/3desc.jpg','好丽友呀！土豆里脊牛排味40g','alt2');
INSERT INTO BLC_MEDIA (MEDIA_ID, URL, TITLE, ALT_TEXT) VALUES (-3079,'/cmsstatic/img/product/01.008.0154/3desc.jpg','正宗咪咪虾条','alt2');
INSERT INTO BLC_MEDIA (MEDIA_ID, URL, TITLE, ALT_TEXT) VALUES (-3078,'/cmsstatic/img/product/01.008.0155/3desc.jpg','咪咪蟹味','alt2');
INSERT INTO BLC_MEDIA (MEDIA_ID, URL, TITLE, ALT_TEXT) VALUES (-3077,'/cmsstatic/img/product/01.008.0156/3desc.jpg','狗牙儿加蛋锅巴','alt2');
INSERT INTO BLC_MEDIA (MEDIA_ID, URL, TITLE, ALT_TEXT) VALUES (-3076,'/cmsstatic/img/product/01.008.0157/3desc.jpg','乐事黄瓜味薯片','alt2');
INSERT INTO BLC_MEDIA (MEDIA_ID, URL, TITLE, ALT_TEXT) VALUES (-3075,'/cmsstatic/img/product/01.008.0158/3desc.jpg','乐事鸡汁番茄味薯片','alt2');
INSERT INTO BLC_MEDIA (MEDIA_ID, URL, TITLE, ALT_TEXT) VALUES (-3074,'/cmsstatic/img/product/01.008.0159/3desc.jpg','乐事墨西哥鸡汁番茄味薯片','alt2');
INSERT INTO BLC_MEDIA (MEDIA_ID, URL, TITLE, ALT_TEXT) VALUES (-3073,'/cmsstatic/img/product/01.008.0160/3desc.jpg','乐事德克萨斯烧烤味薯片','alt2');
INSERT INTO BLC_MEDIA (MEDIA_ID, URL, TITLE, ALT_TEXT) VALUES (-3072,'/cmsstatic/img/product/01.008.0161/3desc.jpg','乐事牛仔骨味薯片','alt2');
INSERT INTO BLC_MEDIA (MEDIA_ID, URL, TITLE, ALT_TEXT) VALUES (-3071,'/cmsstatic/img/product/01.008.0162/3desc.jpg','乐事原味薯片','alt2');
INSERT INTO BLC_MEDIA (MEDIA_ID, URL, TITLE, ALT_TEXT) VALUES (-3070,'/cmsstatic/img/product/01.008.0163/3desc.jpg','乐事秘制酸汤鱼味薯片','alt2');
INSERT INTO BLC_MEDIA (MEDIA_ID, URL, TITLE, ALT_TEXT) VALUES (-3069,'/cmsstatic/img/product/01.009.0164/3desc.jpg','双汇王中王火腿肠','alt2');
INSERT INTO BLC_MEDIA (MEDIA_ID, URL, TITLE, ALT_TEXT) VALUES (-3068,'/cmsstatic/img/product/01.009.0165/3desc.jpg','双汇香辣香脆肠','alt2');
INSERT INTO BLC_MEDIA (MEDIA_ID, URL, TITLE, ALT_TEXT) VALUES (-3067,'/cmsstatic/img/product/01.009.0166/3desc.jpg','双汇泡面搭档香肠','alt2');
INSERT INTO BLC_MEDIA (MEDIA_ID, URL, TITLE, ALT_TEXT) VALUES (-3066,'/cmsstatic/img/product/01.009.0167/3desc.jpg','双汇台式烤香肠(原味)','alt2');
INSERT INTO BLC_MEDIA (MEDIA_ID, URL, TITLE, ALT_TEXT) VALUES (-3065,'/cmsstatic/img/product/01.009.0168/3desc.jpg','双汇台式烤香肠（香辣味）','alt2');
INSERT INTO BLC_MEDIA (MEDIA_ID, URL, TITLE, ALT_TEXT) VALUES (-3064,'/cmsstatic/img/product/01.009.0169/3desc.jpg','双汇Q趣蘑菇风味香肠','alt2');
INSERT INTO BLC_MEDIA (MEDIA_ID, URL, TITLE, ALT_TEXT) VALUES (-3063,'/cmsstatic/img/product/01.009.0170/3desc.jpg','双汇Q趣香辣风味香肠','alt2');
INSERT INTO BLC_MEDIA (MEDIA_ID, URL, TITLE, ALT_TEXT) VALUES (-3062,'/cmsstatic/img/product/01.010.0171/3desc.jpg','华味亨冰糖杨梅','alt2');
INSERT INTO BLC_MEDIA (MEDIA_ID, URL, TITLE, ALT_TEXT) VALUES (-3061,'/cmsstatic/img/product/01.010.0172/3desc.jpg','华味亨新疆葡萄干','alt2');
INSERT INTO BLC_MEDIA (MEDIA_ID, URL, TITLE, ALT_TEXT) VALUES (-3060,'/cmsstatic/img/product/01.010.0173/3desc.jpg','华味亨吃不厌桃肉','alt2');
INSERT INTO BLC_MEDIA (MEDIA_ID, URL, TITLE, ALT_TEXT) VALUES (-3059,'/cmsstatic/img/product/01.010.0174/3desc.jpg','华味亨话梅条','alt2');
INSERT INTO BLC_MEDIA (MEDIA_ID, URL, TITLE, ALT_TEXT) VALUES (-3058,'/cmsstatic/img/product/01.010.0175/3desc.jpg','华味亨小姐梅','alt2');
INSERT INTO BLC_MEDIA (MEDIA_ID, URL, TITLE, ALT_TEXT) VALUES (-3057,'/cmsstatic/img/product/01.010.0176/3desc.jpg','华味亨盐津提子108g','alt2');
INSERT INTO BLC_MEDIA (MEDIA_ID, URL, TITLE, ALT_TEXT) VALUES (-3056,'/cmsstatic/img/product/01.010.0177/3desc.jpg','华味亨野乌梅','alt2');
INSERT INTO BLC_MEDIA (MEDIA_ID, URL, TITLE, ALT_TEXT) VALUES (-3055,'/cmsstatic/img/product/01.010.0178/3desc.jpg','华味亨吃不厌话梅','alt2');
INSERT INTO BLC_MEDIA (MEDIA_ID, URL, TITLE, ALT_TEXT) VALUES (-3054,'/cmsstatic/img/product/01.010.0179/3desc.jpg','华味亨九制杨梅','alt2');
INSERT INTO BLC_MEDIA (MEDIA_ID, URL, TITLE, ALT_TEXT) VALUES (-3053,'/cmsstatic/img/product/01.010.0180/3desc.jpg','森茂精品阿胶枣','alt2');
INSERT INTO BLC_MEDIA (MEDIA_ID, URL, TITLE, ALT_TEXT) VALUES (-3052,'/cmsstatic/img/product/01.010.0181/3desc.jpg','集味果阿胶枣','alt2');
INSERT INTO BLC_MEDIA (MEDIA_ID, URL, TITLE, ALT_TEXT) VALUES (-3051,'/cmsstatic/img/product/01.011.0182/3desc.jpg','阿尔卑斯棒棒糖高级牛奶味','alt2');
INSERT INTO BLC_MEDIA (MEDIA_ID, URL, TITLE, ALT_TEXT) VALUES (-3050,'/cmsstatic/img/product/01.011.0183/3desc.jpg','阿尔卑斯棒棒糖香橙牛奶味','alt2');
INSERT INTO BLC_MEDIA (MEDIA_ID, URL, TITLE, ALT_TEXT) VALUES (-3049,'/cmsstatic/img/product/01.011.0184/3desc.jpg','阿尔卑斯棒棒糖荔枝牛奶味','alt2');
INSERT INTO BLC_MEDIA (MEDIA_ID, URL, TITLE, ALT_TEXT) VALUES (-3048,'/cmsstatic/img/product/01.011.0185/3desc.jpg','阿尔卑斯棒棒糖草莓牛奶味','alt2');
INSERT INTO BLC_MEDIA (MEDIA_ID, URL, TITLE, ALT_TEXT) VALUES (-3047,'/cmsstatic/img/product/01.011.0186/3desc.jpg','阿尔卑斯棒棒糖香草可乐味','alt2');
INSERT INTO BLC_MEDIA (MEDIA_ID, URL, TITLE, ALT_TEXT) VALUES (-3046,'/cmsstatic/img/product/01.011.0187/3desc.jpg','荷氏（特强）薄荷糖','alt2');
INSERT INTO BLC_MEDIA (MEDIA_ID, URL, TITLE, ALT_TEXT) VALUES (-3045,'/cmsstatic/img/product/01.011.0188/3desc.jpg','荷氏（蓝莓口味）薄荷糖','alt2');
INSERT INTO BLC_MEDIA (MEDIA_ID, URL, TITLE, ALT_TEXT) VALUES (-3044,'/cmsstatic/img/product/01.011.0189/3desc.jpg','怡口莲（原味）','alt2');
INSERT INTO BLC_MEDIA (MEDIA_ID, URL, TITLE, ALT_TEXT) VALUES (-3043,'/cmsstatic/img/product/01.011.0190/3desc.jpg','旺仔QQ糖香橙味','alt2');
INSERT INTO BLC_MEDIA (MEDIA_ID, URL, TITLE, ALT_TEXT) VALUES (-3042,'/cmsstatic/img/product/01.011.0191/3desc.jpg','旺仔QQ糖蓝莓味','alt2');
INSERT INTO BLC_MEDIA (MEDIA_ID, URL, TITLE, ALT_TEXT) VALUES (-3041,'/cmsstatic/img/product/01.011.0192/3desc.jpg','旺仔QQ糖水蜜桃味','alt2');
INSERT INTO BLC_MEDIA (MEDIA_ID, URL, TITLE, ALT_TEXT) VALUES (-3040,'/cmsstatic/img/product/01.011.0193/3desc.jpg','旺仔QQ糖草莓味','alt2');
INSERT INTO BLC_MEDIA (MEDIA_ID, URL, TITLE, ALT_TEXT) VALUES (-3039,'/cmsstatic/img/product/01.013.0194/3desc.jpg','明怡香耳朵','alt2');
INSERT INTO BLC_MEDIA (MEDIA_ID, URL, TITLE, ALT_TEXT) VALUES (-3038,'/cmsstatic/img/product/01.008.0195/3desc.jpg','口水娃兰花豆酱汁牛肉味','alt2');
INSERT INTO BLC_MEDIA (MEDIA_ID, URL, TITLE, ALT_TEXT) VALUES (-3037,'/cmsstatic/img/product/01.013.0196/3desc.jpg','大好大奶油味香瓜子','alt2');
INSERT INTO BLC_MEDIA (MEDIA_ID, URL, TITLE, ALT_TEXT) VALUES (-3036,'/cmsstatic/img/product/01.013.0197/3desc.jpg','大好大奶油味香瓜子','alt2');
INSERT INTO BLC_MEDIA (MEDIA_ID, URL, TITLE, ALT_TEXT) VALUES (-3035,'/cmsstatic/img/product/01.013.0198/3desc.jpg','洽洽香瓜子（百煮入味）','alt2');
INSERT INTO BLC_MEDIA (MEDIA_ID, URL, TITLE, ALT_TEXT) VALUES (-3034,'/cmsstatic/img/product/01.013.0199/3desc.jpg','喜之郎果肉果冻200g(什锦)','alt2');
INSERT INTO BLC_MEDIA (MEDIA_ID, URL, TITLE, ALT_TEXT) VALUES (-3033,'/cmsstatic/img/product/01.013.0200/3desc.jpg','喜之郎果肉果冻200g(黄桃&蜜桃)','alt2');
INSERT INTO BLC_MEDIA (MEDIA_ID, URL, TITLE, ALT_TEXT) VALUES (-3032,'/cmsstatic/img/product/01.013.0201/3desc.jpg','喜之郎果冻（草莓味）','alt2');
INSERT INTO BLC_MEDIA (MEDIA_ID, URL, TITLE, ALT_TEXT) VALUES (-3031,'/cmsstatic/img/product/01.013.0202/3desc.jpg','喜之郎果冻（苹果味）','alt2');
INSERT INTO BLC_MEDIA (MEDIA_ID, URL, TITLE, ALT_TEXT) VALUES (-3030,'/cmsstatic/img/product/01.013.0203/3desc.jpg','喜之郎果冻（香橙味）','alt2');
INSERT INTO BLC_MEDIA (MEDIA_ID, URL, TITLE, ALT_TEXT) VALUES (-3029,'/cmsstatic/img/product/01.013.0204/3desc.jpg','喜之郎美好时光海苔原味','alt2');
INSERT INTO BLC_MEDIA (MEDIA_ID, URL, TITLE, ALT_TEXT) VALUES (-3028,'/cmsstatic/img/product/01.013.0205/3desc.jpg','老厨沙嗲牛肉','alt2');
INSERT INTO BLC_MEDIA (MEDIA_ID, URL, TITLE, ALT_TEXT) VALUES (-3027,'/cmsstatic/img/product/01.013.0206/3desc.jpg','老厨五香牛肉','alt2');
INSERT INTO BLC_MEDIA (MEDIA_ID, URL, TITLE, ALT_TEXT) VALUES (-3026,'/cmsstatic/img/product/01.013.0207/3desc.jpg','旺旺小馒头','alt2');
INSERT INTO BLC_MEDIA (MEDIA_ID, URL, TITLE, ALT_TEXT) VALUES (-3025,'/cmsstatic/img/product/01.013.0208/3desc.jpg','香QQ蒜香青豆','alt2');
INSERT INTO BLC_MEDIA (MEDIA_ID, URL, TITLE, ALT_TEXT) VALUES (-3024,'/cmsstatic/img/product/01.008.0209/3desc.jpg','世丰煎豆','alt2');
INSERT INTO BLC_MEDIA (MEDIA_ID, URL, TITLE, ALT_TEXT) VALUES (-3023,'/cmsstatic/img/product/01.013.0210/3desc.jpg','惠盈鱿鱼丝','alt2');
INSERT INTO BLC_MEDIA (MEDIA_ID, URL, TITLE, ALT_TEXT) VALUES (-3022,'/cmsstatic/img/product/01.013.0211/3desc.jpg','伊利牛奶片草莓味（板）','alt2');
INSERT INTO BLC_MEDIA (MEDIA_ID, URL, TITLE, ALT_TEXT) VALUES (-3021,'/cmsstatic/img/product/01.013.0212/3desc.jpg','伊利牛奶片原味（板）','alt2');
INSERT INTO BLC_MEDIA (MEDIA_ID, URL, TITLE, ALT_TEXT) VALUES (-3020,'/cmsstatic/img/product/01.013.0213/3desc.jpg','伊利牛奶片巧克力（板）','alt2');
INSERT INTO BLC_MEDIA (MEDIA_ID, URL, TITLE, ALT_TEXT) VALUES (-3019,'/cmsstatic/img/product/01.013.0214/3desc.jpg','老奶奶花生米五香味','alt2');
INSERT INTO BLC_MEDIA (MEDIA_ID, URL, TITLE, ALT_TEXT) VALUES (-3018,'/cmsstatic/img/product/01.013.0215/3desc.jpg','老奶奶花生米油炸味','alt2');
INSERT INTO BLC_MEDIA (MEDIA_ID, URL, TITLE, ALT_TEXT) VALUES (-3017,'/cmsstatic/img/product/01.013.0216/3desc.jpg','金鲤桥开心果香辣味','alt2');
INSERT INTO BLC_MEDIA (MEDIA_ID, URL, TITLE, ALT_TEXT) VALUES (-3016,'/cmsstatic/img/product/01.013.0217/3desc.jpg','雅利辉黄金蟹钳','alt2');
INSERT INTO BLC_MEDIA (MEDIA_ID, URL, TITLE, ALT_TEXT) VALUES (-3015,'/cmsstatic/img/product/01.013.0218/3desc.jpg','洽洽香瓜子（百煮入味）','alt2');
INSERT INTO BLC_MEDIA (MEDIA_ID, URL, TITLE, ALT_TEXT) VALUES (-3014,'/cmsstatic/img/product/01.013.0219/3desc.jpg','成心开心豆','alt2');
INSERT INTO BLC_MEDIA (MEDIA_ID, URL, TITLE, ALT_TEXT) VALUES (-3013,'/cmsstatic/img/product/01.013.0220/3desc.jpg','华芳果丹皮','alt2');
INSERT INTO BLC_MEDIA (MEDIA_ID, URL, TITLE, ALT_TEXT) VALUES (-3012,'/cmsstatic/img/product/01.013.0221/3desc.jpg','华芳山楂棒','alt2');
INSERT INTO BLC_MEDIA (MEDIA_ID, URL, TITLE, ALT_TEXT) VALUES (-3011,'/cmsstatic/img/product/01.013.0222/3desc.jpg','小王子麦烧咸味','alt2');
INSERT INTO BLC_MEDIA (MEDIA_ID, URL, TITLE, ALT_TEXT) VALUES (-3010,'/cmsstatic/img/product/01.013.0223/3desc.jpg','小王子麦烧葱油味','alt2');
INSERT INTO BLC_MEDIA (MEDIA_ID, URL, TITLE, ALT_TEXT) VALUES (-3009,'/cmsstatic/img/product/01.013.0224/3desc.jpg','小王子麦烧麻香味','alt2');
INSERT INTO BLC_MEDIA (MEDIA_ID, URL, TITLE, ALT_TEXT) VALUES (-3008,'/cmsstatic/img/product/01.013.0225/3desc.jpg','食滋源客家小年糕（香芋味）','alt2');
INSERT INTO BLC_MEDIA (MEDIA_ID, URL, TITLE, ALT_TEXT) VALUES (-3007,'/cmsstatic/img/product/01.014.0226/3desc.jpg','绿箭口香糖5片装(柠檬草薄荷味)','alt2');
INSERT INTO BLC_MEDIA (MEDIA_ID, URL, TITLE, ALT_TEXT) VALUES (-3006,'/cmsstatic/img/product/01.014.0227/3desc.jpg','炫迈（薄荷无糖口香糖','alt2');
INSERT INTO BLC_MEDIA (MEDIA_ID, URL, TITLE, ALT_TEXT) VALUES (-3005,'/cmsstatic/img/product/01.014.0228/3desc.jpg','炫迈(水蜜桃西瓜味)无糖口香糖','alt2');
INSERT INTO BLC_MEDIA (MEDIA_ID, URL, TITLE, ALT_TEXT) VALUES (-3004,'/cmsstatic/img/product/01.014.0229/3desc.jpg','益达洁白无糖口香糖56g(香橙薄荷味)','alt2');
INSERT INTO BLC_MEDIA (MEDIA_ID, URL, TITLE, ALT_TEXT) VALUES (-3003,'/cmsstatic/img/product/01.014.0230/3desc.jpg','益达无糖口香糖（冰凉薄荷味）','alt2');
INSERT INTO BLC_MEDIA (MEDIA_ID, URL, TITLE, ALT_TEXT) VALUES (-3002,'/cmsstatic/img/product/01.014.0231/3desc.jpg','益达木糖醇蜜瓜味56g','alt2');
INSERT INTO BLC_MEDIA (MEDIA_ID, URL, TITLE, ALT_TEXT) VALUES (-3001,'/cmsstatic/img/product/01.015.0232/3desc.jpg','雪花啤酒(淡爽）','alt2');
INSERT INTO BLC_MEDIA (MEDIA_ID, URL, TITLE, ALT_TEXT) VALUES (-3000,'/cmsstatic/img/product/01.015.0233/3desc.jpg','纯生啤酒','alt2');




















INSERT INTO BLC_SKU_MEDIA_MAP (BLC_SKU_SKU_ID, MEDIA_ID, MAP_KEY) VALUES (-1232,-3232,'alt2');
INSERT INTO BLC_SKU_MEDIA_MAP (BLC_SKU_SKU_ID, MEDIA_ID, MAP_KEY) VALUES (-1231,-3231,'alt2');
INSERT INTO BLC_SKU_MEDIA_MAP (BLC_SKU_SKU_ID, MEDIA_ID, MAP_KEY) VALUES (-1230,-3230,'alt2');
INSERT INTO BLC_SKU_MEDIA_MAP (BLC_SKU_SKU_ID, MEDIA_ID, MAP_KEY) VALUES (-1229,-3229,'alt2');
INSERT INTO BLC_SKU_MEDIA_MAP (BLC_SKU_SKU_ID, MEDIA_ID, MAP_KEY) VALUES (-1228,-3228,'alt2');
INSERT INTO BLC_SKU_MEDIA_MAP (BLC_SKU_SKU_ID, MEDIA_ID, MAP_KEY) VALUES (-1227,-3227,'alt2');
INSERT INTO BLC_SKU_MEDIA_MAP (BLC_SKU_SKU_ID, MEDIA_ID, MAP_KEY) VALUES (-1226,-3226,'alt2');
INSERT INTO BLC_SKU_MEDIA_MAP (BLC_SKU_SKU_ID, MEDIA_ID, MAP_KEY) VALUES (-1225,-3225,'alt2');
INSERT INTO BLC_SKU_MEDIA_MAP (BLC_SKU_SKU_ID, MEDIA_ID, MAP_KEY) VALUES (-1224,-3224,'alt2');
INSERT INTO BLC_SKU_MEDIA_MAP (BLC_SKU_SKU_ID, MEDIA_ID, MAP_KEY) VALUES (-1223,-3223,'alt2');
INSERT INTO BLC_SKU_MEDIA_MAP (BLC_SKU_SKU_ID, MEDIA_ID, MAP_KEY) VALUES (-1222,-3222,'alt2');
INSERT INTO BLC_SKU_MEDIA_MAP (BLC_SKU_SKU_ID, MEDIA_ID, MAP_KEY) VALUES (-1221,-3221,'alt2');
INSERT INTO BLC_SKU_MEDIA_MAP (BLC_SKU_SKU_ID, MEDIA_ID, MAP_KEY) VALUES (-1220,-3220,'alt2');
INSERT INTO BLC_SKU_MEDIA_MAP (BLC_SKU_SKU_ID, MEDIA_ID, MAP_KEY) VALUES (-1219,-3219,'alt2');
INSERT INTO BLC_SKU_MEDIA_MAP (BLC_SKU_SKU_ID, MEDIA_ID, MAP_KEY) VALUES (-1218,-3218,'alt2');
INSERT INTO BLC_SKU_MEDIA_MAP (BLC_SKU_SKU_ID, MEDIA_ID, MAP_KEY) VALUES (-1217,-3217,'alt2');
INSERT INTO BLC_SKU_MEDIA_MAP (BLC_SKU_SKU_ID, MEDIA_ID, MAP_KEY) VALUES (-1216,-3216,'alt2');
INSERT INTO BLC_SKU_MEDIA_MAP (BLC_SKU_SKU_ID, MEDIA_ID, MAP_KEY) VALUES (-1215,-3215,'alt2');
INSERT INTO BLC_SKU_MEDIA_MAP (BLC_SKU_SKU_ID, MEDIA_ID, MAP_KEY) VALUES (-1214,-3214,'alt2');
INSERT INTO BLC_SKU_MEDIA_MAP (BLC_SKU_SKU_ID, MEDIA_ID, MAP_KEY) VALUES (-1213,-3213,'alt2');
INSERT INTO BLC_SKU_MEDIA_MAP (BLC_SKU_SKU_ID, MEDIA_ID, MAP_KEY) VALUES (-1212,-3212,'alt2');
INSERT INTO BLC_SKU_MEDIA_MAP (BLC_SKU_SKU_ID, MEDIA_ID, MAP_KEY) VALUES (-1211,-3211,'alt2');
INSERT INTO BLC_SKU_MEDIA_MAP (BLC_SKU_SKU_ID, MEDIA_ID, MAP_KEY) VALUES (-1210,-3210,'alt2');
INSERT INTO BLC_SKU_MEDIA_MAP (BLC_SKU_SKU_ID, MEDIA_ID, MAP_KEY) VALUES (-1209,-3209,'alt2');
INSERT INTO BLC_SKU_MEDIA_MAP (BLC_SKU_SKU_ID, MEDIA_ID, MAP_KEY) VALUES (-1208,-3208,'alt2');
INSERT INTO BLC_SKU_MEDIA_MAP (BLC_SKU_SKU_ID, MEDIA_ID, MAP_KEY) VALUES (-1207,-3207,'alt2');
INSERT INTO BLC_SKU_MEDIA_MAP (BLC_SKU_SKU_ID, MEDIA_ID, MAP_KEY) VALUES (-1206,-3206,'alt2');
INSERT INTO BLC_SKU_MEDIA_MAP (BLC_SKU_SKU_ID, MEDIA_ID, MAP_KEY) VALUES (-1205,-3205,'alt2');
INSERT INTO BLC_SKU_MEDIA_MAP (BLC_SKU_SKU_ID, MEDIA_ID, MAP_KEY) VALUES (-1204,-3204,'alt2');
INSERT INTO BLC_SKU_MEDIA_MAP (BLC_SKU_SKU_ID, MEDIA_ID, MAP_KEY) VALUES (-1203,-3203,'alt2');
INSERT INTO BLC_SKU_MEDIA_MAP (BLC_SKU_SKU_ID, MEDIA_ID, MAP_KEY) VALUES (-1202,-3202,'alt2');
INSERT INTO BLC_SKU_MEDIA_MAP (BLC_SKU_SKU_ID, MEDIA_ID, MAP_KEY) VALUES (-1201,-3201,'alt2');
INSERT INTO BLC_SKU_MEDIA_MAP (BLC_SKU_SKU_ID, MEDIA_ID, MAP_KEY) VALUES (-1200,-3200,'alt2');
INSERT INTO BLC_SKU_MEDIA_MAP (BLC_SKU_SKU_ID, MEDIA_ID, MAP_KEY) VALUES (-1199,-3199,'alt2');
INSERT INTO BLC_SKU_MEDIA_MAP (BLC_SKU_SKU_ID, MEDIA_ID, MAP_KEY) VALUES (-1198,-3198,'alt2');
INSERT INTO BLC_SKU_MEDIA_MAP (BLC_SKU_SKU_ID, MEDIA_ID, MAP_KEY) VALUES (-1197,-3197,'alt2');
INSERT INTO BLC_SKU_MEDIA_MAP (BLC_SKU_SKU_ID, MEDIA_ID, MAP_KEY) VALUES (-1196,-3196,'alt2');
INSERT INTO BLC_SKU_MEDIA_MAP (BLC_SKU_SKU_ID, MEDIA_ID, MAP_KEY) VALUES (-1195,-3195,'alt2');
INSERT INTO BLC_SKU_MEDIA_MAP (BLC_SKU_SKU_ID, MEDIA_ID, MAP_KEY) VALUES (-1194,-3194,'alt2');
INSERT INTO BLC_SKU_MEDIA_MAP (BLC_SKU_SKU_ID, MEDIA_ID, MAP_KEY) VALUES (-1193,-3193,'alt2');
INSERT INTO BLC_SKU_MEDIA_MAP (BLC_SKU_SKU_ID, MEDIA_ID, MAP_KEY) VALUES (-1192,-3192,'alt2');
INSERT INTO BLC_SKU_MEDIA_MAP (BLC_SKU_SKU_ID, MEDIA_ID, MAP_KEY) VALUES (-1191,-3191,'alt2');
INSERT INTO BLC_SKU_MEDIA_MAP (BLC_SKU_SKU_ID, MEDIA_ID, MAP_KEY) VALUES (-1190,-3190,'alt2');
INSERT INTO BLC_SKU_MEDIA_MAP (BLC_SKU_SKU_ID, MEDIA_ID, MAP_KEY) VALUES (-1189,-3189,'alt2');
INSERT INTO BLC_SKU_MEDIA_MAP (BLC_SKU_SKU_ID, MEDIA_ID, MAP_KEY) VALUES (-1188,-3188,'alt2');
INSERT INTO BLC_SKU_MEDIA_MAP (BLC_SKU_SKU_ID, MEDIA_ID, MAP_KEY) VALUES (-1187,-3187,'alt2');
INSERT INTO BLC_SKU_MEDIA_MAP (BLC_SKU_SKU_ID, MEDIA_ID, MAP_KEY) VALUES (-1186,-3186,'alt2');
INSERT INTO BLC_SKU_MEDIA_MAP (BLC_SKU_SKU_ID, MEDIA_ID, MAP_KEY) VALUES (-1185,-3185,'alt2');
INSERT INTO BLC_SKU_MEDIA_MAP (BLC_SKU_SKU_ID, MEDIA_ID, MAP_KEY) VALUES (-1184,-3184,'alt2');
INSERT INTO BLC_SKU_MEDIA_MAP (BLC_SKU_SKU_ID, MEDIA_ID, MAP_KEY) VALUES (-1183,-3183,'alt2');
INSERT INTO BLC_SKU_MEDIA_MAP (BLC_SKU_SKU_ID, MEDIA_ID, MAP_KEY) VALUES (-1182,-3182,'alt2');
INSERT INTO BLC_SKU_MEDIA_MAP (BLC_SKU_SKU_ID, MEDIA_ID, MAP_KEY) VALUES (-1181,-3181,'alt2');
INSERT INTO BLC_SKU_MEDIA_MAP (BLC_SKU_SKU_ID, MEDIA_ID, MAP_KEY) VALUES (-1180,-3180,'alt2');
INSERT INTO BLC_SKU_MEDIA_MAP (BLC_SKU_SKU_ID, MEDIA_ID, MAP_KEY) VALUES (-1179,-3179,'alt2');
INSERT INTO BLC_SKU_MEDIA_MAP (BLC_SKU_SKU_ID, MEDIA_ID, MAP_KEY) VALUES (-1178,-3178,'alt2');
INSERT INTO BLC_SKU_MEDIA_MAP (BLC_SKU_SKU_ID, MEDIA_ID, MAP_KEY) VALUES (-1177,-3177,'alt2');
INSERT INTO BLC_SKU_MEDIA_MAP (BLC_SKU_SKU_ID, MEDIA_ID, MAP_KEY) VALUES (-1176,-3176,'alt2');
INSERT INTO BLC_SKU_MEDIA_MAP (BLC_SKU_SKU_ID, MEDIA_ID, MAP_KEY) VALUES (-1175,-3175,'alt2');
INSERT INTO BLC_SKU_MEDIA_MAP (BLC_SKU_SKU_ID, MEDIA_ID, MAP_KEY) VALUES (-1174,-3174,'alt2');
INSERT INTO BLC_SKU_MEDIA_MAP (BLC_SKU_SKU_ID, MEDIA_ID, MAP_KEY) VALUES (-1173,-3173,'alt2');
INSERT INTO BLC_SKU_MEDIA_MAP (BLC_SKU_SKU_ID, MEDIA_ID, MAP_KEY) VALUES (-1172,-3172,'alt2');
INSERT INTO BLC_SKU_MEDIA_MAP (BLC_SKU_SKU_ID, MEDIA_ID, MAP_KEY) VALUES (-1171,-3171,'alt2');
INSERT INTO BLC_SKU_MEDIA_MAP (BLC_SKU_SKU_ID, MEDIA_ID, MAP_KEY) VALUES (-1170,-3170,'alt2');
INSERT INTO BLC_SKU_MEDIA_MAP (BLC_SKU_SKU_ID, MEDIA_ID, MAP_KEY) VALUES (-1169,-3169,'alt2');
INSERT INTO BLC_SKU_MEDIA_MAP (BLC_SKU_SKU_ID, MEDIA_ID, MAP_KEY) VALUES (-1168,-3168,'alt2');
INSERT INTO BLC_SKU_MEDIA_MAP (BLC_SKU_SKU_ID, MEDIA_ID, MAP_KEY) VALUES (-1167,-3167,'alt2');
INSERT INTO BLC_SKU_MEDIA_MAP (BLC_SKU_SKU_ID, MEDIA_ID, MAP_KEY) VALUES (-1166,-3166,'alt2');
INSERT INTO BLC_SKU_MEDIA_MAP (BLC_SKU_SKU_ID, MEDIA_ID, MAP_KEY) VALUES (-1165,-3165,'alt2');
INSERT INTO BLC_SKU_MEDIA_MAP (BLC_SKU_SKU_ID, MEDIA_ID, MAP_KEY) VALUES (-1164,-3164,'alt2');
INSERT INTO BLC_SKU_MEDIA_MAP (BLC_SKU_SKU_ID, MEDIA_ID, MAP_KEY) VALUES (-1163,-3163,'alt2');
INSERT INTO BLC_SKU_MEDIA_MAP (BLC_SKU_SKU_ID, MEDIA_ID, MAP_KEY) VALUES (-1162,-3162,'alt2');
INSERT INTO BLC_SKU_MEDIA_MAP (BLC_SKU_SKU_ID, MEDIA_ID, MAP_KEY) VALUES (-1161,-3161,'alt2');
INSERT INTO BLC_SKU_MEDIA_MAP (BLC_SKU_SKU_ID, MEDIA_ID, MAP_KEY) VALUES (-1160,-3160,'alt2');
INSERT INTO BLC_SKU_MEDIA_MAP (BLC_SKU_SKU_ID, MEDIA_ID, MAP_KEY) VALUES (-1159,-3159,'alt2');
INSERT INTO BLC_SKU_MEDIA_MAP (BLC_SKU_SKU_ID, MEDIA_ID, MAP_KEY) VALUES (-1158,-3158,'alt2');
INSERT INTO BLC_SKU_MEDIA_MAP (BLC_SKU_SKU_ID, MEDIA_ID, MAP_KEY) VALUES (-1157,-3157,'alt2');
INSERT INTO BLC_SKU_MEDIA_MAP (BLC_SKU_SKU_ID, MEDIA_ID, MAP_KEY) VALUES (-1156,-3156,'alt2');
INSERT INTO BLC_SKU_MEDIA_MAP (BLC_SKU_SKU_ID, MEDIA_ID, MAP_KEY) VALUES (-1155,-3155,'alt2');
INSERT INTO BLC_SKU_MEDIA_MAP (BLC_SKU_SKU_ID, MEDIA_ID, MAP_KEY) VALUES (-1154,-3154,'alt2');
INSERT INTO BLC_SKU_MEDIA_MAP (BLC_SKU_SKU_ID, MEDIA_ID, MAP_KEY) VALUES (-1153,-3153,'alt2');
INSERT INTO BLC_SKU_MEDIA_MAP (BLC_SKU_SKU_ID, MEDIA_ID, MAP_KEY) VALUES (-1152,-3152,'alt2');
INSERT INTO BLC_SKU_MEDIA_MAP (BLC_SKU_SKU_ID, MEDIA_ID, MAP_KEY) VALUES (-1151,-3151,'alt2');
INSERT INTO BLC_SKU_MEDIA_MAP (BLC_SKU_SKU_ID, MEDIA_ID, MAP_KEY) VALUES (-1150,-3150,'alt2');
INSERT INTO BLC_SKU_MEDIA_MAP (BLC_SKU_SKU_ID, MEDIA_ID, MAP_KEY) VALUES (-1149,-3149,'alt2');
INSERT INTO BLC_SKU_MEDIA_MAP (BLC_SKU_SKU_ID, MEDIA_ID, MAP_KEY) VALUES (-1148,-3148,'alt2');
INSERT INTO BLC_SKU_MEDIA_MAP (BLC_SKU_SKU_ID, MEDIA_ID, MAP_KEY) VALUES (-1147,-3147,'alt2');
INSERT INTO BLC_SKU_MEDIA_MAP (BLC_SKU_SKU_ID, MEDIA_ID, MAP_KEY) VALUES (-1146,-3146,'alt2');
INSERT INTO BLC_SKU_MEDIA_MAP (BLC_SKU_SKU_ID, MEDIA_ID, MAP_KEY) VALUES (-1145,-3145,'alt2');
INSERT INTO BLC_SKU_MEDIA_MAP (BLC_SKU_SKU_ID, MEDIA_ID, MAP_KEY) VALUES (-1144,-3144,'alt2');
INSERT INTO BLC_SKU_MEDIA_MAP (BLC_SKU_SKU_ID, MEDIA_ID, MAP_KEY) VALUES (-1143,-3143,'alt2');
INSERT INTO BLC_SKU_MEDIA_MAP (BLC_SKU_SKU_ID, MEDIA_ID, MAP_KEY) VALUES (-1142,-3142,'alt2');
INSERT INTO BLC_SKU_MEDIA_MAP (BLC_SKU_SKU_ID, MEDIA_ID, MAP_KEY) VALUES (-1141,-3141,'alt2');
INSERT INTO BLC_SKU_MEDIA_MAP (BLC_SKU_SKU_ID, MEDIA_ID, MAP_KEY) VALUES (-1140,-3140,'alt2');
INSERT INTO BLC_SKU_MEDIA_MAP (BLC_SKU_SKU_ID, MEDIA_ID, MAP_KEY) VALUES (-1139,-3139,'alt2');
INSERT INTO BLC_SKU_MEDIA_MAP (BLC_SKU_SKU_ID, MEDIA_ID, MAP_KEY) VALUES (-1138,-3138,'alt2');
INSERT INTO BLC_SKU_MEDIA_MAP (BLC_SKU_SKU_ID, MEDIA_ID, MAP_KEY) VALUES (-1137,-3137,'alt2');
INSERT INTO BLC_SKU_MEDIA_MAP (BLC_SKU_SKU_ID, MEDIA_ID, MAP_KEY) VALUES (-1136,-3136,'alt2');
INSERT INTO BLC_SKU_MEDIA_MAP (BLC_SKU_SKU_ID, MEDIA_ID, MAP_KEY) VALUES (-1135,-3135,'alt2');
INSERT INTO BLC_SKU_MEDIA_MAP (BLC_SKU_SKU_ID, MEDIA_ID, MAP_KEY) VALUES (-1134,-3134,'alt2');
INSERT INTO BLC_SKU_MEDIA_MAP (BLC_SKU_SKU_ID, MEDIA_ID, MAP_KEY) VALUES (-1133,-3133,'alt2');
INSERT INTO BLC_SKU_MEDIA_MAP (BLC_SKU_SKU_ID, MEDIA_ID, MAP_KEY) VALUES (-1132,-3132,'alt2');
INSERT INTO BLC_SKU_MEDIA_MAP (BLC_SKU_SKU_ID, MEDIA_ID, MAP_KEY) VALUES (-1131,-3131,'alt2');
INSERT INTO BLC_SKU_MEDIA_MAP (BLC_SKU_SKU_ID, MEDIA_ID, MAP_KEY) VALUES (-1130,-3130,'alt2');
INSERT INTO BLC_SKU_MEDIA_MAP (BLC_SKU_SKU_ID, MEDIA_ID, MAP_KEY) VALUES (-1129,-3129,'alt2');
INSERT INTO BLC_SKU_MEDIA_MAP (BLC_SKU_SKU_ID, MEDIA_ID, MAP_KEY) VALUES (-1128,-3128,'alt2');
INSERT INTO BLC_SKU_MEDIA_MAP (BLC_SKU_SKU_ID, MEDIA_ID, MAP_KEY) VALUES (-1127,-3127,'alt2');
INSERT INTO BLC_SKU_MEDIA_MAP (BLC_SKU_SKU_ID, MEDIA_ID, MAP_KEY) VALUES (-1126,-3126,'alt2');
INSERT INTO BLC_SKU_MEDIA_MAP (BLC_SKU_SKU_ID, MEDIA_ID, MAP_KEY) VALUES (-1125,-3125,'alt2');
INSERT INTO BLC_SKU_MEDIA_MAP (BLC_SKU_SKU_ID, MEDIA_ID, MAP_KEY) VALUES (-1124,-3124,'alt2');
INSERT INTO BLC_SKU_MEDIA_MAP (BLC_SKU_SKU_ID, MEDIA_ID, MAP_KEY) VALUES (-1123,-3123,'alt2');
INSERT INTO BLC_SKU_MEDIA_MAP (BLC_SKU_SKU_ID, MEDIA_ID, MAP_KEY) VALUES (-1122,-3122,'alt2');
INSERT INTO BLC_SKU_MEDIA_MAP (BLC_SKU_SKU_ID, MEDIA_ID, MAP_KEY) VALUES (-1121,-3121,'alt2');
INSERT INTO BLC_SKU_MEDIA_MAP (BLC_SKU_SKU_ID, MEDIA_ID, MAP_KEY) VALUES (-1120,-3120,'alt2');
INSERT INTO BLC_SKU_MEDIA_MAP (BLC_SKU_SKU_ID, MEDIA_ID, MAP_KEY) VALUES (-1119,-3119,'alt2');
INSERT INTO BLC_SKU_MEDIA_MAP (BLC_SKU_SKU_ID, MEDIA_ID, MAP_KEY) VALUES (-1118,-3118,'alt2');
INSERT INTO BLC_SKU_MEDIA_MAP (BLC_SKU_SKU_ID, MEDIA_ID, MAP_KEY) VALUES (-1117,-3117,'alt2');
INSERT INTO BLC_SKU_MEDIA_MAP (BLC_SKU_SKU_ID, MEDIA_ID, MAP_KEY) VALUES (-1116,-3116,'alt2');
INSERT INTO BLC_SKU_MEDIA_MAP (BLC_SKU_SKU_ID, MEDIA_ID, MAP_KEY) VALUES (-1115,-3115,'alt2');
INSERT INTO BLC_SKU_MEDIA_MAP (BLC_SKU_SKU_ID, MEDIA_ID, MAP_KEY) VALUES (-1114,-3114,'alt2');
INSERT INTO BLC_SKU_MEDIA_MAP (BLC_SKU_SKU_ID, MEDIA_ID, MAP_KEY) VALUES (-1113,-3113,'alt2');
INSERT INTO BLC_SKU_MEDIA_MAP (BLC_SKU_SKU_ID, MEDIA_ID, MAP_KEY) VALUES (-1112,-3112,'alt2');
INSERT INTO BLC_SKU_MEDIA_MAP (BLC_SKU_SKU_ID, MEDIA_ID, MAP_KEY) VALUES (-1111,-3111,'alt2');
INSERT INTO BLC_SKU_MEDIA_MAP (BLC_SKU_SKU_ID, MEDIA_ID, MAP_KEY) VALUES (-1110,-3110,'alt2');
INSERT INTO BLC_SKU_MEDIA_MAP (BLC_SKU_SKU_ID, MEDIA_ID, MAP_KEY) VALUES (-1109,-3109,'alt2');
INSERT INTO BLC_SKU_MEDIA_MAP (BLC_SKU_SKU_ID, MEDIA_ID, MAP_KEY) VALUES (-1108,-3108,'alt2');
INSERT INTO BLC_SKU_MEDIA_MAP (BLC_SKU_SKU_ID, MEDIA_ID, MAP_KEY) VALUES (-1107,-3107,'alt2');
INSERT INTO BLC_SKU_MEDIA_MAP (BLC_SKU_SKU_ID, MEDIA_ID, MAP_KEY) VALUES (-1106,-3106,'alt2');
INSERT INTO BLC_SKU_MEDIA_MAP (BLC_SKU_SKU_ID, MEDIA_ID, MAP_KEY) VALUES (-1105,-3105,'alt2');
INSERT INTO BLC_SKU_MEDIA_MAP (BLC_SKU_SKU_ID, MEDIA_ID, MAP_KEY) VALUES (-1104,-3104,'alt2');
INSERT INTO BLC_SKU_MEDIA_MAP (BLC_SKU_SKU_ID, MEDIA_ID, MAP_KEY) VALUES (-1103,-3103,'alt2');
INSERT INTO BLC_SKU_MEDIA_MAP (BLC_SKU_SKU_ID, MEDIA_ID, MAP_KEY) VALUES (-1102,-3102,'alt2');
INSERT INTO BLC_SKU_MEDIA_MAP (BLC_SKU_SKU_ID, MEDIA_ID, MAP_KEY) VALUES (-1101,-3101,'alt2');
INSERT INTO BLC_SKU_MEDIA_MAP (BLC_SKU_SKU_ID, MEDIA_ID, MAP_KEY) VALUES (-1100,-3100,'alt2');
INSERT INTO BLC_SKU_MEDIA_MAP (BLC_SKU_SKU_ID, MEDIA_ID, MAP_KEY) VALUES (-1099,-3099,'alt2');
INSERT INTO BLC_SKU_MEDIA_MAP (BLC_SKU_SKU_ID, MEDIA_ID, MAP_KEY) VALUES (-1098,-3098,'alt2');
INSERT INTO BLC_SKU_MEDIA_MAP (BLC_SKU_SKU_ID, MEDIA_ID, MAP_KEY) VALUES (-1097,-3097,'alt2');
INSERT INTO BLC_SKU_MEDIA_MAP (BLC_SKU_SKU_ID, MEDIA_ID, MAP_KEY) VALUES (-1096,-3096,'alt2');
INSERT INTO BLC_SKU_MEDIA_MAP (BLC_SKU_SKU_ID, MEDIA_ID, MAP_KEY) VALUES (-1095,-3095,'alt2');
INSERT INTO BLC_SKU_MEDIA_MAP (BLC_SKU_SKU_ID, MEDIA_ID, MAP_KEY) VALUES (-1094,-3094,'alt2');
INSERT INTO BLC_SKU_MEDIA_MAP (BLC_SKU_SKU_ID, MEDIA_ID, MAP_KEY) VALUES (-1093,-3093,'alt2');
INSERT INTO BLC_SKU_MEDIA_MAP (BLC_SKU_SKU_ID, MEDIA_ID, MAP_KEY) VALUES (-1092,-3092,'alt2');
INSERT INTO BLC_SKU_MEDIA_MAP (BLC_SKU_SKU_ID, MEDIA_ID, MAP_KEY) VALUES (-1091,-3091,'alt2');
INSERT INTO BLC_SKU_MEDIA_MAP (BLC_SKU_SKU_ID, MEDIA_ID, MAP_KEY) VALUES (-1090,-3090,'alt2');
INSERT INTO BLC_SKU_MEDIA_MAP (BLC_SKU_SKU_ID, MEDIA_ID, MAP_KEY) VALUES (-1089,-3089,'alt2');
INSERT INTO BLC_SKU_MEDIA_MAP (BLC_SKU_SKU_ID, MEDIA_ID, MAP_KEY) VALUES (-1088,-3088,'alt2');
INSERT INTO BLC_SKU_MEDIA_MAP (BLC_SKU_SKU_ID, MEDIA_ID, MAP_KEY) VALUES (-1087,-3087,'alt2');
INSERT INTO BLC_SKU_MEDIA_MAP (BLC_SKU_SKU_ID, MEDIA_ID, MAP_KEY) VALUES (-1086,-3086,'alt2');
INSERT INTO BLC_SKU_MEDIA_MAP (BLC_SKU_SKU_ID, MEDIA_ID, MAP_KEY) VALUES (-1085,-3085,'alt2');
INSERT INTO BLC_SKU_MEDIA_MAP (BLC_SKU_SKU_ID, MEDIA_ID, MAP_KEY) VALUES (-1084,-3084,'alt2');
INSERT INTO BLC_SKU_MEDIA_MAP (BLC_SKU_SKU_ID, MEDIA_ID, MAP_KEY) VALUES (-1083,-3083,'alt2');
INSERT INTO BLC_SKU_MEDIA_MAP (BLC_SKU_SKU_ID, MEDIA_ID, MAP_KEY) VALUES (-1082,-3082,'alt2');
INSERT INTO BLC_SKU_MEDIA_MAP (BLC_SKU_SKU_ID, MEDIA_ID, MAP_KEY) VALUES (-1081,-3081,'alt2');
INSERT INTO BLC_SKU_MEDIA_MAP (BLC_SKU_SKU_ID, MEDIA_ID, MAP_KEY) VALUES (-1080,-3080,'alt2');
INSERT INTO BLC_SKU_MEDIA_MAP (BLC_SKU_SKU_ID, MEDIA_ID, MAP_KEY) VALUES (-1079,-3079,'alt2');
INSERT INTO BLC_SKU_MEDIA_MAP (BLC_SKU_SKU_ID, MEDIA_ID, MAP_KEY) VALUES (-1078,-3078,'alt2');
INSERT INTO BLC_SKU_MEDIA_MAP (BLC_SKU_SKU_ID, MEDIA_ID, MAP_KEY) VALUES (-1077,-3077,'alt2');
INSERT INTO BLC_SKU_MEDIA_MAP (BLC_SKU_SKU_ID, MEDIA_ID, MAP_KEY) VALUES (-1076,-3076,'alt2');
INSERT INTO BLC_SKU_MEDIA_MAP (BLC_SKU_SKU_ID, MEDIA_ID, MAP_KEY) VALUES (-1075,-3075,'alt2');
INSERT INTO BLC_SKU_MEDIA_MAP (BLC_SKU_SKU_ID, MEDIA_ID, MAP_KEY) VALUES (-1074,-3074,'alt2');
INSERT INTO BLC_SKU_MEDIA_MAP (BLC_SKU_SKU_ID, MEDIA_ID, MAP_KEY) VALUES (-1073,-3073,'alt2');
INSERT INTO BLC_SKU_MEDIA_MAP (BLC_SKU_SKU_ID, MEDIA_ID, MAP_KEY) VALUES (-1072,-3072,'alt2');
INSERT INTO BLC_SKU_MEDIA_MAP (BLC_SKU_SKU_ID, MEDIA_ID, MAP_KEY) VALUES (-1071,-3071,'alt2');
INSERT INTO BLC_SKU_MEDIA_MAP (BLC_SKU_SKU_ID, MEDIA_ID, MAP_KEY) VALUES (-1070,-3070,'alt2');
INSERT INTO BLC_SKU_MEDIA_MAP (BLC_SKU_SKU_ID, MEDIA_ID, MAP_KEY) VALUES (-1069,-3069,'alt2');
INSERT INTO BLC_SKU_MEDIA_MAP (BLC_SKU_SKU_ID, MEDIA_ID, MAP_KEY) VALUES (-1068,-3068,'alt2');
INSERT INTO BLC_SKU_MEDIA_MAP (BLC_SKU_SKU_ID, MEDIA_ID, MAP_KEY) VALUES (-1067,-3067,'alt2');
INSERT INTO BLC_SKU_MEDIA_MAP (BLC_SKU_SKU_ID, MEDIA_ID, MAP_KEY) VALUES (-1066,-3066,'alt2');
INSERT INTO BLC_SKU_MEDIA_MAP (BLC_SKU_SKU_ID, MEDIA_ID, MAP_KEY) VALUES (-1065,-3065,'alt2');
INSERT INTO BLC_SKU_MEDIA_MAP (BLC_SKU_SKU_ID, MEDIA_ID, MAP_KEY) VALUES (-1064,-3064,'alt2');
INSERT INTO BLC_SKU_MEDIA_MAP (BLC_SKU_SKU_ID, MEDIA_ID, MAP_KEY) VALUES (-1063,-3063,'alt2');
INSERT INTO BLC_SKU_MEDIA_MAP (BLC_SKU_SKU_ID, MEDIA_ID, MAP_KEY) VALUES (-1062,-3062,'alt2');
INSERT INTO BLC_SKU_MEDIA_MAP (BLC_SKU_SKU_ID, MEDIA_ID, MAP_KEY) VALUES (-1061,-3061,'alt2');
INSERT INTO BLC_SKU_MEDIA_MAP (BLC_SKU_SKU_ID, MEDIA_ID, MAP_KEY) VALUES (-1060,-3060,'alt2');
INSERT INTO BLC_SKU_MEDIA_MAP (BLC_SKU_SKU_ID, MEDIA_ID, MAP_KEY) VALUES (-1059,-3059,'alt2');
INSERT INTO BLC_SKU_MEDIA_MAP (BLC_SKU_SKU_ID, MEDIA_ID, MAP_KEY) VALUES (-1058,-3058,'alt2');
INSERT INTO BLC_SKU_MEDIA_MAP (BLC_SKU_SKU_ID, MEDIA_ID, MAP_KEY) VALUES (-1057,-3057,'alt2');
INSERT INTO BLC_SKU_MEDIA_MAP (BLC_SKU_SKU_ID, MEDIA_ID, MAP_KEY) VALUES (-1056,-3056,'alt2');
INSERT INTO BLC_SKU_MEDIA_MAP (BLC_SKU_SKU_ID, MEDIA_ID, MAP_KEY) VALUES (-1055,-3055,'alt2');
INSERT INTO BLC_SKU_MEDIA_MAP (BLC_SKU_SKU_ID, MEDIA_ID, MAP_KEY) VALUES (-1054,-3054,'alt2');
INSERT INTO BLC_SKU_MEDIA_MAP (BLC_SKU_SKU_ID, MEDIA_ID, MAP_KEY) VALUES (-1053,-3053,'alt2');
INSERT INTO BLC_SKU_MEDIA_MAP (BLC_SKU_SKU_ID, MEDIA_ID, MAP_KEY) VALUES (-1052,-3052,'alt2');
INSERT INTO BLC_SKU_MEDIA_MAP (BLC_SKU_SKU_ID, MEDIA_ID, MAP_KEY) VALUES (-1051,-3051,'alt2');
INSERT INTO BLC_SKU_MEDIA_MAP (BLC_SKU_SKU_ID, MEDIA_ID, MAP_KEY) VALUES (-1050,-3050,'alt2');
INSERT INTO BLC_SKU_MEDIA_MAP (BLC_SKU_SKU_ID, MEDIA_ID, MAP_KEY) VALUES (-1049,-3049,'alt2');
INSERT INTO BLC_SKU_MEDIA_MAP (BLC_SKU_SKU_ID, MEDIA_ID, MAP_KEY) VALUES (-1048,-3048,'alt2');
INSERT INTO BLC_SKU_MEDIA_MAP (BLC_SKU_SKU_ID, MEDIA_ID, MAP_KEY) VALUES (-1047,-3047,'alt2');
INSERT INTO BLC_SKU_MEDIA_MAP (BLC_SKU_SKU_ID, MEDIA_ID, MAP_KEY) VALUES (-1046,-3046,'alt2');
INSERT INTO BLC_SKU_MEDIA_MAP (BLC_SKU_SKU_ID, MEDIA_ID, MAP_KEY) VALUES (-1045,-3045,'alt2');
INSERT INTO BLC_SKU_MEDIA_MAP (BLC_SKU_SKU_ID, MEDIA_ID, MAP_KEY) VALUES (-1044,-3044,'alt2');
INSERT INTO BLC_SKU_MEDIA_MAP (BLC_SKU_SKU_ID, MEDIA_ID, MAP_KEY) VALUES (-1043,-3043,'alt2');
INSERT INTO BLC_SKU_MEDIA_MAP (BLC_SKU_SKU_ID, MEDIA_ID, MAP_KEY) VALUES (-1042,-3042,'alt2');
INSERT INTO BLC_SKU_MEDIA_MAP (BLC_SKU_SKU_ID, MEDIA_ID, MAP_KEY) VALUES (-1041,-3041,'alt2');
INSERT INTO BLC_SKU_MEDIA_MAP (BLC_SKU_SKU_ID, MEDIA_ID, MAP_KEY) VALUES (-1040,-3040,'alt2');
INSERT INTO BLC_SKU_MEDIA_MAP (BLC_SKU_SKU_ID, MEDIA_ID, MAP_KEY) VALUES (-1039,-3039,'alt2');
INSERT INTO BLC_SKU_MEDIA_MAP (BLC_SKU_SKU_ID, MEDIA_ID, MAP_KEY) VALUES (-1038,-3038,'alt2');
INSERT INTO BLC_SKU_MEDIA_MAP (BLC_SKU_SKU_ID, MEDIA_ID, MAP_KEY) VALUES (-1037,-3037,'alt2');
INSERT INTO BLC_SKU_MEDIA_MAP (BLC_SKU_SKU_ID, MEDIA_ID, MAP_KEY) VALUES (-1036,-3036,'alt2');
INSERT INTO BLC_SKU_MEDIA_MAP (BLC_SKU_SKU_ID, MEDIA_ID, MAP_KEY) VALUES (-1035,-3035,'alt2');
INSERT INTO BLC_SKU_MEDIA_MAP (BLC_SKU_SKU_ID, MEDIA_ID, MAP_KEY) VALUES (-1034,-3034,'alt2');
INSERT INTO BLC_SKU_MEDIA_MAP (BLC_SKU_SKU_ID, MEDIA_ID, MAP_KEY) VALUES (-1033,-3033,'alt2');
INSERT INTO BLC_SKU_MEDIA_MAP (BLC_SKU_SKU_ID, MEDIA_ID, MAP_KEY) VALUES (-1032,-3032,'alt2');
INSERT INTO BLC_SKU_MEDIA_MAP (BLC_SKU_SKU_ID, MEDIA_ID, MAP_KEY) VALUES (-1031,-3031,'alt2');
INSERT INTO BLC_SKU_MEDIA_MAP (BLC_SKU_SKU_ID, MEDIA_ID, MAP_KEY) VALUES (-1030,-3030,'alt2');
INSERT INTO BLC_SKU_MEDIA_MAP (BLC_SKU_SKU_ID, MEDIA_ID, MAP_KEY) VALUES (-1029,-3029,'alt2');
INSERT INTO BLC_SKU_MEDIA_MAP (BLC_SKU_SKU_ID, MEDIA_ID, MAP_KEY) VALUES (-1028,-3028,'alt2');
INSERT INTO BLC_SKU_MEDIA_MAP (BLC_SKU_SKU_ID, MEDIA_ID, MAP_KEY) VALUES (-1027,-3027,'alt2');
INSERT INTO BLC_SKU_MEDIA_MAP (BLC_SKU_SKU_ID, MEDIA_ID, MAP_KEY) VALUES (-1026,-3026,'alt2');
INSERT INTO BLC_SKU_MEDIA_MAP (BLC_SKU_SKU_ID, MEDIA_ID, MAP_KEY) VALUES (-1025,-3025,'alt2');
INSERT INTO BLC_SKU_MEDIA_MAP (BLC_SKU_SKU_ID, MEDIA_ID, MAP_KEY) VALUES (-1024,-3024,'alt2');
INSERT INTO BLC_SKU_MEDIA_MAP (BLC_SKU_SKU_ID, MEDIA_ID, MAP_KEY) VALUES (-1023,-3023,'alt2');
INSERT INTO BLC_SKU_MEDIA_MAP (BLC_SKU_SKU_ID, MEDIA_ID, MAP_KEY) VALUES (-1022,-3022,'alt2');
INSERT INTO BLC_SKU_MEDIA_MAP (BLC_SKU_SKU_ID, MEDIA_ID, MAP_KEY) VALUES (-1021,-3021,'alt2');
INSERT INTO BLC_SKU_MEDIA_MAP (BLC_SKU_SKU_ID, MEDIA_ID, MAP_KEY) VALUES (-1020,-3020,'alt2');
INSERT INTO BLC_SKU_MEDIA_MAP (BLC_SKU_SKU_ID, MEDIA_ID, MAP_KEY) VALUES (-1019,-3019,'alt2');
INSERT INTO BLC_SKU_MEDIA_MAP (BLC_SKU_SKU_ID, MEDIA_ID, MAP_KEY) VALUES (-1018,-3018,'alt2');
INSERT INTO BLC_SKU_MEDIA_MAP (BLC_SKU_SKU_ID, MEDIA_ID, MAP_KEY) VALUES (-1017,-3017,'alt2');
INSERT INTO BLC_SKU_MEDIA_MAP (BLC_SKU_SKU_ID, MEDIA_ID, MAP_KEY) VALUES (-1016,-3016,'alt2');
INSERT INTO BLC_SKU_MEDIA_MAP (BLC_SKU_SKU_ID, MEDIA_ID, MAP_KEY) VALUES (-1015,-3015,'alt2');
INSERT INTO BLC_SKU_MEDIA_MAP (BLC_SKU_SKU_ID, MEDIA_ID, MAP_KEY) VALUES (-1014,-3014,'alt2');
INSERT INTO BLC_SKU_MEDIA_MAP (BLC_SKU_SKU_ID, MEDIA_ID, MAP_KEY) VALUES (-1013,-3013,'alt2');
INSERT INTO BLC_SKU_MEDIA_MAP (BLC_SKU_SKU_ID, MEDIA_ID, MAP_KEY) VALUES (-1012,-3012,'alt2');
INSERT INTO BLC_SKU_MEDIA_MAP (BLC_SKU_SKU_ID, MEDIA_ID, MAP_KEY) VALUES (-1011,-3011,'alt2');
INSERT INTO BLC_SKU_MEDIA_MAP (BLC_SKU_SKU_ID, MEDIA_ID, MAP_KEY) VALUES (-1010,-3010,'alt2');
INSERT INTO BLC_SKU_MEDIA_MAP (BLC_SKU_SKU_ID, MEDIA_ID, MAP_KEY) VALUES (-1009,-3009,'alt2');
INSERT INTO BLC_SKU_MEDIA_MAP (BLC_SKU_SKU_ID, MEDIA_ID, MAP_KEY) VALUES (-1008,-3008,'alt2');
INSERT INTO BLC_SKU_MEDIA_MAP (BLC_SKU_SKU_ID, MEDIA_ID, MAP_KEY) VALUES (-1007,-3007,'alt2');
INSERT INTO BLC_SKU_MEDIA_MAP (BLC_SKU_SKU_ID, MEDIA_ID, MAP_KEY) VALUES (-1006,-3006,'alt2');
INSERT INTO BLC_SKU_MEDIA_MAP (BLC_SKU_SKU_ID, MEDIA_ID, MAP_KEY) VALUES (-1005,-3005,'alt2');
INSERT INTO BLC_SKU_MEDIA_MAP (BLC_SKU_SKU_ID, MEDIA_ID, MAP_KEY) VALUES (-1004,-3004,'alt2');
INSERT INTO BLC_SKU_MEDIA_MAP (BLC_SKU_SKU_ID, MEDIA_ID, MAP_KEY) VALUES (-1003,-3003,'alt2');
INSERT INTO BLC_SKU_MEDIA_MAP (BLC_SKU_SKU_ID, MEDIA_ID, MAP_KEY) VALUES (-1002,-3002,'alt2');
INSERT INTO BLC_SKU_MEDIA_MAP (BLC_SKU_SKU_ID, MEDIA_ID, MAP_KEY) VALUES (-1001,-3001,'alt2');
INSERT INTO BLC_SKU_MEDIA_MAP (BLC_SKU_SKU_ID, MEDIA_ID, MAP_KEY) VALUES (-1000,-3000,'alt2');























INSERT INTO BLC_STATIC_ASSET (STATIC_ASSET_ID, MIME_TYPE, STORAGE_TYPE, FULL_URL, NAME) VALUES (-3232,'image/jpg','FILESYSTEM','/img/product/01.001.0002/3desc.jpg','奥利奥原味夹心饼干');
INSERT INTO BLC_STATIC_ASSET (STATIC_ASSET_ID, MIME_TYPE, STORAGE_TYPE, FULL_URL, NAME) VALUES (-3231,'image/jpg','FILESYSTEM','/img/product/01.001.0003/3desc.jpg','奥利奥巧克力味夹心');
INSERT INTO BLC_STATIC_ASSET (STATIC_ASSET_ID, MIME_TYPE, STORAGE_TYPE, FULL_URL, NAME) VALUES (-3230,'image/jpg','FILESYSTEM','/img/product/01.001.0004/3desc.jpg','奥利奥草莓味夹心');
INSERT INTO BLC_STATIC_ASSET (STATIC_ASSET_ID, MIME_TYPE, STORAGE_TYPE, FULL_URL, NAME) VALUES (-3229,'image/jpg','FILESYSTEM','/img/product/01.001.0005/3desc.jpg','奥利奥原味夹心');
INSERT INTO BLC_STATIC_ASSET (STATIC_ASSET_ID, MIME_TYPE, STORAGE_TYPE, FULL_URL, NAME) VALUES (-3228,'image/jpg','FILESYSTEM','/img/product/01.001.0006/3desc.jpg','奥利奥巧克力夹心');
INSERT INTO BLC_STATIC_ASSET (STATIC_ASSET_ID, MIME_TYPE, STORAGE_TYPE, FULL_URL, NAME) VALUES (-3227,'image/jpg','FILESYSTEM','/img/product/01.001.0007/3desc.jpg','奥利奥威化原味夹心');
INSERT INTO BLC_STATIC_ASSET (STATIC_ASSET_ID, MIME_TYPE, STORAGE_TYPE, FULL_URL, NAME) VALUES (-3226,'image/jpg','FILESYSTEM','/img/product/01.001.0008/3desc.jpg','奥利奥原味巧克力棒随心装');
INSERT INTO BLC_STATIC_ASSET (STATIC_ASSET_ID, MIME_TYPE, STORAGE_TYPE, FULL_URL, NAME) VALUES (-3225,'image/jpg','FILESYSTEM','/img/product/01.001.0009/3desc.jpg','奥利奥牛奶巧克力棒随心装');
INSERT INTO BLC_STATIC_ASSET (STATIC_ASSET_ID, MIME_TYPE, STORAGE_TYPE, FULL_URL, NAME) VALUES (-3224,'image/jpg','FILESYSTEM','/img/product/01.001.0010/3desc.jpg','奥利奥金装巧克力味');
INSERT INTO BLC_STATIC_ASSET (STATIC_ASSET_ID, MIME_TYPE, STORAGE_TYPE, FULL_URL, NAME) VALUES (-3223,'image/jpg','FILESYSTEM','/img/product/01.001.0011/3desc.jpg','趣多多经典巧克力原味');
INSERT INTO BLC_STATIC_ASSET (STATIC_ASSET_ID, MIME_TYPE, STORAGE_TYPE, FULL_URL, NAME) VALUES (-3222,'image/jpg','FILESYSTEM','/img/product/01.001.0012/3desc.jpg','趣多多缤纷曲奇饼巧克力味');
INSERT INTO BLC_STATIC_ASSET (STATIC_ASSET_ID, MIME_TYPE, STORAGE_TYPE, FULL_URL, NAME) VALUES (-3221,'image/jpg','FILESYSTEM','/img/product/01.001.0013/3desc.jpg','趣多多大块巧克力曲奇饼干（咖啡味）');
INSERT INTO BLC_STATIC_ASSET (STATIC_ASSET_ID, MIME_TYPE, STORAGE_TYPE, FULL_URL, NAME) VALUES (-3220,'image/jpg','FILESYSTEM','/img/product/01.001.0014/3desc.jpg','趣多多软式甜饼经典巧克力原味');
INSERT INTO BLC_STATIC_ASSET (STATIC_ASSET_ID, MIME_TYPE, STORAGE_TYPE, FULL_URL, NAME) VALUES (-3219,'image/jpg','FILESYSTEM','/img/product/01.001.0015/3desc.jpg','优冠牛奶香脆（纯正牛奶）');
INSERT INTO BLC_STATIC_ASSET (STATIC_ASSET_ID, MIME_TYPE, STORAGE_TYPE, FULL_URL, NAME) VALUES (-3218,'image/jpg','FILESYSTEM','/img/product/01.001.0016/3desc.jpg','优冠牛奶特浓夹心（香浓夹心）');
INSERT INTO BLC_STATIC_ASSET (STATIC_ASSET_ID, MIME_TYPE, STORAGE_TYPE, FULL_URL, NAME) VALUES (-3217,'image/jpg','FILESYSTEM','/img/product/01.001.0017/3desc.jpg','优冠牛奶特浓夹心（香滑巧克力）');
INSERT INTO BLC_STATIC_ASSET (STATIC_ASSET_ID, MIME_TYPE, STORAGE_TYPE, FULL_URL, NAME) VALUES (-3216,'image/jpg','FILESYSTEM','/img/product/01.001.0018/3desc.jpg','优冠牛奶特浓夹心（香酥蛋黄）');
INSERT INTO BLC_STATIC_ASSET (STATIC_ASSET_ID, MIME_TYPE, STORAGE_TYPE, FULL_URL, NAME) VALUES (-3215,'image/jpg','FILESYSTEM','/img/product/01.001.0019/3desc.jpg','王子曲奇星（香浓巧克力）');
INSERT INTO BLC_STATIC_ASSET (STATIC_ASSET_ID, MIME_TYPE, STORAGE_TYPE, FULL_URL, NAME) VALUES (-3214,'image/jpg','FILESYSTEM','/img/product/01.001.0020/3desc.jpg','太平梳打（香葱味）');
INSERT INTO BLC_STATIC_ASSET (STATIC_ASSET_ID, MIME_TYPE, STORAGE_TYPE, FULL_URL, NAME) VALUES (-3213,'image/jpg','FILESYSTEM','/img/product/01.001.0021/3desc.jpg','太平梳打（奶盐味）');
INSERT INTO BLC_STATIC_ASSET (STATIC_ASSET_ID, MIME_TYPE, STORAGE_TYPE, FULL_URL, NAME) VALUES (-3212,'image/jpg','FILESYSTEM','/img/product/01.001.0022/3desc.jpg','闲趣（自然清威原味）');
INSERT INTO BLC_STATIC_ASSET (STATIC_ASSET_ID, MIME_TYPE, STORAGE_TYPE, FULL_URL, NAME) VALUES (-3211,'image/jpg','FILESYSTEM','/img/product/01.001.0023/3desc.jpg','闲趣（田园番茄味）');
INSERT INTO BLC_STATIC_ASSET (STATIC_ASSET_ID, MIME_TYPE, STORAGE_TYPE, FULL_URL, NAME) VALUES (-3210,'image/jpg','FILESYSTEM','/img/product/01.001.0024/3desc.jpg','闲趣（秘制小牛排味）');
INSERT INTO BLC_STATIC_ASSET (STATIC_ASSET_ID, MIME_TYPE, STORAGE_TYPE, FULL_URL, NAME) VALUES (-3209,'image/jpg','FILESYSTEM','/img/product/01.001.0025/3desc.jpg','康师傅3+2苏打夹心饼干(香浓奶油味)');
INSERT INTO BLC_STATIC_ASSET (STATIC_ASSET_ID, MIME_TYPE, STORAGE_TYPE, FULL_URL, NAME) VALUES (-3208,'image/jpg','FILESYSTEM','/img/product/01.001.0026/3desc.jpg','康师傅3+2苏打夹心饼干(香草巧克力味)');
INSERT INTO BLC_STATIC_ASSET (STATIC_ASSET_ID, MIME_TYPE, STORAGE_TYPE, FULL_URL, NAME) VALUES (-3207,'image/jpg','FILESYSTEM','/img/product/01.004.0027/3desc.jpg','康师傅3+2苏打夹心饼干(抹茶蜜豆味)');
INSERT INTO BLC_STATIC_ASSET (STATIC_ASSET_ID, MIME_TYPE, STORAGE_TYPE, FULL_URL, NAME) VALUES (-3206,'image/jpg','FILESYSTEM','/img/product/01.001.0028/3desc.jpg','徐福记松软蛋酥沙琪玛迷你包');
INSERT INTO BLC_STATIC_ASSET (STATIC_ASSET_ID, MIME_TYPE, STORAGE_TYPE, FULL_URL, NAME) VALUES (-3205,'image/jpg','FILESYSTEM','/img/product/01.001.0029/3desc.jpg','康师傅美味酥什锦烧烤味');
INSERT INTO BLC_STATIC_ASSET (STATIC_ASSET_ID, MIME_TYPE, STORAGE_TYPE, FULL_URL, NAME) VALUES (-3204,'image/jpg','FILESYSTEM','/img/product/01.001.0030/3desc.jpg','康师傅美味酥黑胡椒牛排味');
INSERT INTO BLC_STATIC_ASSET (STATIC_ASSET_ID, MIME_TYPE, STORAGE_TYPE, FULL_URL, NAME) VALUES (-3203,'image/jpg','FILESYSTEM','/img/product/01.001.0031/3desc.jpg','康师傅美味酥点点葱香味');
INSERT INTO BLC_STATIC_ASSET (STATIC_ASSET_ID, MIME_TYPE, STORAGE_TYPE, FULL_URL, NAME) VALUES (-3202,'image/jpg','FILESYSTEM','/img/product/01.001.0032/3desc.jpg','达利园香葱咸饼');
INSERT INTO BLC_STATIC_ASSET (STATIC_ASSET_ID, MIME_TYPE, STORAGE_TYPE, FULL_URL, NAME) VALUES (-3201,'image/jpg','FILESYSTEM','/img/product/01.001.0033/3desc.jpg','好吃点低糖海苔饼');
INSERT INTO BLC_STATIC_ASSET (STATIC_ASSET_ID, MIME_TYPE, STORAGE_TYPE, FULL_URL, NAME) VALUES (-3200,'image/jpg','FILESYSTEM','/img/product/01.001.0034/3desc.jpg','好吃点香脆核桃酥饼');
INSERT INTO BLC_STATIC_ASSET (STATIC_ASSET_ID, MIME_TYPE, STORAGE_TYPE, FULL_URL, NAME) VALUES (-3199,'image/jpg','FILESYSTEM','/img/product/01.001.0035/3desc.jpg','好吃点杏仁酥饼');
INSERT INTO BLC_STATIC_ASSET (STATIC_ASSET_ID, MIME_TYPE, STORAGE_TYPE, FULL_URL, NAME) VALUES (-3198,'image/jpg','FILESYSTEM','/img/product/01.001.0036/3desc.jpg','好吃点香脆腰果饼');
INSERT INTO BLC_STATIC_ASSET (STATIC_ASSET_ID, MIME_TYPE, STORAGE_TYPE, FULL_URL, NAME) VALUES (-3197,'image/jpg','FILESYSTEM','/img/product/01.001.0037/3desc.jpg','好吃点香脆杏仁饼');
INSERT INTO BLC_STATIC_ASSET (STATIC_ASSET_ID, MIME_TYPE, STORAGE_TYPE, FULL_URL, NAME) VALUES (-3196,'image/jpg','FILESYSTEM','/img/product/01.001.0038/3desc.jpg','好吃点香脆核桃饼');
INSERT INTO BLC_STATIC_ASSET (STATIC_ASSET_ID, MIME_TYPE, STORAGE_TYPE, FULL_URL, NAME) VALUES (-3195,'image/jpg','FILESYSTEM','/img/product/01.001.0039/3desc.jpg','好吃点榛仁酥');
INSERT INTO BLC_STATIC_ASSET (STATIC_ASSET_ID, MIME_TYPE, STORAGE_TYPE, FULL_URL, NAME) VALUES (-3194,'image/jpg','FILESYSTEM','/img/product/01.001.0040/3desc.jpg','格力高菜园小饼孜然烧烤');
INSERT INTO BLC_STATIC_ASSET (STATIC_ASSET_ID, MIME_TYPE, STORAGE_TYPE, FULL_URL, NAME) VALUES (-3193,'image/jpg','FILESYSTEM','/img/product/01.001.0041/3desc.jpg','格力高菜园小饼番茄味');
INSERT INTO BLC_STATIC_ASSET (STATIC_ASSET_ID, MIME_TYPE, STORAGE_TYPE, FULL_URL, NAME) VALUES (-3192,'image/jpg','FILESYSTEM','/img/product/01.001.0042/3desc.jpg','格力高菜园小饼葱辣味');
INSERT INTO BLC_STATIC_ASSET (STATIC_ASSET_ID, MIME_TYPE, STORAGE_TYPE, FULL_URL, NAME) VALUES (-3191,'image/jpg','FILESYSTEM','/img/product/01.001.0043/3desc.jpg','格力高菜园小饼色拉虾味');
INSERT INTO BLC_STATIC_ASSET (STATIC_ASSET_ID, MIME_TYPE, STORAGE_TYPE, FULL_URL, NAME) VALUES (-3190,'image/jpg','FILESYSTEM','/img/product/01.001.0044/3desc.jpg','格力高菜园小饼比萨味');
INSERT INTO BLC_STATIC_ASSET (STATIC_ASSET_ID, MIME_TYPE, STORAGE_TYPE, FULL_URL, NAME) VALUES (-3189,'image/jpg','FILESYSTEM','/img/product/01.001.0045/3desc.jpg','旺旺雪饼');
INSERT INTO BLC_STATIC_ASSET (STATIC_ASSET_ID, MIME_TYPE, STORAGE_TYPE, FULL_URL, NAME) VALUES (-3188,'image/jpg','FILESYSTEM','/img/product/01.004.0046/3desc.jpg','津味金针菇脆笋');
INSERT INTO BLC_STATIC_ASSET (STATIC_ASSET_ID, MIME_TYPE, STORAGE_TYPE, FULL_URL, NAME) VALUES (-3187,'image/jpg','FILESYSTEM','/img/product/01.004.0047/3desc.jpg','雀巢咖啡1+2（11+2杯装）');
INSERT INTO BLC_STATIC_ASSET (STATIC_ASSET_ID, MIME_TYPE, STORAGE_TYPE, FULL_URL, NAME) VALUES (-3186,'image/jpg','FILESYSTEM','/img/product/01.004.0048/3desc.jpg','Tang 菓珍');
INSERT INTO BLC_STATIC_ASSET (STATIC_ASSET_ID, MIME_TYPE, STORAGE_TYPE, FULL_URL, NAME) VALUES (-3185,'image/jpg','FILESYSTEM','/img/product/01.004.0049/3desc.jpg','达利园法式软面包香橙味160g（8枚）');
INSERT INTO BLC_STATIC_ASSET (STATIC_ASSET_ID, MIME_TYPE, STORAGE_TYPE, FULL_URL, NAME) VALUES (-3184,'image/jpg','FILESYSTEM','/img/product/01.004.0050/3desc.jpg','达利园法式软面包香奶味160g（8枚）');
INSERT INTO BLC_STATIC_ASSET (STATIC_ASSET_ID, MIME_TYPE, STORAGE_TYPE, FULL_URL, NAME) VALUES (-3183,'image/jpg','FILESYSTEM','/img/product/01.004.0051/3desc.jpg','达利园草莓派250g(10枚)');
INSERT INTO BLC_STATIC_ASSET (STATIC_ASSET_ID, MIME_TYPE, STORAGE_TYPE, FULL_URL, NAME) VALUES (-3182,'image/jpg','FILESYSTEM','/img/product/01.004.0052/3desc.jpg','达利园蛋黄派250g(10枚)');
INSERT INTO BLC_STATIC_ASSET (STATIC_ASSET_ID, MIME_TYPE, STORAGE_TYPE, FULL_URL, NAME) VALUES (-3181,'image/jpg','FILESYSTEM','/img/product/01.004.0053/3desc.jpg','达利园巧克力派300g（10枚）');
INSERT INTO BLC_STATIC_ASSET (STATIC_ASSET_ID, MIME_TYPE, STORAGE_TYPE, FULL_URL, NAME) VALUES (-3180,'image/jpg','FILESYSTEM','/img/product/01.004.0054/3desc.jpg','达利园瑞士卷8枚(草莓味)');
INSERT INTO BLC_STATIC_ASSET (STATIC_ASSET_ID, MIME_TYPE, STORAGE_TYPE, FULL_URL, NAME) VALUES (-3179,'image/jpg','FILESYSTEM','/img/product/01.004.0055/3desc.jpg','达利园瑞士卷8枚(橙汁味)');
INSERT INTO BLC_STATIC_ASSET (STATIC_ASSET_ID, MIME_TYPE, STORAGE_TYPE, FULL_URL, NAME) VALUES (-3178,'image/jpg','FILESYSTEM','/img/product/01.004.0056/3desc.jpg','达利园瑞士卷8枚(巧克力味)');
INSERT INTO BLC_STATIC_ASSET (STATIC_ASSET_ID, MIME_TYPE, STORAGE_TYPE, FULL_URL, NAME) VALUES (-3177,'image/jpg','FILESYSTEM','/img/product/01.004.0057/3desc.jpg','好丽友Q蒂2枚装（摩卡巧克力）');
INSERT INTO BLC_STATIC_ASSET (STATIC_ASSET_ID, MIME_TYPE, STORAGE_TYPE, FULL_URL, NAME) VALUES (-3176,'image/jpg','FILESYSTEM','/img/product/01.004.0058/3desc.jpg','好丽友蛋黄派2枚装');
INSERT INTO BLC_STATIC_ASSET (STATIC_ASSET_ID, MIME_TYPE, STORAGE_TYPE, FULL_URL, NAME) VALUES (-3175,'image/jpg','FILESYSTEM','/img/product/01.004.0059/3desc.jpg','好丽友派2枚装');
INSERT INTO BLC_STATIC_ASSET (STATIC_ASSET_ID, MIME_TYPE, STORAGE_TYPE, FULL_URL, NAME) VALUES (-3174,'image/jpg','FILESYSTEM','/img/product/01.004.0060/3desc.jpg','好丽友派6枚装');
INSERT INTO BLC_STATIC_ASSET (STATIC_ASSET_ID, MIME_TYPE, STORAGE_TYPE, FULL_URL, NAME) VALUES (-3173,'image/jpg','FILESYSTEM','/img/product/01.004.0061/3desc.jpg','三辉麦风法式香奶面包');
INSERT INTO BLC_STATIC_ASSET (STATIC_ASSET_ID, MIME_TYPE, STORAGE_TYPE, FULL_URL, NAME) VALUES (-3172,'image/jpg','FILESYSTEM','/img/product/01.004.0062/3desc.jpg','三辉麦风法式香奶面包');
INSERT INTO BLC_STATIC_ASSET (STATIC_ASSET_ID, MIME_TYPE, STORAGE_TYPE, FULL_URL, NAME) VALUES (-3171,'image/jpg','FILESYSTEM','/img/product/01.004.0063/3desc.jpg','三辉麦风提拉米苏4枚装(巧克力味)');
INSERT INTO BLC_STATIC_ASSET (STATIC_ASSET_ID, MIME_TYPE, STORAGE_TYPE, FULL_URL, NAME) VALUES (-3170,'image/jpg','FILESYSTEM','/img/product/01.004.0064/3desc.jpg','徐福记芝麻香酥沙琪玛迷你包');
INSERT INTO BLC_STATIC_ASSET (STATIC_ASSET_ID, MIME_TYPE, STORAGE_TYPE, FULL_URL, NAME) VALUES (-3169,'image/jpg','FILESYSTEM','/img/product/01.004.0065/3desc.jpg','徐福记巧克力味沙琪玛迷你包');
INSERT INTO BLC_STATIC_ASSET (STATIC_ASSET_ID, MIME_TYPE, STORAGE_TYPE, FULL_URL, NAME) VALUES (-3168,'image/jpg','FILESYSTEM','/img/product/01.004.0066/3desc.jpg','徐福记松软蛋酥沙琪玛迷你包');
INSERT INTO BLC_STATIC_ASSET (STATIC_ASSET_ID, MIME_TYPE, STORAGE_TYPE, FULL_URL, NAME) VALUES (-3167,'image/jpg','FILESYSTEM','/img/product/01.004.0067/3desc.jpg','回头客铜锣烧红豆味（10枚入）');
INSERT INTO BLC_STATIC_ASSET (STATIC_ASSET_ID, MIME_TYPE, STORAGE_TYPE, FULL_URL, NAME) VALUES (-3166,'image/jpg','FILESYSTEM','/img/product/01.004.0068/3desc.jpg','回头客铜锣烧香芋味(10枚入）');
INSERT INTO BLC_STATIC_ASSET (STATIC_ASSET_ID, MIME_TYPE, STORAGE_TYPE, FULL_URL, NAME) VALUES (-3165,'image/jpg','FILESYSTEM','/img/product/01.005.0069/3desc.jpg','回头客铜锣烧抹茶味（10枚入）');
INSERT INTO BLC_STATIC_ASSET (STATIC_ASSET_ID, MIME_TYPE, STORAGE_TYPE, FULL_URL, NAME) VALUES (-3164,'image/jpg','FILESYSTEM','/img/product/01.005.0070/3desc.jpg','康师傅干拌面（红烧牛肉味）');
INSERT INTO BLC_STATIC_ASSET (STATIC_ASSET_ID, MIME_TYPE, STORAGE_TYPE, FULL_URL, NAME) VALUES (-3163,'image/jpg','FILESYSTEM','/img/product/01.005.0071/3desc.jpg','康师傅干拌面（葱油拌味）');
INSERT INTO BLC_STATIC_ASSET (STATIC_ASSET_ID, MIME_TYPE, STORAGE_TYPE, FULL_URL, NAME) VALUES (-3162,'image/jpg','FILESYSTEM','/img/product/01.005.0072/3desc.jpg','康师傅干拌面（香辣牛肉味）');
INSERT INTO BLC_STATIC_ASSET (STATIC_ASSET_ID, MIME_TYPE, STORAGE_TYPE, FULL_URL, NAME) VALUES (-3161,'image/jpg','FILESYSTEM','/img/product/01.005.0073/3desc.jpg','康师傅随心杯红烧牛肉面（杯）');
INSERT INTO BLC_STATIC_ASSET (STATIC_ASSET_ID, MIME_TYPE, STORAGE_TYPE, FULL_URL, NAME) VALUES (-3160,'image/jpg','FILESYSTEM','/img/product/01.005.0074/3desc.jpg','康师傅随心杯香辣牛肉面（杯）');
INSERT INTO BLC_STATIC_ASSET (STATIC_ASSET_ID, MIME_TYPE, STORAGE_TYPE, FULL_URL, NAME) VALUES (-3159,'image/jpg','FILESYSTEM','/img/product/01.005.0075/3desc.jpg','康师傅酸菜牛肉面（桶）');
INSERT INTO BLC_STATIC_ASSET (STATIC_ASSET_ID, MIME_TYPE, STORAGE_TYPE, FULL_URL, NAME) VALUES (-3158,'image/jpg','FILESYSTEM','/img/product/01.005.0076/3desc.jpg','康师傅卤香牛肉面（桶）');
INSERT INTO BLC_STATIC_ASSET (STATIC_ASSET_ID, MIME_TYPE, STORAGE_TYPE, FULL_URL, NAME) VALUES (-3157,'image/jpg','FILESYSTEM','/img/product/01.005.0077/3desc.jpg','康师傅香菇炖鸡面（桶）');
INSERT INTO BLC_STATIC_ASSET (STATIC_ASSET_ID, MIME_TYPE, STORAGE_TYPE, FULL_URL, NAME) VALUES (-3156,'image/jpg','FILESYSTEM','/img/product/01.005.0078/3desc.jpg','康师傅鲜虾鱼板面（桶）');
INSERT INTO BLC_STATIC_ASSET (STATIC_ASSET_ID, MIME_TYPE, STORAGE_TYPE, FULL_URL, NAME) VALUES (-3155,'image/jpg','FILESYSTEM','/img/product/01.005.0079/3desc.jpg','康师傅笋干老鸭煲面（桶）');
INSERT INTO BLC_STATIC_ASSET (STATIC_ASSET_ID, MIME_TYPE, STORAGE_TYPE, FULL_URL, NAME) VALUES (-3154,'image/jpg','FILESYSTEM','/img/product/01.005.0080/3desc.jpg','康师傅香辣牛肉面（桶）');
INSERT INTO BLC_STATIC_ASSET (STATIC_ASSET_ID, MIME_TYPE, STORAGE_TYPE, FULL_URL, NAME) VALUES (-3153,'image/jpg','FILESYSTEM','/img/product/01.005.0081/3desc.jpg','康师傅红烧牛肉面（桶）');
INSERT INTO BLC_STATIC_ASSET (STATIC_ASSET_ID, MIME_TYPE, STORAGE_TYPE, FULL_URL, NAME) VALUES (-3152,'image/jpg','FILESYSTEM','/img/product/01.005.0082/3desc.jpg','袋装康师傅东坡红烧肉面');
INSERT INTO BLC_STATIC_ASSET (STATIC_ASSET_ID, MIME_TYPE, STORAGE_TYPE, FULL_URL, NAME) VALUES (-3151,'image/jpg','FILESYSTEM','/img/product/01.005.0083/3desc.jpg','袋装康师傅酸菜牛肉面');
INSERT INTO BLC_STATIC_ASSET (STATIC_ASSET_ID, MIME_TYPE, STORAGE_TYPE, FULL_URL, NAME) VALUES (-3150,'image/jpg','FILESYSTEM','/img/product/01.005.0084/3desc.jpg','袋装康师傅香菇炖鸡面');
INSERT INTO BLC_STATIC_ASSET (STATIC_ASSET_ID, MIME_TYPE, STORAGE_TYPE, FULL_URL, NAME) VALUES (-3149,'image/jpg','FILESYSTEM','/img/product/01.005.0085/3desc.jpg','袋装康师傅鲜虾鱼板面');
INSERT INTO BLC_STATIC_ASSET (STATIC_ASSET_ID, MIME_TYPE, STORAGE_TYPE, FULL_URL, NAME) VALUES (-3148,'image/jpg','FILESYSTEM','/img/product/01.005.0086/3desc.jpg','袋装康师傅笋干老鸭煲面');
INSERT INTO BLC_STATIC_ASSET (STATIC_ASSET_ID, MIME_TYPE, STORAGE_TYPE, FULL_URL, NAME) VALUES (-3147,'image/jpg','FILESYSTEM','/img/product/01.005.0087/3desc.jpg','袋装康师傅香辣牛肉面');
INSERT INTO BLC_STATIC_ASSET (STATIC_ASSET_ID, MIME_TYPE, STORAGE_TYPE, FULL_URL, NAME) VALUES (-3146,'image/jpg','FILESYSTEM','/img/product/01.005.0088/3desc.jpg','袋装康师傅红烧牛肉面');
INSERT INTO BLC_STATIC_ASSET (STATIC_ASSET_ID, MIME_TYPE, STORAGE_TYPE, FULL_URL, NAME) VALUES (-3145,'image/jpg','FILESYSTEM','/img/product/01.005.0089/3desc.jpg','康师傅香爆脆干脆面（烤羊肉串味）');
INSERT INTO BLC_STATIC_ASSET (STATIC_ASSET_ID, MIME_TYPE, STORAGE_TYPE, FULL_URL, NAME) VALUES (-3144,'image/jpg','FILESYSTEM','/img/product/01.005.0090/3desc.jpg','康师傅香爆脆干脆面（香葱鸡块味）');
INSERT INTO BLC_STATIC_ASSET (STATIC_ASSET_ID, MIME_TYPE, STORAGE_TYPE, FULL_URL, NAME) VALUES (-3143,'image/jpg','FILESYSTEM','/img/product/01.005.0091/3desc.jpg','康师傅香爆脆干脆面（蜜汁牛排味）');
INSERT INTO BLC_STATIC_ASSET (STATIC_ASSET_ID, MIME_TYPE, STORAGE_TYPE, FULL_URL, NAME) VALUES (-3142,'image/jpg','FILESYSTEM','/img/product/01.005.0092/3desc.jpg','康师傅香爆脆干脆面（蛋烤番茄味）');
INSERT INTO BLC_STATIC_ASSET (STATIC_ASSET_ID, MIME_TYPE, STORAGE_TYPE, FULL_URL, NAME) VALUES (-3141,'image/jpg','FILESYSTEM','/img/product/01.006.0093/3desc.jpg','康师傅香爆脆干脆面（巴西烤肉味）');
INSERT INTO BLC_STATIC_ASSET (STATIC_ASSET_ID, MIME_TYPE, STORAGE_TYPE, FULL_URL, NAME) VALUES (-3140,'image/jpg','FILESYSTEM','/img/product/01.006.0094/3desc.jpg','康师傅茉莉蜜茶');
INSERT INTO BLC_STATIC_ASSET (STATIC_ASSET_ID, MIME_TYPE, STORAGE_TYPE, FULL_URL, NAME) VALUES (-3139,'image/jpg','FILESYSTEM','/img/product/01.006.0095/3desc.jpg','康师傅茉莉清茶');
INSERT INTO BLC_STATIC_ASSET (STATIC_ASSET_ID, MIME_TYPE, STORAGE_TYPE, FULL_URL, NAME) VALUES (-3138,'image/jpg','FILESYSTEM','/img/product/01.006.0096/3desc.jpg','康师傅冰红茶');
INSERT INTO BLC_STATIC_ASSET (STATIC_ASSET_ID, MIME_TYPE, STORAGE_TYPE, FULL_URL, NAME) VALUES (-3137,'image/jpg','FILESYSTEM','/img/product/01.006.0097/3desc.jpg','康师傅酸枣汁');
INSERT INTO BLC_STATIC_ASSET (STATIC_ASSET_ID, MIME_TYPE, STORAGE_TYPE, FULL_URL, NAME) VALUES (-3136,'image/jpg','FILESYSTEM','/img/product/01.006.0098/3desc.jpg','康师傅酸梅汤');
INSERT INTO BLC_STATIC_ASSET (STATIC_ASSET_ID, MIME_TYPE, STORAGE_TYPE, FULL_URL, NAME) VALUES (-3135,'image/jpg','FILESYSTEM','/img/product/01.006.0099/3desc.jpg','康师傅鲜的每日C橙汁500ml');
INSERT INTO BLC_STATIC_ASSET (STATIC_ASSET_ID, MIME_TYPE, STORAGE_TYPE, FULL_URL, NAME) VALUES (-3134,'image/jpg','FILESYSTEM','/img/product/01.006.0100/3desc.jpg','红牛维生素功能饮料');
INSERT INTO BLC_STATIC_ASSET (STATIC_ASSET_ID, MIME_TYPE, STORAGE_TYPE, FULL_URL, NAME) VALUES (-3133,'image/jpg','FILESYSTEM','/img/product/01.007.0101/3desc.jpg','雀巢香滑咖啡180ml');
INSERT INTO BLC_STATIC_ASSET (STATIC_ASSET_ID, MIME_TYPE, STORAGE_TYPE, FULL_URL, NAME) VALUES (-3132,'image/jpg','FILESYSTEM','/img/product/01.007.0102/3desc.jpg','金大州香辣金针菇');
INSERT INTO BLC_STATIC_ASSET (STATIC_ASSET_ID, MIME_TYPE, STORAGE_TYPE, FULL_URL, NAME) VALUES (-3131,'image/jpg','FILESYSTEM','/img/product/01.007.0103/3desc.jpg','老爸豆腐干100g（卤辣味）');
INSERT INTO BLC_STATIC_ASSET (STATIC_ASSET_ID, MIME_TYPE, STORAGE_TYPE, FULL_URL, NAME) VALUES (-3130,'image/jpg','FILESYSTEM','/img/product/01.007.0104/3desc.jpg','老爸豆腐干100g（卤味）');
INSERT INTO BLC_STATIC_ASSET (STATIC_ASSET_ID, MIME_TYPE, STORAGE_TYPE, FULL_URL, NAME) VALUES (-3129,'image/jpg','FILESYSTEM','/img/product/01.007.0105/3desc.jpg','老爸豆腐干100g（肉汁味）');
INSERT INTO BLC_STATIC_ASSET (STATIC_ASSET_ID, MIME_TYPE, STORAGE_TYPE, FULL_URL, NAME) VALUES (-3128,'image/jpg','FILESYSTEM','/img/product/01.007.0106/3desc.jpg','老爸豆腐干100g（牛肉味）');
INSERT INTO BLC_STATIC_ASSET (STATIC_ASSET_ID, MIME_TYPE, STORAGE_TYPE, FULL_URL, NAME) VALUES (-3127,'image/jpg','FILESYSTEM','/img/product/01.007.0107/3desc.jpg','祖名虾米干');
INSERT INTO BLC_STATIC_ASSET (STATIC_ASSET_ID, MIME_TYPE, STORAGE_TYPE, FULL_URL, NAME) VALUES (-3126,'image/jpg','FILESYSTEM','/img/product/01.007.0108/3desc.jpg','祖名香逗干肉汁味100g');
INSERT INTO BLC_STATIC_ASSET (STATIC_ASSET_ID, MIME_TYPE, STORAGE_TYPE, FULL_URL, NAME) VALUES (-3125,'image/jpg','FILESYSTEM','/img/product/01.007.0109/3desc.jpg','祖名香逗干鸡汁味100g');
INSERT INTO BLC_STATIC_ASSET (STATIC_ASSET_ID, MIME_TYPE, STORAGE_TYPE, FULL_URL, NAME) VALUES (-3124,'image/jpg','FILESYSTEM','/img/product/01.007.0110/3desc.jpg','祖名香逗干麻辣味100g');
INSERT INTO BLC_STATIC_ASSET (STATIC_ASSET_ID, MIME_TYPE, STORAGE_TYPE, FULL_URL, NAME) VALUES (-3123,'image/jpg','FILESYSTEM','/img/product/01.007.0111/3desc.jpg','香菇肥牛牛肉味');
INSERT INTO BLC_STATIC_ASSET (STATIC_ASSET_ID, MIME_TYPE, STORAGE_TYPE, FULL_URL, NAME) VALUES (-3122,'image/jpg','FILESYSTEM','/img/product/01.007.0112/3desc.jpg','好又好酱鸭腿');
INSERT INTO BLC_STATIC_ASSET (STATIC_ASSET_ID, MIME_TYPE, STORAGE_TYPE, FULL_URL, NAME) VALUES (-3121,'image/jpg','FILESYSTEM','/img/product/01.007.0113/3desc.jpg','永健泡山椒凤爪');
INSERT INTO BLC_STATIC_ASSET (STATIC_ASSET_ID, MIME_TYPE, STORAGE_TYPE, FULL_URL, NAME) VALUES (-3120,'image/jpg','FILESYSTEM','/img/product/01.007.0114/3desc.jpg','老李五香翅');
INSERT INTO BLC_STATIC_ASSET (STATIC_ASSET_ID, MIME_TYPE, STORAGE_TYPE, FULL_URL, NAME) VALUES (-3119,'image/jpg','FILESYSTEM','/img/product/01.007.0115/3desc.jpg','老李五香干');
INSERT INTO BLC_STATIC_ASSET (STATIC_ASSET_ID, MIME_TYPE, STORAGE_TYPE, FULL_URL, NAME) VALUES (-3118,'image/jpg','FILESYSTEM','/img/product/01.007.0116/3desc.jpg','威益威劲辣鸭脖');
INSERT INTO BLC_STATIC_ASSET (STATIC_ASSET_ID, MIME_TYPE, STORAGE_TYPE, FULL_URL, NAME) VALUES (-3117,'image/jpg','FILESYSTEM','/img/product/01.007.0117/3desc.jpg','卫龙大面筋');
INSERT INTO BLC_STATIC_ASSET (STATIC_ASSET_ID, MIME_TYPE, STORAGE_TYPE, FULL_URL, NAME) VALUES (-3116,'image/jpg','FILESYSTEM','/img/product/01.007.0118/3desc.jpg','卫龙面筋');
INSERT INTO BLC_STATIC_ASSET (STATIC_ASSET_ID, MIME_TYPE, STORAGE_TYPE, FULL_URL, NAME) VALUES (-3115,'image/jpg','FILESYSTEM','/img/product/01.007.0119/3desc.jpg','乡巴佬鸡腿');
INSERT INTO BLC_STATIC_ASSET (STATIC_ASSET_ID, MIME_TYPE, STORAGE_TYPE, FULL_URL, NAME) VALUES (-3114,'image/jpg','FILESYSTEM','/img/product/01.007.0120/3desc.jpg','乡巴佬凤爪');
INSERT INTO BLC_STATIC_ASSET (STATIC_ASSET_ID, MIME_TYPE, STORAGE_TYPE, FULL_URL, NAME) VALUES (-3113,'image/jpg','FILESYSTEM','/img/product/01.007.0121/3desc.jpg','有友泡椒凤爪');
INSERT INTO BLC_STATIC_ASSET (STATIC_ASSET_ID, MIME_TYPE, STORAGE_TYPE, FULL_URL, NAME) VALUES (-3112,'image/jpg','FILESYSTEM','/img/product/01.007.0122/3desc.jpg','富贵阁北京烤鸭');
INSERT INTO BLC_STATIC_ASSET (STATIC_ASSET_ID, MIME_TYPE, STORAGE_TYPE, FULL_URL, NAME) VALUES (-3111,'image/jpg','FILESYSTEM','/img/product/01.007.0123/3desc.jpg','卫龙豆筋烧烤味');
INSERT INTO BLC_STATIC_ASSET (STATIC_ASSET_ID, MIME_TYPE, STORAGE_TYPE, FULL_URL, NAME) VALUES (-3110,'image/jpg','FILESYSTEM','/img/product/01.007.0124/3desc.jpg','怡冠园酒鬼鱼山椒味');
INSERT INTO BLC_STATIC_ASSET (STATIC_ASSET_ID, MIME_TYPE, STORAGE_TYPE, FULL_URL, NAME) VALUES (-3109,'image/jpg','FILESYSTEM','/img/product/01.007.0125/3desc.jpg','口留香相思卷');
INSERT INTO BLC_STATIC_ASSET (STATIC_ASSET_ID, MIME_TYPE, STORAGE_TYPE, FULL_URL, NAME) VALUES (-3108,'image/jpg','FILESYSTEM','/img/product/01.007.0126/3desc.jpg','乡巴佬晶凉松卤蛋');
INSERT INTO BLC_STATIC_ASSET (STATIC_ASSET_ID, MIME_TYPE, STORAGE_TYPE, FULL_URL, NAME) VALUES (-3107,'image/jpg','FILESYSTEM','/img/product/01.007.0127/3desc.jpg','八里香酥鸡腿');
INSERT INTO BLC_STATIC_ASSET (STATIC_ASSET_ID, MIME_TYPE, STORAGE_TYPE, FULL_URL, NAME) VALUES (-3106,'image/jpg','FILESYSTEM','/img/product/01.007.0128/3desc.jpg','老李五香腿');
INSERT INTO BLC_STATIC_ASSET (STATIC_ASSET_ID, MIME_TYPE, STORAGE_TYPE, FULL_URL, NAME) VALUES (-3105,'image/jpg','FILESYSTEM','/img/product/01.007.0129/3desc.jpg','馋嘴娃蒜香豆角干');
INSERT INTO BLC_STATIC_ASSET (STATIC_ASSET_ID, MIME_TYPE, STORAGE_TYPE, FULL_URL, NAME) VALUES (-3104,'image/jpg','FILESYSTEM','/img/product/01.007.0130/3desc.jpg','怡冠园红烧拉面条');
INSERT INTO BLC_STATIC_ASSET (STATIC_ASSET_ID, MIME_TYPE, STORAGE_TYPE, FULL_URL, NAME) VALUES (-3103,'image/jpg','FILESYSTEM','/img/product/01.007.0131/3desc.jpg','太阳岛鸡汁麻辣串');
INSERT INTO BLC_STATIC_ASSET (STATIC_ASSET_ID, MIME_TYPE, STORAGE_TYPE, FULL_URL, NAME) VALUES (-3102,'image/jpg','FILESYSTEM','/img/product/01.007.0132/3desc.jpg','口留乡香辣鱼仔');
INSERT INTO BLC_STATIC_ASSET (STATIC_ASSET_ID, MIME_TYPE, STORAGE_TYPE, FULL_URL, NAME) VALUES (-3101,'image/jpg','FILESYSTEM','/img/product/01.007.0133/3desc.jpg','味中香麻辣串');
INSERT INTO BLC_STATIC_ASSET (STATIC_ASSET_ID, MIME_TYPE, STORAGE_TYPE, FULL_URL, NAME) VALUES (-3100,'image/jpg','FILESYSTEM','/img/product/01.007.0134/3desc.jpg','腾哥日本多味鱼');
INSERT INTO BLC_STATIC_ASSET (STATIC_ASSET_ID, MIME_TYPE, STORAGE_TYPE, FULL_URL, NAME) VALUES (-3099,'image/jpg','FILESYSTEM','/img/product/01.007.0135/3desc.jpg','素味居烧烤土豆');
INSERT INTO BLC_STATIC_ASSET (STATIC_ASSET_ID, MIME_TYPE, STORAGE_TYPE, FULL_URL, NAME) VALUES (-3098,'image/jpg','FILESYSTEM','/img/product/01.008.0136/3desc.jpg','喜来香大酱鸭翅');
INSERT INTO BLC_STATIC_ASSET (STATIC_ASSET_ID, MIME_TYPE, STORAGE_TYPE, FULL_URL, NAME) VALUES (-3097,'image/jpg','FILESYSTEM','/img/product/01.008.0137/3desc.jpg','上好佳田园泡（玉米口味）');
INSERT INTO BLC_STATIC_ASSET (STATIC_ASSET_ID, MIME_TYPE, STORAGE_TYPE, FULL_URL, NAME) VALUES (-3096,'image/jpg','FILESYSTEM','/img/product/01.008.0138/3desc.jpg','上好佳粟米条45g(朱古力口味)');
INSERT INTO BLC_STATIC_ASSET (STATIC_ASSET_ID, MIME_TYPE, STORAGE_TYPE, FULL_URL, NAME) VALUES (-3095,'image/jpg','FILESYSTEM','/img/product/01.008.0139/3desc.jpg','上好佳玉米卷');
INSERT INTO BLC_STATIC_ASSET (STATIC_ASSET_ID, MIME_TYPE, STORAGE_TYPE, FULL_URL, NAME) VALUES (-3094,'image/jpg','FILESYSTEM','/img/product/01.008.0140/3desc.jpg','上好佳芝士条');
INSERT INTO BLC_STATIC_ASSET (STATIC_ASSET_ID, MIME_TYPE, STORAGE_TYPE, FULL_URL, NAME) VALUES (-3093,'image/jpg','FILESYSTEM','/img/product/01.008.0141/3desc.jpg','上好佳鲜虾条');
INSERT INTO BLC_STATIC_ASSET (STATIC_ASSET_ID, MIME_TYPE, STORAGE_TYPE, FULL_URL, NAME) VALUES (-3092,'image/jpg','FILESYSTEM','/img/product/01.008.0142/3desc.jpg','上好佳荷兰豆');
INSERT INTO BLC_STATIC_ASSET (STATIC_ASSET_ID, MIME_TYPE, STORAGE_TYPE, FULL_URL, NAME) VALUES (-3091,'image/jpg','FILESYSTEM','/img/product/01.008.0143/3desc.jpg','上好佳鲜虾片');
INSERT INTO BLC_STATIC_ASSET (STATIC_ASSET_ID, MIME_TYPE, STORAGE_TYPE, FULL_URL, NAME) VALUES (-3090,'image/jpg','FILESYSTEM','/img/product/01.008.0144/3desc.jpg','上好佳粟米条(草莓口味)');
INSERT INTO BLC_STATIC_ASSET (STATIC_ASSET_ID, MIME_TYPE, STORAGE_TYPE, FULL_URL, NAME) VALUES (-3089,'image/jpg','FILESYSTEM','/img/product/01.008.0145/3desc.jpg','上好佳玉米花(果仁奶油)');
INSERT INTO BLC_STATIC_ASSET (STATIC_ASSET_ID, MIME_TYPE, STORAGE_TYPE, FULL_URL, NAME) VALUES (-3088,'image/jpg','FILESYSTEM','/img/product/01.008.0146/3desc.jpg','上好佳洋葱圈');
INSERT INTO BLC_STATIC_ASSET (STATIC_ASSET_ID, MIME_TYPE, STORAGE_TYPE, FULL_URL, NAME) VALUES (-3087,'image/jpg','FILESYSTEM','/img/product/01.008.0147/3desc.jpg','上好佳田园泡(玉米口味)');
INSERT INTO BLC_STATIC_ASSET (STATIC_ASSET_ID, MIME_TYPE, STORAGE_TYPE, FULL_URL, NAME) VALUES (-3086,'image/jpg','FILESYSTEM','/img/product/01.008.0148/3desc.jpg','上好佳玉米卷');
INSERT INTO BLC_STATIC_ASSET (STATIC_ASSET_ID, MIME_TYPE, STORAGE_TYPE, FULL_URL, NAME) VALUES (-3085,'image/jpg','FILESYSTEM','/img/product/01.008.0149/3desc.jpg','上好佳洋葱圈');
INSERT INTO BLC_STATIC_ASSET (STATIC_ASSET_ID, MIME_TYPE, STORAGE_TYPE, FULL_URL, NAME) VALUES (-3084,'image/jpg','FILESYSTEM','/img/product/01.008.0150/3desc.jpg','上好佳荷兰豆');
INSERT INTO BLC_STATIC_ASSET (STATIC_ASSET_ID, MIME_TYPE, STORAGE_TYPE, FULL_URL, NAME) VALUES (-3083,'image/jpg','FILESYSTEM','/img/product/01.008.0151/3desc.jpg','上好佳鲜虾片15g');
INSERT INTO BLC_STATIC_ASSET (STATIC_ASSET_ID, MIME_TYPE, STORAGE_TYPE, FULL_URL, NAME) VALUES (-3082,'image/jpg','FILESYSTEM','/img/product/01.008.0152/3desc.jpg','好丽友呀！土豆番茄酱味');
INSERT INTO BLC_STATIC_ASSET (STATIC_ASSET_ID, MIME_TYPE, STORAGE_TYPE, FULL_URL, NAME) VALUES (-3081,'image/jpg','FILESYSTEM','/img/product/01.008.0153/3desc.jpg','好丽友呀！土豆烤鸡比萨味40g');
INSERT INTO BLC_STATIC_ASSET (STATIC_ASSET_ID, MIME_TYPE, STORAGE_TYPE, FULL_URL, NAME) VALUES (-3080,'image/jpg','FILESYSTEM','/img/product/01.008.0154/3desc.jpg','好丽友呀！土豆里脊牛排味40g');
INSERT INTO BLC_STATIC_ASSET (STATIC_ASSET_ID, MIME_TYPE, STORAGE_TYPE, FULL_URL, NAME) VALUES (-3079,'image/jpg','FILESYSTEM','/img/product/01.008.0155/3desc.jpg','正宗咪咪虾条');
INSERT INTO BLC_STATIC_ASSET (STATIC_ASSET_ID, MIME_TYPE, STORAGE_TYPE, FULL_URL, NAME) VALUES (-3078,'image/jpg','FILESYSTEM','/img/product/01.008.0156/3desc.jpg','咪咪蟹味');
INSERT INTO BLC_STATIC_ASSET (STATIC_ASSET_ID, MIME_TYPE, STORAGE_TYPE, FULL_URL, NAME) VALUES (-3077,'image/jpg','FILESYSTEM','/img/product/01.008.0157/3desc.jpg','狗牙儿加蛋锅巴');
INSERT INTO BLC_STATIC_ASSET (STATIC_ASSET_ID, MIME_TYPE, STORAGE_TYPE, FULL_URL, NAME) VALUES (-3076,'image/jpg','FILESYSTEM','/img/product/01.008.0158/3desc.jpg','乐事黄瓜味薯片');
INSERT INTO BLC_STATIC_ASSET (STATIC_ASSET_ID, MIME_TYPE, STORAGE_TYPE, FULL_URL, NAME) VALUES (-3075,'image/jpg','FILESYSTEM','/img/product/01.008.0159/3desc.jpg','乐事鸡汁番茄味薯片');
INSERT INTO BLC_STATIC_ASSET (STATIC_ASSET_ID, MIME_TYPE, STORAGE_TYPE, FULL_URL, NAME) VALUES (-3074,'image/jpg','FILESYSTEM','/img/product/01.008.0160/3desc.jpg','乐事墨西哥鸡汁番茄味薯片');
INSERT INTO BLC_STATIC_ASSET (STATIC_ASSET_ID, MIME_TYPE, STORAGE_TYPE, FULL_URL, NAME) VALUES (-3073,'image/jpg','FILESYSTEM','/img/product/01.008.0161/3desc.jpg','乐事德克萨斯烧烤味薯片');
INSERT INTO BLC_STATIC_ASSET (STATIC_ASSET_ID, MIME_TYPE, STORAGE_TYPE, FULL_URL, NAME) VALUES (-3072,'image/jpg','FILESYSTEM','/img/product/01.008.0162/3desc.jpg','乐事牛仔骨味薯片');
INSERT INTO BLC_STATIC_ASSET (STATIC_ASSET_ID, MIME_TYPE, STORAGE_TYPE, FULL_URL, NAME) VALUES (-3071,'image/jpg','FILESYSTEM','/img/product/01.008.0163/3desc.jpg','乐事原味薯片');
INSERT INTO BLC_STATIC_ASSET (STATIC_ASSET_ID, MIME_TYPE, STORAGE_TYPE, FULL_URL, NAME) VALUES (-3070,'image/jpg','FILESYSTEM','/img/product/01.009.0164/3desc.jpg','乐事秘制酸汤鱼味薯片');
INSERT INTO BLC_STATIC_ASSET (STATIC_ASSET_ID, MIME_TYPE, STORAGE_TYPE, FULL_URL, NAME) VALUES (-3069,'image/jpg','FILESYSTEM','/img/product/01.009.0165/3desc.jpg','双汇王中王火腿肠');
INSERT INTO BLC_STATIC_ASSET (STATIC_ASSET_ID, MIME_TYPE, STORAGE_TYPE, FULL_URL, NAME) VALUES (-3068,'image/jpg','FILESYSTEM','/img/product/01.009.0166/3desc.jpg','双汇香辣香脆肠');
INSERT INTO BLC_STATIC_ASSET (STATIC_ASSET_ID, MIME_TYPE, STORAGE_TYPE, FULL_URL, NAME) VALUES (-3067,'image/jpg','FILESYSTEM','/img/product/01.009.0167/3desc.jpg','双汇泡面搭档香肠');
INSERT INTO BLC_STATIC_ASSET (STATIC_ASSET_ID, MIME_TYPE, STORAGE_TYPE, FULL_URL, NAME) VALUES (-3066,'image/jpg','FILESYSTEM','/img/product/01.009.0168/3desc.jpg','双汇台式烤香肠(原味)');
INSERT INTO BLC_STATIC_ASSET (STATIC_ASSET_ID, MIME_TYPE, STORAGE_TYPE, FULL_URL, NAME) VALUES (-3065,'image/jpg','FILESYSTEM','/img/product/01.009.0169/3desc.jpg','双汇台式烤香肠（香辣味）');
INSERT INTO BLC_STATIC_ASSET (STATIC_ASSET_ID, MIME_TYPE, STORAGE_TYPE, FULL_URL, NAME) VALUES (-3064,'image/jpg','FILESYSTEM','/img/product/01.009.0170/3desc.jpg','双汇Q趣蘑菇风味香肠');
INSERT INTO BLC_STATIC_ASSET (STATIC_ASSET_ID, MIME_TYPE, STORAGE_TYPE, FULL_URL, NAME) VALUES (-3063,'image/jpg','FILESYSTEM','/img/product/01.010.0171/3desc.jpg','双汇Q趣香辣风味香肠');
INSERT INTO BLC_STATIC_ASSET (STATIC_ASSET_ID, MIME_TYPE, STORAGE_TYPE, FULL_URL, NAME) VALUES (-3062,'image/jpg','FILESYSTEM','/img/product/01.010.0172/3desc.jpg','华味亨冰糖杨梅');
INSERT INTO BLC_STATIC_ASSET (STATIC_ASSET_ID, MIME_TYPE, STORAGE_TYPE, FULL_URL, NAME) VALUES (-3061,'image/jpg','FILESYSTEM','/img/product/01.010.0173/3desc.jpg','华味亨新疆葡萄干');
INSERT INTO BLC_STATIC_ASSET (STATIC_ASSET_ID, MIME_TYPE, STORAGE_TYPE, FULL_URL, NAME) VALUES (-3060,'image/jpg','FILESYSTEM','/img/product/01.010.0174/3desc.jpg','华味亨吃不厌桃肉');
INSERT INTO BLC_STATIC_ASSET (STATIC_ASSET_ID, MIME_TYPE, STORAGE_TYPE, FULL_URL, NAME) VALUES (-3059,'image/jpg','FILESYSTEM','/img/product/01.010.0175/3desc.jpg','华味亨话梅条');
INSERT INTO BLC_STATIC_ASSET (STATIC_ASSET_ID, MIME_TYPE, STORAGE_TYPE, FULL_URL, NAME) VALUES (-3058,'image/jpg','FILESYSTEM','/img/product/01.010.0176/3desc.jpg','华味亨小姐梅');
INSERT INTO BLC_STATIC_ASSET (STATIC_ASSET_ID, MIME_TYPE, STORAGE_TYPE, FULL_URL, NAME) VALUES (-3057,'image/jpg','FILESYSTEM','/img/product/01.010.0177/3desc.jpg','华味亨盐津提子108g');
INSERT INTO BLC_STATIC_ASSET (STATIC_ASSET_ID, MIME_TYPE, STORAGE_TYPE, FULL_URL, NAME) VALUES (-3056,'image/jpg','FILESYSTEM','/img/product/01.010.0178/3desc.jpg','华味亨野乌梅');
INSERT INTO BLC_STATIC_ASSET (STATIC_ASSET_ID, MIME_TYPE, STORAGE_TYPE, FULL_URL, NAME) VALUES (-3055,'image/jpg','FILESYSTEM','/img/product/01.010.0179/3desc.jpg','华味亨吃不厌话梅');
INSERT INTO BLC_STATIC_ASSET (STATIC_ASSET_ID, MIME_TYPE, STORAGE_TYPE, FULL_URL, NAME) VALUES (-3054,'image/jpg','FILESYSTEM','/img/product/01.010.0180/3desc.jpg','华味亨九制杨梅');
INSERT INTO BLC_STATIC_ASSET (STATIC_ASSET_ID, MIME_TYPE, STORAGE_TYPE, FULL_URL, NAME) VALUES (-3053,'image/jpg','FILESYSTEM','/img/product/01.010.0181/3desc.jpg','森茂精品阿胶枣');
INSERT INTO BLC_STATIC_ASSET (STATIC_ASSET_ID, MIME_TYPE, STORAGE_TYPE, FULL_URL, NAME) VALUES (-3052,'image/jpg','FILESYSTEM','/img/product/01.011.0182/3desc.jpg','集味果阿胶枣');
INSERT INTO BLC_STATIC_ASSET (STATIC_ASSET_ID, MIME_TYPE, STORAGE_TYPE, FULL_URL, NAME) VALUES (-3051,'image/jpg','FILESYSTEM','/img/product/01.011.0183/3desc.jpg','阿尔卑斯棒棒糖高级牛奶味');
INSERT INTO BLC_STATIC_ASSET (STATIC_ASSET_ID, MIME_TYPE, STORAGE_TYPE, FULL_URL, NAME) VALUES (-3050,'image/jpg','FILESYSTEM','/img/product/01.011.0184/3desc.jpg','阿尔卑斯棒棒糖香橙牛奶味');
INSERT INTO BLC_STATIC_ASSET (STATIC_ASSET_ID, MIME_TYPE, STORAGE_TYPE, FULL_URL, NAME) VALUES (-3049,'image/jpg','FILESYSTEM','/img/product/01.011.0185/3desc.jpg','阿尔卑斯棒棒糖荔枝牛奶味');
INSERT INTO BLC_STATIC_ASSET (STATIC_ASSET_ID, MIME_TYPE, STORAGE_TYPE, FULL_URL, NAME) VALUES (-3048,'image/jpg','FILESYSTEM','/img/product/01.011.0186/3desc.jpg','阿尔卑斯棒棒糖草莓牛奶味');
INSERT INTO BLC_STATIC_ASSET (STATIC_ASSET_ID, MIME_TYPE, STORAGE_TYPE, FULL_URL, NAME) VALUES (-3047,'image/jpg','FILESYSTEM','/img/product/01.011.0187/3desc.jpg','阿尔卑斯棒棒糖香草可乐味');
INSERT INTO BLC_STATIC_ASSET (STATIC_ASSET_ID, MIME_TYPE, STORAGE_TYPE, FULL_URL, NAME) VALUES (-3046,'image/jpg','FILESYSTEM','/img/product/01.011.0188/3desc.jpg','荷氏（特强）薄荷糖');
INSERT INTO BLC_STATIC_ASSET (STATIC_ASSET_ID, MIME_TYPE, STORAGE_TYPE, FULL_URL, NAME) VALUES (-3045,'image/jpg','FILESYSTEM','/img/product/01.011.0189/3desc.jpg','荷氏（蓝莓口味）薄荷糖');
INSERT INTO BLC_STATIC_ASSET (STATIC_ASSET_ID, MIME_TYPE, STORAGE_TYPE, FULL_URL, NAME) VALUES (-3044,'image/jpg','FILESYSTEM','/img/product/01.011.0190/3desc.jpg','怡口莲（原味）');
INSERT INTO BLC_STATIC_ASSET (STATIC_ASSET_ID, MIME_TYPE, STORAGE_TYPE, FULL_URL, NAME) VALUES (-3043,'image/jpg','FILESYSTEM','/img/product/01.011.0191/3desc.jpg','旺仔QQ糖香橙味');
INSERT INTO BLC_STATIC_ASSET (STATIC_ASSET_ID, MIME_TYPE, STORAGE_TYPE, FULL_URL, NAME) VALUES (-3042,'image/jpg','FILESYSTEM','/img/product/01.011.0192/3desc.jpg','旺仔QQ糖蓝莓味');
INSERT INTO BLC_STATIC_ASSET (STATIC_ASSET_ID, MIME_TYPE, STORAGE_TYPE, FULL_URL, NAME) VALUES (-3041,'image/jpg','FILESYSTEM','/img/product/01.011.0193/3desc.jpg','旺仔QQ糖水蜜桃味');
INSERT INTO BLC_STATIC_ASSET (STATIC_ASSET_ID, MIME_TYPE, STORAGE_TYPE, FULL_URL, NAME) VALUES (-3040,'image/jpg','FILESYSTEM','/img/product/01.013.0194/3desc.jpg','旺仔QQ糖草莓味');
INSERT INTO BLC_STATIC_ASSET (STATIC_ASSET_ID, MIME_TYPE, STORAGE_TYPE, FULL_URL, NAME) VALUES (-3039,'image/jpg','FILESYSTEM','/img/product/01.008.0195/3desc.jpg','明怡香耳朵');
INSERT INTO BLC_STATIC_ASSET (STATIC_ASSET_ID, MIME_TYPE, STORAGE_TYPE, FULL_URL, NAME) VALUES (-3038,'image/jpg','FILESYSTEM','/img/product/01.013.0196/3desc.jpg','口水娃兰花豆酱汁牛肉味');
INSERT INTO BLC_STATIC_ASSET (STATIC_ASSET_ID, MIME_TYPE, STORAGE_TYPE, FULL_URL, NAME) VALUES (-3037,'image/jpg','FILESYSTEM','/img/product/01.013.0197/3desc.jpg','大好大奶油味香瓜子');
INSERT INTO BLC_STATIC_ASSET (STATIC_ASSET_ID, MIME_TYPE, STORAGE_TYPE, FULL_URL, NAME) VALUES (-3036,'image/jpg','FILESYSTEM','/img/product/01.013.0198/3desc.jpg','大好大奶油味香瓜子');
INSERT INTO BLC_STATIC_ASSET (STATIC_ASSET_ID, MIME_TYPE, STORAGE_TYPE, FULL_URL, NAME) VALUES (-3035,'image/jpg','FILESYSTEM','/img/product/01.013.0199/3desc.jpg','洽洽香瓜子（百煮入味）');
INSERT INTO BLC_STATIC_ASSET (STATIC_ASSET_ID, MIME_TYPE, STORAGE_TYPE, FULL_URL, NAME) VALUES (-3034,'image/jpg','FILESYSTEM','/img/product/01.013.0200/3desc.jpg','喜之郎果肉果冻200g(什锦)');
INSERT INTO BLC_STATIC_ASSET (STATIC_ASSET_ID, MIME_TYPE, STORAGE_TYPE, FULL_URL, NAME) VALUES (-3033,'image/jpg','FILESYSTEM','/img/product/01.013.0201/3desc.jpg','喜之郎果肉果冻200g(黄桃&蜜桃)');
INSERT INTO BLC_STATIC_ASSET (STATIC_ASSET_ID, MIME_TYPE, STORAGE_TYPE, FULL_URL, NAME) VALUES (-3032,'image/jpg','FILESYSTEM','/img/product/01.013.0202/3desc.jpg','喜之郎果冻（草莓味）');
INSERT INTO BLC_STATIC_ASSET (STATIC_ASSET_ID, MIME_TYPE, STORAGE_TYPE, FULL_URL, NAME) VALUES (-3031,'image/jpg','FILESYSTEM','/img/product/01.013.0203/3desc.jpg','喜之郎果冻（苹果味）');
INSERT INTO BLC_STATIC_ASSET (STATIC_ASSET_ID, MIME_TYPE, STORAGE_TYPE, FULL_URL, NAME) VALUES (-3030,'image/jpg','FILESYSTEM','/img/product/01.013.0204/3desc.jpg','喜之郎果冻（香橙味）');
INSERT INTO BLC_STATIC_ASSET (STATIC_ASSET_ID, MIME_TYPE, STORAGE_TYPE, FULL_URL, NAME) VALUES (-3029,'image/jpg','FILESYSTEM','/img/product/01.013.0205/3desc.jpg','喜之郎美好时光海苔原味');
INSERT INTO BLC_STATIC_ASSET (STATIC_ASSET_ID, MIME_TYPE, STORAGE_TYPE, FULL_URL, NAME) VALUES (-3028,'image/jpg','FILESYSTEM','/img/product/01.013.0206/3desc.jpg','老厨沙嗲牛肉');
INSERT INTO BLC_STATIC_ASSET (STATIC_ASSET_ID, MIME_TYPE, STORAGE_TYPE, FULL_URL, NAME) VALUES (-3027,'image/jpg','FILESYSTEM','/img/product/01.013.0207/3desc.jpg','老厨五香牛肉');
INSERT INTO BLC_STATIC_ASSET (STATIC_ASSET_ID, MIME_TYPE, STORAGE_TYPE, FULL_URL, NAME) VALUES (-3026,'image/jpg','FILESYSTEM','/img/product/01.013.0208/3desc.jpg','旺旺小馒头');
INSERT INTO BLC_STATIC_ASSET (STATIC_ASSET_ID, MIME_TYPE, STORAGE_TYPE, FULL_URL, NAME) VALUES (-3025,'image/jpg','FILESYSTEM','/img/product/01.008.0209/3desc.jpg','香QQ蒜香青豆');
INSERT INTO BLC_STATIC_ASSET (STATIC_ASSET_ID, MIME_TYPE, STORAGE_TYPE, FULL_URL, NAME) VALUES (-3024,'image/jpg','FILESYSTEM','/img/product/01.013.0210/3desc.jpg','世丰煎豆');
INSERT INTO BLC_STATIC_ASSET (STATIC_ASSET_ID, MIME_TYPE, STORAGE_TYPE, FULL_URL, NAME) VALUES (-3023,'image/jpg','FILESYSTEM','/img/product/01.013.0211/3desc.jpg','惠盈鱿鱼丝');
INSERT INTO BLC_STATIC_ASSET (STATIC_ASSET_ID, MIME_TYPE, STORAGE_TYPE, FULL_URL, NAME) VALUES (-3022,'image/jpg','FILESYSTEM','/img/product/01.013.0212/3desc.jpg','伊利牛奶片草莓味（板）');
INSERT INTO BLC_STATIC_ASSET (STATIC_ASSET_ID, MIME_TYPE, STORAGE_TYPE, FULL_URL, NAME) VALUES (-3021,'image/jpg','FILESYSTEM','/img/product/01.013.0213/3desc.jpg','伊利牛奶片原味（板）');
INSERT INTO BLC_STATIC_ASSET (STATIC_ASSET_ID, MIME_TYPE, STORAGE_TYPE, FULL_URL, NAME) VALUES (-3020,'image/jpg','FILESYSTEM','/img/product/01.013.0214/3desc.jpg','伊利牛奶片巧克力（板）');
INSERT INTO BLC_STATIC_ASSET (STATIC_ASSET_ID, MIME_TYPE, STORAGE_TYPE, FULL_URL, NAME) VALUES (-3019,'image/jpg','FILESYSTEM','/img/product/01.013.0215/3desc.jpg','老奶奶花生米五香味');
INSERT INTO BLC_STATIC_ASSET (STATIC_ASSET_ID, MIME_TYPE, STORAGE_TYPE, FULL_URL, NAME) VALUES (-3018,'image/jpg','FILESYSTEM','/img/product/01.013.0216/3desc.jpg','老奶奶花生米油炸味');
INSERT INTO BLC_STATIC_ASSET (STATIC_ASSET_ID, MIME_TYPE, STORAGE_TYPE, FULL_URL, NAME) VALUES (-3017,'image/jpg','FILESYSTEM','/img/product/01.013.0217/3desc.jpg','金鲤桥开心果香辣味');
INSERT INTO BLC_STATIC_ASSET (STATIC_ASSET_ID, MIME_TYPE, STORAGE_TYPE, FULL_URL, NAME) VALUES (-3016,'image/jpg','FILESYSTEM','/img/product/01.013.0218/3desc.jpg','雅利辉黄金蟹钳');
INSERT INTO BLC_STATIC_ASSET (STATIC_ASSET_ID, MIME_TYPE, STORAGE_TYPE, FULL_URL, NAME) VALUES (-3015,'image/jpg','FILESYSTEM','/img/product/01.013.0219/3desc.jpg','洽洽香瓜子（百煮入味）');
INSERT INTO BLC_STATIC_ASSET (STATIC_ASSET_ID, MIME_TYPE, STORAGE_TYPE, FULL_URL, NAME) VALUES (-3014,'image/jpg','FILESYSTEM','/img/product/01.013.0220/3desc.jpg','成心开心豆');
INSERT INTO BLC_STATIC_ASSET (STATIC_ASSET_ID, MIME_TYPE, STORAGE_TYPE, FULL_URL, NAME) VALUES (-3013,'image/jpg','FILESYSTEM','/img/product/01.013.0221/3desc.jpg','华芳果丹皮');
INSERT INTO BLC_STATIC_ASSET (STATIC_ASSET_ID, MIME_TYPE, STORAGE_TYPE, FULL_URL, NAME) VALUES (-3012,'image/jpg','FILESYSTEM','/img/product/01.013.0222/3desc.jpg','华芳山楂棒');
INSERT INTO BLC_STATIC_ASSET (STATIC_ASSET_ID, MIME_TYPE, STORAGE_TYPE, FULL_URL, NAME) VALUES (-3011,'image/jpg','FILESYSTEM','/img/product/01.013.0223/3desc.jpg','小王子麦烧咸味');
INSERT INTO BLC_STATIC_ASSET (STATIC_ASSET_ID, MIME_TYPE, STORAGE_TYPE, FULL_URL, NAME) VALUES (-3010,'image/jpg','FILESYSTEM','/img/product/01.013.0224/3desc.jpg','小王子麦烧葱油味');
INSERT INTO BLC_STATIC_ASSET (STATIC_ASSET_ID, MIME_TYPE, STORAGE_TYPE, FULL_URL, NAME) VALUES (-3009,'image/jpg','FILESYSTEM','/img/product/01.013.0225/3desc.jpg','小王子麦烧麻香味');
INSERT INTO BLC_STATIC_ASSET (STATIC_ASSET_ID, MIME_TYPE, STORAGE_TYPE, FULL_URL, NAME) VALUES (-3008,'image/jpg','FILESYSTEM','/img/product/01.014.0226/3desc.jpg','食滋源客家小年糕（香芋味）');
INSERT INTO BLC_STATIC_ASSET (STATIC_ASSET_ID, MIME_TYPE, STORAGE_TYPE, FULL_URL, NAME) VALUES (-3007,'image/jpg','FILESYSTEM','/img/product/01.014.0227/3desc.jpg','绿箭口香糖5片装(柠檬草薄荷味)');
INSERT INTO BLC_STATIC_ASSET (STATIC_ASSET_ID, MIME_TYPE, STORAGE_TYPE, FULL_URL, NAME) VALUES (-3006,'image/jpg','FILESYSTEM','/img/product/01.014.0228/3desc.jpg','炫迈（薄荷无糖口香糖');
INSERT INTO BLC_STATIC_ASSET (STATIC_ASSET_ID, MIME_TYPE, STORAGE_TYPE, FULL_URL, NAME) VALUES (-3005,'image/jpg','FILESYSTEM','/img/product/01.014.0229/3desc.jpg','炫迈(水蜜桃西瓜味)无糖口香糖');
INSERT INTO BLC_STATIC_ASSET (STATIC_ASSET_ID, MIME_TYPE, STORAGE_TYPE, FULL_URL, NAME) VALUES (-3004,'image/jpg','FILESYSTEM','/img/product/01.014.0230/3desc.jpg','益达洁白无糖口香糖56g(香橙薄荷味)');
INSERT INTO BLC_STATIC_ASSET (STATIC_ASSET_ID, MIME_TYPE, STORAGE_TYPE, FULL_URL, NAME) VALUES (-3003,'image/jpg','FILESYSTEM','/img/product/01.014.0231/3desc.jpg','益达无糖口香糖（冰凉薄荷味）');
INSERT INTO BLC_STATIC_ASSET (STATIC_ASSET_ID, MIME_TYPE, STORAGE_TYPE, FULL_URL, NAME) VALUES (-3002,'image/jpg','FILESYSTEM','/img/product/01.015.0232/3desc.jpg','益达木糖醇蜜瓜味56g');
INSERT INTO BLC_STATIC_ASSET (STATIC_ASSET_ID, MIME_TYPE, STORAGE_TYPE, FULL_URL, NAME) VALUES (-3001,'image/jpg','FILESYSTEM','/img/product/01.015.0233/3desc.jpg','雪花啤酒(淡爽）');
INSERT INTO BLC_STATIC_ASSET (STATIC_ASSET_ID, MIME_TYPE, STORAGE_TYPE, FULL_URL, NAME) VALUES (-3000,'image/jpg','FILESYSTEM','/img/product/3desc.jpg','纯生啤酒');




















insert into BLC_PRODUCT (PRODUCT_ID,  DEFAULT_CATEGORY_ID, URL, IS_FEATURED_PRODUCT) VALUES (-1264,1503,'/product/yinluniunaihuashengdanbaiyinpin370g', FALSE);
insert into BLC_PRODUCT (PRODUCT_ID,  DEFAULT_CATEGORY_ID, URL, IS_FEATURED_PRODUCT) VALUES (-1263,1502,'/product/tongyilaotansuancainiuroumian120g', FALSE);
insert into BLC_PRODUCT (PRODUCT_ID,  DEFAULT_CATEGORY_ID, URL, IS_FEATURED_PRODUCT) VALUES (-1262,1503,'/product/baishikekoukele600ml', FALSE);
insert into BLC_PRODUCT (PRODUCT_ID,  DEFAULT_CATEGORY_ID, URL, IS_FEATURED_PRODUCT) VALUES (-1261,1503,'/product/wahahayingxiangkuaixianboluowei500g', FALSE);
insert into BLC_PRODUCT (PRODUCT_ID,  DEFAULT_CATEGORY_ID, URL, IS_FEATURED_PRODUCT) VALUES (-1260,1503,'/product/wahahayingxiangkuaixianyuanwei500g', FALSE);
insert into BLC_PRODUCT (PRODUCT_ID,  DEFAULT_CATEGORY_ID, URL, IS_FEATURED_PRODUCT) VALUES (-1259,1503,'/product/yeshuyezhi245', FALSE);
insert into BLC_PRODUCT (PRODUCT_ID,  DEFAULT_CATEGORY_ID, URL, IS_FEATURED_PRODUCT) VALUES (-1258,1503,'/product/nongfushanquankuangquanshui380ml', FALSE);
insert into BLC_PRODUCT (PRODUCT_ID,  DEFAULT_CATEGORY_ID, URL, IS_FEATURED_PRODUCT) VALUES (-1257,1503,'/product/yinluguiyuanbabaozhou', FALSE);
insert into BLC_PRODUCT (PRODUCT_ID,  DEFAULT_CATEGORY_ID, URL, IS_FEATURED_PRODUCT) VALUES (-1256,1503,'/product/wahahaadgainaiyinliao220g', FALSE);
insert into BLC_PRODUCT (PRODUCT_ID,  DEFAULT_CATEGORY_ID, URL, IS_FEATURED_PRODUCT) VALUES (-1255,1503,'/product/liziyuantianniunai450ml', FALSE);
insert into BLC_PRODUCT (PRODUCT_ID,  DEFAULT_CATEGORY_ID, URL, IS_FEATURED_PRODUCT) VALUES (-1254,1503,'/product/yinlulvdoutang370g', FALSE);
insert into BLC_PRODUCT (PRODUCT_ID,  DEFAULT_CATEGORY_ID, URL, IS_FEATURED_PRODUCT) VALUES (-1253,1503,'/product/wahahayingxiangkuaixianyeziwei500g', FALSE);
insert into BLC_PRODUCT (PRODUCT_ID,  DEFAULT_CATEGORY_ID, URL, IS_FEATURED_PRODUCT) VALUES (-1252,1503,'/product/nongfushanquankuangquanshui550ml', FALSE);
insert into BLC_PRODUCT (PRODUCT_ID,  DEFAULT_CATEGORY_ID, URL, IS_FEATURED_PRODUCT) VALUES (-1251,1503,'/product/kekoukele330ml', FALSE);
insert into BLC_PRODUCT (PRODUCT_ID,  DEFAULT_CATEGORY_ID, URL, IS_FEATURED_PRODUCT) VALUES (-1250,1503,'/product/wahahachunjingshui596ml', FALSE);
insert into BLC_PRODUCT (PRODUCT_ID,  DEFAULT_CATEGORY_ID, URL, IS_FEATURED_PRODUCT) VALUES (-1249,1503,'/product/jinjiaoyundongxingyinliaoxianwei550ms', FALSE);
insert into BLC_PRODUCT (PRODUCT_ID,  DEFAULT_CATEGORY_ID, URL, IS_FEATURED_PRODUCT) VALUES (-1248,1503,'/product/wahahaguiyuanlianzibabaozhou', FALSE);
insert into BLC_PRODUCT (PRODUCT_ID,  DEFAULT_CATEGORY_ID, URL, IS_FEATURED_PRODUCT) VALUES (-1247,1502,'/product/daizhuangtongyi100luroumian112g', FALSE);
insert into BLC_PRODUCT (PRODUCT_ID,  DEFAULT_CATEGORY_ID, URL, IS_FEATURED_PRODUCT) VALUES (-1246,1502,'/product/daizhuangtongyi100laotansuancainiuroumian112g', FALSE);
insert into BLC_PRODUCT (PRODUCT_ID,  DEFAULT_CATEGORY_ID, URL, IS_FEATURED_PRODUCT) VALUES (-1245,1502,'/product/tongyixiaohuanxiongaoerliangkaochiwei46g', FALSE);
insert into BLC_PRODUCT (PRODUCT_ID,  DEFAULT_CATEGORY_ID, URL, IS_FEATURED_PRODUCT) VALUES (-1244,1502,'/product/tongyixiaohuanxionggancuimiankaorouwei46g', FALSE);
insert into BLC_PRODUCT (PRODUCT_ID,  DEFAULT_CATEGORY_ID, URL, IS_FEATURED_PRODUCT) VALUES (-1243,1502,'/product/tongyixiaohuanxiongyidalihonghuiwei46g', FALSE);
insert into BLC_PRODUCT (PRODUCT_ID,  DEFAULT_CATEGORY_ID, URL, IS_FEATURED_PRODUCT) VALUES (-1242,1502,'/product/tongyixiaodangjiagancuimianxiangcongwei26g', FALSE);
insert into BLC_PRODUCT (PRODUCT_ID,  DEFAULT_CATEGORY_ID, URL, IS_FEATURED_PRODUCT) VALUES (-1241,1502,'/product/tongyixiaodangjiahongshaoniurouwei46g', FALSE);
insert into BLC_PRODUCT (PRODUCT_ID,  DEFAULT_CATEGORY_ID, URL, IS_FEATURED_PRODUCT) VALUES (-1240,1502,'/product/tongyixiaodangjiamizhizhupaiwei26g', FALSE);
insert into BLC_PRODUCT (PRODUCT_ID,  DEFAULT_CATEGORY_ID, URL, IS_FEATURED_PRODUCT) VALUES (-1239,1502,'/product/tongyixiaodangjiawuxiangniurouwei26g', FALSE);
insert into BLC_PRODUCT (PRODUCT_ID,  DEFAULT_CATEGORY_ID, URL, IS_FEATURED_PRODUCT) VALUES (-1238,1504,'/product/qiaqiaxiangguaziziranshengxiang60g', FALSE);
insert into BLC_PRODUCT (PRODUCT_ID,  DEFAULT_CATEGORY_ID, URL, IS_FEATURED_PRODUCT) VALUES (-1237,1504,'/product/qiaqiaxiangguazinaixiang110g', FALSE);
insert into BLC_PRODUCT (PRODUCT_ID,  DEFAULT_CATEGORY_ID, URL, IS_FEATURED_PRODUCT) VALUES (-1236,1504,'/product/koushuiwalanhuadoujiangzhiniurouwei30g', FALSE);
insert into BLC_PRODUCT (PRODUCT_ID,  DEFAULT_CATEGORY_ID, URL, IS_FEATURED_PRODUCT) VALUES (-1235,1504,'/product/koushuiwalanhuadoukaorouwei30g', FALSE);
insert into BLC_PRODUCT (PRODUCT_ID,  DEFAULT_CATEGORY_ID, URL, IS_FEATURED_PRODUCT) VALUES (-1234,1504,'/product/koushuiwalanhuadouxianglawei30g', FALSE);
insert into BLC_PRODUCT (PRODUCT_ID,  DEFAULT_CATEGORY_ID, URL, IS_FEATURED_PRODUCT) VALUES (-1233,1504,'/product/koushuiwalanhuadouwuxiangwei30g', FALSE);










INSERT INTO BLC_SKU (SKU_ID,DEFAULT_PRODUCT_ID,NAME,LONG_DESCRIPTION,RETAIL_PRICE,ACTIVE_START_DATE, INVENTORY_TYPE) VALUES (-1264,-1264,'银鹭牛奶花生蛋白饮品370g','370g', 4,CURRENT_TIMESTAMP, 'BASIC');
INSERT INTO BLC_SKU (SKU_ID,DEFAULT_PRODUCT_ID,NAME,LONG_DESCRIPTION,RETAIL_PRICE,ACTIVE_START_DATE, INVENTORY_TYPE) VALUES (-1263,-1263,'统一老坛酸菜牛肉面（桶）120g','120g', 3.9,CURRENT_TIMESTAMP, 'BASIC');
INSERT INTO BLC_SKU (SKU_ID,DEFAULT_PRODUCT_ID,NAME,LONG_DESCRIPTION,RETAIL_PRICE,ACTIVE_START_DATE, INVENTORY_TYPE) VALUES (-1262,-1262,'百事可乐600ml','600ml', 3,CURRENT_TIMESTAMP, 'BASIC');
INSERT INTO BLC_SKU (SKU_ID,DEFAULT_PRODUCT_ID,NAME,LONG_DESCRIPTION,RETAIL_PRICE,ACTIVE_START_DATE, INVENTORY_TYPE) VALUES (-1261,-1261,'娃哈哈营养快线（菠萝味）500g','500g', 4,CURRENT_TIMESTAMP, 'BASIC');
INSERT INTO BLC_SKU (SKU_ID,DEFAULT_PRODUCT_ID,NAME,LONG_DESCRIPTION,RETAIL_PRICE,ACTIVE_START_DATE, INVENTORY_TYPE) VALUES (-1260,-1260,'娃哈哈营养快线（原味）500g','500g', 4,CURRENT_TIMESTAMP, 'BASIC');
INSERT INTO BLC_SKU (SKU_ID,DEFAULT_PRODUCT_ID,NAME,LONG_DESCRIPTION,RETAIL_PRICE,ACTIVE_START_DATE, INVENTORY_TYPE) VALUES (-1259,-1259,'椰树椰汁245ml','245ml', 4,CURRENT_TIMESTAMP, 'BASIC');
INSERT INTO BLC_SKU (SKU_ID,DEFAULT_PRODUCT_ID,NAME,LONG_DESCRIPTION,RETAIL_PRICE,ACTIVE_START_DATE, INVENTORY_TYPE) VALUES (-1258,-1258,'农夫山泉矿泉水380ml','380ml', 1.5,CURRENT_TIMESTAMP, 'BASIC');
INSERT INTO BLC_SKU (SKU_ID,DEFAULT_PRODUCT_ID,NAME,LONG_DESCRIPTION,RETAIL_PRICE,ACTIVE_START_DATE, INVENTORY_TYPE) VALUES (-1257,-1257,'银鹭桂圆八宝粥360g','360g', 3.5,CURRENT_TIMESTAMP, 'BASIC');
INSERT INTO BLC_SKU (SKU_ID,DEFAULT_PRODUCT_ID,NAME,LONG_DESCRIPTION,RETAIL_PRICE,ACTIVE_START_DATE, INVENTORY_TYPE) VALUES (-1256,-1256,'娃哈哈AD钙奶饮料220g','220g', 1.6,CURRENT_TIMESTAMP, 'BASIC');
INSERT INTO BLC_SKU (SKU_ID,DEFAULT_PRODUCT_ID,NAME,LONG_DESCRIPTION,RETAIL_PRICE,ACTIVE_START_DATE, INVENTORY_TYPE) VALUES (-1255,-1255,'李子园甜牛奶450ml','450ml', 3.5,CURRENT_TIMESTAMP, 'BASIC');
INSERT INTO BLC_SKU (SKU_ID,DEFAULT_PRODUCT_ID,NAME,LONG_DESCRIPTION,RETAIL_PRICE,ACTIVE_START_DATE, INVENTORY_TYPE) VALUES (-1254,-1254,'银鹭绿豆汤370g','370g', 4,CURRENT_TIMESTAMP, 'BASIC');
INSERT INTO BLC_SKU (SKU_ID,DEFAULT_PRODUCT_ID,NAME,LONG_DESCRIPTION,RETAIL_PRICE,ACTIVE_START_DATE, INVENTORY_TYPE) VALUES (-1253,-1253,'娃哈哈营养快线（椰子味）500g','500g', 4,CURRENT_TIMESTAMP, 'BASIC');
INSERT INTO BLC_SKU (SKU_ID,DEFAULT_PRODUCT_ID,NAME,LONG_DESCRIPTION,RETAIL_PRICE,ACTIVE_START_DATE, INVENTORY_TYPE) VALUES (-1252,-1252,'农夫山泉矿泉水550ml','550ml', 2,CURRENT_TIMESTAMP, 'BASIC');
INSERT INTO BLC_SKU (SKU_ID,DEFAULT_PRODUCT_ID,NAME,LONG_DESCRIPTION,RETAIL_PRICE,ACTIVE_START_DATE, INVENTORY_TYPE) VALUES (-1251,-1251,'可口可乐（听）330ml','330ml', 2.5,CURRENT_TIMESTAMP, 'BASIC');
INSERT INTO BLC_SKU (SKU_ID,DEFAULT_PRODUCT_ID,NAME,LONG_DESCRIPTION,RETAIL_PRICE,ACTIVE_START_DATE, INVENTORY_TYPE) VALUES (-1250,-1250,'娃哈哈纯净水596ml','596ml', 2,CURRENT_TIMESTAMP, 'BASIC');
INSERT INTO BLC_SKU (SKU_ID,DEFAULT_PRODUCT_ID,NAME,LONG_DESCRIPTION,RETAIL_PRICE,ACTIVE_START_DATE, INVENTORY_TYPE) VALUES (-1249,-1249,'尖叫运动型饮料（纤维）550ml','550ml', 4,CURRENT_TIMESTAMP, 'BASIC');
INSERT INTO BLC_SKU (SKU_ID,DEFAULT_PRODUCT_ID,NAME,LONG_DESCRIPTION,RETAIL_PRICE,ACTIVE_START_DATE, INVENTORY_TYPE) VALUES (-1248,-1248,'娃哈哈桂圆莲子八宝粥360g','360g', 4,CURRENT_TIMESTAMP, 'BASIC');
INSERT INTO BLC_SKU (SKU_ID,DEFAULT_PRODUCT_ID,NAME,LONG_DESCRIPTION,RETAIL_PRICE,ACTIVE_START_DATE, INVENTORY_TYPE) VALUES (-1247,-1247,'袋装统一100卤肉面112g','112g', 2.5,CURRENT_TIMESTAMP, 'BASIC');
INSERT INTO BLC_SKU (SKU_ID,DEFAULT_PRODUCT_ID,NAME,LONG_DESCRIPTION,RETAIL_PRICE,ACTIVE_START_DATE, INVENTORY_TYPE) VALUES (-1246,-1246,'袋装统一100老坛酸菜牛肉面112g','112g', 2.5,CURRENT_TIMESTAMP, 'BASIC');
INSERT INTO BLC_SKU (SKU_ID,DEFAULT_PRODUCT_ID,NAME,LONG_DESCRIPTION,RETAIL_PRICE,ACTIVE_START_DATE, INVENTORY_TYPE) VALUES (-1245,-1245,'统一小浣熊干脆面（奥尔良烤翅味）46g','', 1.2,CURRENT_TIMESTAMP, 'BASIC');
INSERT INTO BLC_SKU (SKU_ID,DEFAULT_PRODUCT_ID,NAME,LONG_DESCRIPTION,RETAIL_PRICE,ACTIVE_START_DATE, INVENTORY_TYPE) VALUES (-1244,-1244,'统一小浣熊干脆面（烤肉味）46g','', 1.2,CURRENT_TIMESTAMP, 'BASIC');
INSERT INTO BLC_SKU (SKU_ID,DEFAULT_PRODUCT_ID,NAME,LONG_DESCRIPTION,RETAIL_PRICE,ACTIVE_START_DATE, INVENTORY_TYPE) VALUES (-1243,-1243,'统一小浣熊干脆面（意大利红烩味）46g','', 1.2,CURRENT_TIMESTAMP, 'BASIC');
INSERT INTO BLC_SKU (SKU_ID,DEFAULT_PRODUCT_ID,NAME,LONG_DESCRIPTION,RETAIL_PRICE,ACTIVE_START_DATE, INVENTORY_TYPE) VALUES (-1242,-1242,'统一小当家干脆面（香葱味）26g','', 0.5,CURRENT_TIMESTAMP, 'BASIC');
INSERT INTO BLC_SKU (SKU_ID,DEFAULT_PRODUCT_ID,NAME,LONG_DESCRIPTION,RETAIL_PRICE,ACTIVE_START_DATE, INVENTORY_TYPE) VALUES (-1241,-1241,'统一小当家干脆面（红烧牛肉味）26g','', 0.5,CURRENT_TIMESTAMP, 'BASIC');
INSERT INTO BLC_SKU (SKU_ID,DEFAULT_PRODUCT_ID,NAME,LONG_DESCRIPTION,RETAIL_PRICE,ACTIVE_START_DATE, INVENTORY_TYPE) VALUES (-1240,-1240,'统一小当家干脆面（蜜汁猪排味）26g','', 0.5,CURRENT_TIMESTAMP, 'BASIC');
INSERT INTO BLC_SKU (SKU_ID,DEFAULT_PRODUCT_ID,NAME,LONG_DESCRIPTION,RETAIL_PRICE,ACTIVE_START_DATE, INVENTORY_TYPE) VALUES (-1239,-1239,'统一小当家干脆面（五香牛肉味）26g','', 0.5,CURRENT_TIMESTAMP, 'BASIC');
INSERT INTO BLC_SKU (SKU_ID,DEFAULT_PRODUCT_ID,NAME,LONG_DESCRIPTION,RETAIL_PRICE,ACTIVE_START_DATE, INVENTORY_TYPE) VALUES (-1238,-1238,'洽洽香瓜子（自然生香）60g','', 2,CURRENT_TIMESTAMP, 'BASIC');
INSERT INTO BLC_SKU (SKU_ID,DEFAULT_PRODUCT_ID,NAME,LONG_DESCRIPTION,RETAIL_PRICE,ACTIVE_START_DATE, INVENTORY_TYPE) VALUES (-1237,-1237,'洽洽香瓜子（奶香味）110g','', 4,CURRENT_TIMESTAMP, 'BASIC');
INSERT INTO BLC_SKU (SKU_ID,DEFAULT_PRODUCT_ID,NAME,LONG_DESCRIPTION,RETAIL_PRICE,ACTIVE_START_DATE, INVENTORY_TYPE) VALUES (-1236,-1236,'口水娃兰花豆（酱汁牛肉味）30g','', 1,CURRENT_TIMESTAMP, 'BASIC');
INSERT INTO BLC_SKU (SKU_ID,DEFAULT_PRODUCT_ID,NAME,LONG_DESCRIPTION,RETAIL_PRICE,ACTIVE_START_DATE, INVENTORY_TYPE) VALUES (-1235,-1235,'口水娃兰花豆（烤肉味）30g','', 1,CURRENT_TIMESTAMP, 'BASIC');
INSERT INTO BLC_SKU (SKU_ID,DEFAULT_PRODUCT_ID,NAME,LONG_DESCRIPTION,RETAIL_PRICE,ACTIVE_START_DATE, INVENTORY_TYPE) VALUES (-1234,-1234,'口水娃兰花豆（香辣味）30g','', 1,CURRENT_TIMESTAMP, 'BASIC');
INSERT INTO BLC_SKU (SKU_ID,DEFAULT_PRODUCT_ID,NAME,LONG_DESCRIPTION,RETAIL_PRICE,ACTIVE_START_DATE, INVENTORY_TYPE) VALUES (-1233,-1233,'口水娃兰花豆（五香味）30g','', 1,CURRENT_TIMESTAMP, 'BASIC');













INSERT INTO BLC_CATEGORY_PRODUCT_XREF (PRODUCT_ID, CATEGORY_ID, DISPLAY_ORDER) VALUES (-1264,1503,1);	INSERT INTO BLC_MEDIA (MEDIA_ID, URL, TITLE, ALT_TEXT) VALUES (-1264,'/cmsstatic/img/product/yinluniunaihuashengdanbaiyinpin370g/1desc.jpg','银鹭牛奶花生蛋白饮品370g','primary');	INSERT INTO BLC_SKU_MEDIA_MAP (BLC_SKU_SKU_ID, MEDIA_ID, MAP_KEY) VALUES (-1264,-1264,'primary');	INSERT INTO BLC_STATIC_ASSET (STATIC_ASSET_ID, MIME_TYPE, STORAGE_TYPE, FULL_URL, NAME) VALUES (-1264,'image/jpg','FILESYSTEM','/img/product/yinluniunaihuashengdanbaiyinpin370g/1desc.jpg','银鹭牛奶花生蛋白饮品370g');
INSERT INTO BLC_CATEGORY_PRODUCT_XREF (PRODUCT_ID, CATEGORY_ID, DISPLAY_ORDER) VALUES (-1263,1502,1);	INSERT INTO BLC_MEDIA (MEDIA_ID, URL, TITLE, ALT_TEXT) VALUES (-1263,'/cmsstatic/img/product/tongyilaotansuancainiuroumian120g/1desc.jpg','统一老坛酸菜牛肉面（桶）120g','primary');	INSERT INTO BLC_SKU_MEDIA_MAP (BLC_SKU_SKU_ID, MEDIA_ID, MAP_KEY) VALUES (-1263,-1263,'primary');	INSERT INTO BLC_STATIC_ASSET (STATIC_ASSET_ID, MIME_TYPE, STORAGE_TYPE, FULL_URL, NAME) VALUES (-1263,'image/jpg','FILESYSTEM','/img/product/tongyilaotansuancainiuroumian120g/1desc.jpg','统一老坛酸菜牛肉面（桶）120g');
INSERT INTO BLC_CATEGORY_PRODUCT_XREF (PRODUCT_ID, CATEGORY_ID, DISPLAY_ORDER) VALUES (-1262,1503,1);	INSERT INTO BLC_MEDIA (MEDIA_ID, URL, TITLE, ALT_TEXT) VALUES (-1262,'/cmsstatic/img/product/baishikekoukele600ml/1desc.jpg','百事可乐600ml','primary');	INSERT INTO BLC_SKU_MEDIA_MAP (BLC_SKU_SKU_ID, MEDIA_ID, MAP_KEY) VALUES (-1262,-1262,'primary');	INSERT INTO BLC_STATIC_ASSET (STATIC_ASSET_ID, MIME_TYPE, STORAGE_TYPE, FULL_URL, NAME) VALUES (-1262,'image/jpg','FILESYSTEM','/img/product/baishikekoukele600ml/1desc.jpg','百事可乐600ml');
INSERT INTO BLC_CATEGORY_PRODUCT_XREF (PRODUCT_ID, CATEGORY_ID, DISPLAY_ORDER) VALUES (-1261,1503,1);	INSERT INTO BLC_MEDIA (MEDIA_ID, URL, TITLE, ALT_TEXT) VALUES (-1261,'/cmsstatic/img/product/wahahayingxiangkuaixianboluowei500g/1desc.jpg','娃哈哈营养快线（菠萝味）500g','primary');	INSERT INTO BLC_SKU_MEDIA_MAP (BLC_SKU_SKU_ID, MEDIA_ID, MAP_KEY) VALUES (-1261,-1261,'primary');	INSERT INTO BLC_STATIC_ASSET (STATIC_ASSET_ID, MIME_TYPE, STORAGE_TYPE, FULL_URL, NAME) VALUES (-1261,'image/jpg','FILESYSTEM','/img/product/wahahayingxiangkuaixianboluowei500g/1desc.jpg','娃哈哈营养快线（菠萝味）500g');
INSERT INTO BLC_CATEGORY_PRODUCT_XREF (PRODUCT_ID, CATEGORY_ID, DISPLAY_ORDER) VALUES (-1260,1503,1);	INSERT INTO BLC_MEDIA (MEDIA_ID, URL, TITLE, ALT_TEXT) VALUES (-1260,'/cmsstatic/img/product/wahahayingxiangkuaixianyuanwei500g/1desc.jpg','娃哈哈营养快线（原味）500g','primary');	INSERT INTO BLC_SKU_MEDIA_MAP (BLC_SKU_SKU_ID, MEDIA_ID, MAP_KEY) VALUES (-1260,-1260,'primary');	INSERT INTO BLC_STATIC_ASSET (STATIC_ASSET_ID, MIME_TYPE, STORAGE_TYPE, FULL_URL, NAME) VALUES (-1260,'image/jpg','FILESYSTEM','/img/product/wahahayingxiangkuaixianyuanwei500g/1desc.jpg','娃哈哈营养快线（原味）500g');
INSERT INTO BLC_CATEGORY_PRODUCT_XREF (PRODUCT_ID, CATEGORY_ID, DISPLAY_ORDER) VALUES (-1259,1503,1);	INSERT INTO BLC_MEDIA (MEDIA_ID, URL, TITLE, ALT_TEXT) VALUES (-1259,'/cmsstatic/img/product/yeshuyezhi245/1desc.jpg','椰树椰汁245ml','primary');	INSERT INTO BLC_SKU_MEDIA_MAP (BLC_SKU_SKU_ID, MEDIA_ID, MAP_KEY) VALUES (-1259,-1259,'primary');	INSERT INTO BLC_STATIC_ASSET (STATIC_ASSET_ID, MIME_TYPE, STORAGE_TYPE, FULL_URL, NAME) VALUES (-1259,'image/jpg','FILESYSTEM','/img/product/yeshuyezhi245/1desc.jpg','椰树椰汁245ml');
INSERT INTO BLC_CATEGORY_PRODUCT_XREF (PRODUCT_ID, CATEGORY_ID, DISPLAY_ORDER) VALUES (-1258,1503,1);	INSERT INTO BLC_MEDIA (MEDIA_ID, URL, TITLE, ALT_TEXT) VALUES (-1258,'/cmsstatic/img/product/nongfushanquankuangquanshui380ml/1desc.jpg','农夫山泉矿泉水380ml','primary');	INSERT INTO BLC_SKU_MEDIA_MAP (BLC_SKU_SKU_ID, MEDIA_ID, MAP_KEY) VALUES (-1258,-1258,'primary');	INSERT INTO BLC_STATIC_ASSET (STATIC_ASSET_ID, MIME_TYPE, STORAGE_TYPE, FULL_URL, NAME) VALUES (-1258,'image/jpg','FILESYSTEM','/img/product/nongfushanquankuangquanshui380ml/1desc.jpg','农夫山泉矿泉水380ml');
INSERT INTO BLC_CATEGORY_PRODUCT_XREF (PRODUCT_ID, CATEGORY_ID, DISPLAY_ORDER) VALUES (-1257,1503,1);	INSERT INTO BLC_MEDIA (MEDIA_ID, URL, TITLE, ALT_TEXT) VALUES (-1257,'/cmsstatic/img/product/yinluguiyuanbabaozhou/1desc.jpg','银鹭桂圆八宝粥360g','primary');	INSERT INTO BLC_SKU_MEDIA_MAP (BLC_SKU_SKU_ID, MEDIA_ID, MAP_KEY) VALUES (-1257,-1257,'primary');	INSERT INTO BLC_STATIC_ASSET (STATIC_ASSET_ID, MIME_TYPE, STORAGE_TYPE, FULL_URL, NAME) VALUES (-1257,'image/jpg','FILESYSTEM','/img/product/yinluguiyuanbabaozhou/1desc.jpg','银鹭桂圆八宝粥360g');
INSERT INTO BLC_CATEGORY_PRODUCT_XREF (PRODUCT_ID, CATEGORY_ID, DISPLAY_ORDER) VALUES (-1256,1503,1);	INSERT INTO BLC_MEDIA (MEDIA_ID, URL, TITLE, ALT_TEXT) VALUES (-1256,'/cmsstatic/img/product/wahahaadgainaiyinliao220g/1desc.jpg','娃哈哈AD钙奶饮料220g','primary');	INSERT INTO BLC_SKU_MEDIA_MAP (BLC_SKU_SKU_ID, MEDIA_ID, MAP_KEY) VALUES (-1256,-1256,'primary');	INSERT INTO BLC_STATIC_ASSET (STATIC_ASSET_ID, MIME_TYPE, STORAGE_TYPE, FULL_URL, NAME) VALUES (-1256,'image/jpg','FILESYSTEM','/img/product/wahahaadgainaiyinliao220g/1desc.jpg','娃哈哈AD钙奶饮料220g');
INSERT INTO BLC_CATEGORY_PRODUCT_XREF (PRODUCT_ID, CATEGORY_ID, DISPLAY_ORDER) VALUES (-1255,1503,1);	INSERT INTO BLC_MEDIA (MEDIA_ID, URL, TITLE, ALT_TEXT) VALUES (-1255,'/cmsstatic/img/product/liziyuantianniunai450ml/1desc.jpg','李子园甜牛奶450ml','primary');	INSERT INTO BLC_SKU_MEDIA_MAP (BLC_SKU_SKU_ID, MEDIA_ID, MAP_KEY) VALUES (-1255,-1255,'primary');	INSERT INTO BLC_STATIC_ASSET (STATIC_ASSET_ID, MIME_TYPE, STORAGE_TYPE, FULL_URL, NAME) VALUES (-1255,'image/jpg','FILESYSTEM','/img/product/liziyuantianniunai450ml/1desc.jpg','李子园甜牛奶450ml');
INSERT INTO BLC_CATEGORY_PRODUCT_XREF (PRODUCT_ID, CATEGORY_ID, DISPLAY_ORDER) VALUES (-1254,1503,1);	INSERT INTO BLC_MEDIA (MEDIA_ID, URL, TITLE, ALT_TEXT) VALUES (-1254,'/cmsstatic/img/product/yinlulvdoutang370g/1desc.jpg','银鹭绿豆汤370g','primary');	INSERT INTO BLC_SKU_MEDIA_MAP (BLC_SKU_SKU_ID, MEDIA_ID, MAP_KEY) VALUES (-1254,-1254,'primary');	INSERT INTO BLC_STATIC_ASSET (STATIC_ASSET_ID, MIME_TYPE, STORAGE_TYPE, FULL_URL, NAME) VALUES (-1254,'image/jpg','FILESYSTEM','/img/product/yinlulvdoutang370g/1desc.jpg','银鹭绿豆汤370g');
INSERT INTO BLC_CATEGORY_PRODUCT_XREF (PRODUCT_ID, CATEGORY_ID, DISPLAY_ORDER) VALUES (-1253,1503,1);	INSERT INTO BLC_MEDIA (MEDIA_ID, URL, TITLE, ALT_TEXT) VALUES (-1253,'/cmsstatic/img/product/wahahayingxiangkuaixianyeziwei500g/1desc.jpg','娃哈哈营养快线（椰子味）500g','primary');	INSERT INTO BLC_SKU_MEDIA_MAP (BLC_SKU_SKU_ID, MEDIA_ID, MAP_KEY) VALUES (-1253,-1253,'primary');	INSERT INTO BLC_STATIC_ASSET (STATIC_ASSET_ID, MIME_TYPE, STORAGE_TYPE, FULL_URL, NAME) VALUES (-1253,'image/jpg','FILESYSTEM','/img/product/wahahayingxiangkuaixianyeziwei500g/1desc.jpg','娃哈哈营养快线（椰子味）500g');
INSERT INTO BLC_CATEGORY_PRODUCT_XREF (PRODUCT_ID, CATEGORY_ID, DISPLAY_ORDER) VALUES (-1252,1503,1);	INSERT INTO BLC_MEDIA (MEDIA_ID, URL, TITLE, ALT_TEXT) VALUES (-1252,'/cmsstatic/img/product/nongfushanquankuangquanshui550ml/1desc.jpg','农夫山泉矿泉水550ml','primary');	INSERT INTO BLC_SKU_MEDIA_MAP (BLC_SKU_SKU_ID, MEDIA_ID, MAP_KEY) VALUES (-1252,-1252,'primary');	INSERT INTO BLC_STATIC_ASSET (STATIC_ASSET_ID, MIME_TYPE, STORAGE_TYPE, FULL_URL, NAME) VALUES (-1252,'image/jpg','FILESYSTEM','/img/product/nongfushanquankuangquanshui550ml/1desc.jpg','农夫山泉矿泉水550ml');
INSERT INTO BLC_CATEGORY_PRODUCT_XREF (PRODUCT_ID, CATEGORY_ID, DISPLAY_ORDER) VALUES (-1251,1503,1);	INSERT INTO BLC_MEDIA (MEDIA_ID, URL, TITLE, ALT_TEXT) VALUES (-1251,'/cmsstatic/img/product/kekoukele330ml/1desc.jpg','可口可乐（听）330ml','primary');	INSERT INTO BLC_SKU_MEDIA_MAP (BLC_SKU_SKU_ID, MEDIA_ID, MAP_KEY) VALUES (-1251,-1251,'primary');	INSERT INTO BLC_STATIC_ASSET (STATIC_ASSET_ID, MIME_TYPE, STORAGE_TYPE, FULL_URL, NAME) VALUES (-1251,'image/jpg','FILESYSTEM','/img/product/kekoukele330ml/1desc.jpg','可口可乐（听）330ml');
INSERT INTO BLC_CATEGORY_PRODUCT_XREF (PRODUCT_ID, CATEGORY_ID, DISPLAY_ORDER) VALUES (-1250,1503,1);	INSERT INTO BLC_MEDIA (MEDIA_ID, URL, TITLE, ALT_TEXT) VALUES (-1250,'/cmsstatic/img/product/wahahachunjingshui596ml/1desc.jpg','娃哈哈纯净水596ml','primary');	INSERT INTO BLC_SKU_MEDIA_MAP (BLC_SKU_SKU_ID, MEDIA_ID, MAP_KEY) VALUES (-1250,-1250,'primary');	INSERT INTO BLC_STATIC_ASSET (STATIC_ASSET_ID, MIME_TYPE, STORAGE_TYPE, FULL_URL, NAME) VALUES (-1250,'image/jpg','FILESYSTEM','/img/product/wahahachunjingshui596ml/1desc.jpg','娃哈哈纯净水596ml');
INSERT INTO BLC_CATEGORY_PRODUCT_XREF (PRODUCT_ID, CATEGORY_ID, DISPLAY_ORDER) VALUES (-1249,1503,1);	INSERT INTO BLC_MEDIA (MEDIA_ID, URL, TITLE, ALT_TEXT) VALUES (-1249,'/cmsstatic/img/product/jinjiaoyundongxingyinliaoxianwei550ms/1desc.jpg','尖叫运动型饮料（纤维）550ml','primary');	INSERT INTO BLC_SKU_MEDIA_MAP (BLC_SKU_SKU_ID, MEDIA_ID, MAP_KEY) VALUES (-1249,-1249,'primary');	INSERT INTO BLC_STATIC_ASSET (STATIC_ASSET_ID, MIME_TYPE, STORAGE_TYPE, FULL_URL, NAME) VALUES (-1249,'image/jpg','FILESYSTEM','/img/product/jinjiaoyundongxingyinliaoxianwei550ms/1desc.jpg','尖叫运动型饮料（纤维）550ml');
INSERT INTO BLC_CATEGORY_PRODUCT_XREF (PRODUCT_ID, CATEGORY_ID, DISPLAY_ORDER) VALUES (-1248,1503,1);	INSERT INTO BLC_MEDIA (MEDIA_ID, URL, TITLE, ALT_TEXT) VALUES (-1248,'/cmsstatic/img/product/wahahaguiyuanlianzibabaozhou/1desc.jpg','娃哈哈桂圆莲子八宝粥360g','primary');	INSERT INTO BLC_SKU_MEDIA_MAP (BLC_SKU_SKU_ID, MEDIA_ID, MAP_KEY) VALUES (-1248,-1248,'primary');	INSERT INTO BLC_STATIC_ASSET (STATIC_ASSET_ID, MIME_TYPE, STORAGE_TYPE, FULL_URL, NAME) VALUES (-1248,'image/jpg','FILESYSTEM','/img/product/wahahaguiyuanlianzibabaozhou/1desc.jpg','娃哈哈桂圆莲子八宝粥360g');
INSERT INTO BLC_CATEGORY_PRODUCT_XREF (PRODUCT_ID, CATEGORY_ID, DISPLAY_ORDER) VALUES (-1247,1502,1);	INSERT INTO BLC_MEDIA (MEDIA_ID, URL, TITLE, ALT_TEXT) VALUES (-1247,'/cmsstatic/img/product/daizhuangtongyi100luroumian112g/1desc.jpg','袋装统一100卤肉面112g','primary');	INSERT INTO BLC_SKU_MEDIA_MAP (BLC_SKU_SKU_ID, MEDIA_ID, MAP_KEY) VALUES (-1247,-1247,'primary');	INSERT INTO BLC_STATIC_ASSET (STATIC_ASSET_ID, MIME_TYPE, STORAGE_TYPE, FULL_URL, NAME) VALUES (-1247,'image/jpg','FILESYSTEM','/img/product/daizhuangtongyi100luroumian112g/1desc.jpg','袋装统一100卤肉面112g');
INSERT INTO BLC_CATEGORY_PRODUCT_XREF (PRODUCT_ID, CATEGORY_ID, DISPLAY_ORDER) VALUES (-1246,1502,1);	INSERT INTO BLC_MEDIA (MEDIA_ID, URL, TITLE, ALT_TEXT) VALUES (-1246,'/cmsstatic/img/product/daizhuangtongyi100laotansuancainiuroumian112g/1desc.jpg','袋装统一100老坛酸菜牛肉面112g','primary');	INSERT INTO BLC_SKU_MEDIA_MAP (BLC_SKU_SKU_ID, MEDIA_ID, MAP_KEY) VALUES (-1246,-1246,'primary');	INSERT INTO BLC_STATIC_ASSET (STATIC_ASSET_ID, MIME_TYPE, STORAGE_TYPE, FULL_URL, NAME) VALUES (-1246,'image/jpg','FILESYSTEM','/img/product/daizhuangtongyi100laotansuancainiuroumian112g/1desc.jpg','袋装统一100老坛酸菜牛肉面112g');
INSERT INTO BLC_CATEGORY_PRODUCT_XREF (PRODUCT_ID, CATEGORY_ID, DISPLAY_ORDER) VALUES (-1245,1502,1);	INSERT INTO BLC_MEDIA (MEDIA_ID, URL, TITLE, ALT_TEXT) VALUES (-1245,'/cmsstatic/img/product/tongyixiaohuanxiongaoerliangkaochiwei46g/1desc.jpg','统一小浣熊干脆面（奥尔良烤翅味）46g','primary');	INSERT INTO BLC_SKU_MEDIA_MAP (BLC_SKU_SKU_ID, MEDIA_ID, MAP_KEY) VALUES (-1245,-1245,'primary');	INSERT INTO BLC_STATIC_ASSET (STATIC_ASSET_ID, MIME_TYPE, STORAGE_TYPE, FULL_URL, NAME) VALUES (-1245,'image/jpg','FILESYSTEM','/img/product/tongyixiaohuanxiongaoerliangkaochiwei46g/1desc.jpg','统一小浣熊干脆面（奥尔良烤翅味）46g');
INSERT INTO BLC_CATEGORY_PRODUCT_XREF (PRODUCT_ID, CATEGORY_ID, DISPLAY_ORDER) VALUES (-1244,1502,1);	INSERT INTO BLC_MEDIA (MEDIA_ID, URL, TITLE, ALT_TEXT) VALUES (-1244,'/cmsstatic/img/product/tongyixiaohuanxionggancuimiankaorouwei46g/1desc.jpg','统一小浣熊干脆面（烤肉味）46g','primary');	INSERT INTO BLC_SKU_MEDIA_MAP (BLC_SKU_SKU_ID, MEDIA_ID, MAP_KEY) VALUES (-1244,-1244,'primary');	INSERT INTO BLC_STATIC_ASSET (STATIC_ASSET_ID, MIME_TYPE, STORAGE_TYPE, FULL_URL, NAME) VALUES (-1244,'image/jpg','FILESYSTEM','/img/product/tongyixiaohuanxionggancuimiankaorouwei46g/1desc.jpg','统一小浣熊干脆面（烤肉味）46g');
INSERT INTO BLC_CATEGORY_PRODUCT_XREF (PRODUCT_ID, CATEGORY_ID, DISPLAY_ORDER) VALUES (-1243,1502,1);	INSERT INTO BLC_MEDIA (MEDIA_ID, URL, TITLE, ALT_TEXT) VALUES (-1243,'/cmsstatic/img/product/tongyixiaohuanxiongyidalihonghuiwei46g/1desc.jpg','统一小浣熊干脆面（意大利红烩味）46g','primary');	INSERT INTO BLC_SKU_MEDIA_MAP (BLC_SKU_SKU_ID, MEDIA_ID, MAP_KEY) VALUES (-1243,-1243,'primary');	INSERT INTO BLC_STATIC_ASSET (STATIC_ASSET_ID, MIME_TYPE, STORAGE_TYPE, FULL_URL, NAME) VALUES (-1243,'image/jpg','FILESYSTEM','/img/product/tongyixiaohuanxiongyidalihonghuiwei46g/1desc.jpg','统一小浣熊干脆面（意大利红烩味）46g');
INSERT INTO BLC_CATEGORY_PRODUCT_XREF (PRODUCT_ID, CATEGORY_ID, DISPLAY_ORDER) VALUES (-1242,1502,1);	INSERT INTO BLC_MEDIA (MEDIA_ID, URL, TITLE, ALT_TEXT) VALUES (-1242,'/cmsstatic/img/product/tongyixiaodangjiagancuimianxiangcongwei26g/1desc.jpg','统一小当家干脆面（香葱味）26g','primary');	INSERT INTO BLC_SKU_MEDIA_MAP (BLC_SKU_SKU_ID, MEDIA_ID, MAP_KEY) VALUES (-1242,-1242,'primary');	INSERT INTO BLC_STATIC_ASSET (STATIC_ASSET_ID, MIME_TYPE, STORAGE_TYPE, FULL_URL, NAME) VALUES (-1242,'image/jpg','FILESYSTEM','/img/product/tongyixiaodangjiagancuimianxiangcongwei26g/1desc.jpg','统一小当家干脆面（香葱味）26g');
INSERT INTO BLC_CATEGORY_PRODUCT_XREF (PRODUCT_ID, CATEGORY_ID, DISPLAY_ORDER) VALUES (-1241,1502,1);	INSERT INTO BLC_MEDIA (MEDIA_ID, URL, TITLE, ALT_TEXT) VALUES (-1241,'/cmsstatic/img/product/tongyixiaodangjiahongshaoniurouwei46g/1desc.jpg','统一小当家干脆面（红烧牛肉味）26g','primary');	INSERT INTO BLC_SKU_MEDIA_MAP (BLC_SKU_SKU_ID, MEDIA_ID, MAP_KEY) VALUES (-1241,-1241,'primary');	INSERT INTO BLC_STATIC_ASSET (STATIC_ASSET_ID, MIME_TYPE, STORAGE_TYPE, FULL_URL, NAME) VALUES (-1241,'image/jpg','FILESYSTEM','/img/product/tongyixiaodangjiahongshaoniurouwei46g/1desc.jpg','统一小当家干脆面（红烧牛肉味）26g');
INSERT INTO BLC_CATEGORY_PRODUCT_XREF (PRODUCT_ID, CATEGORY_ID, DISPLAY_ORDER) VALUES (-1240,1502,1);	INSERT INTO BLC_MEDIA (MEDIA_ID, URL, TITLE, ALT_TEXT) VALUES (-1240,'/cmsstatic/img/product/tongyixiaodangjiamizhizhupaiwei26g/1desc.jpg','统一小当家干脆面（蜜汁猪排味）26g','primary');	INSERT INTO BLC_SKU_MEDIA_MAP (BLC_SKU_SKU_ID, MEDIA_ID, MAP_KEY) VALUES (-1240,-1240,'primary');	INSERT INTO BLC_STATIC_ASSET (STATIC_ASSET_ID, MIME_TYPE, STORAGE_TYPE, FULL_URL, NAME) VALUES (-1240,'image/jpg','FILESYSTEM','/img/product/tongyixiaodangjiamizhizhupaiwei26g/1desc.jpg','统一小当家干脆面（蜜汁猪排味）26g');
INSERT INTO BLC_CATEGORY_PRODUCT_XREF (PRODUCT_ID, CATEGORY_ID, DISPLAY_ORDER) VALUES (-1239,1502,1);	INSERT INTO BLC_MEDIA (MEDIA_ID, URL, TITLE, ALT_TEXT) VALUES (-1239,'/cmsstatic/img/product/tongyixiaodangjiawuxiangniurouwei26g/1desc.jpg','统一小当家干脆面（五香牛肉味）26g','primary');	INSERT INTO BLC_SKU_MEDIA_MAP (BLC_SKU_SKU_ID, MEDIA_ID, MAP_KEY) VALUES (-1239,-1239,'primary');	INSERT INTO BLC_STATIC_ASSET (STATIC_ASSET_ID, MIME_TYPE, STORAGE_TYPE, FULL_URL, NAME) VALUES (-1239,'image/jpg','FILESYSTEM','/img/product/tongyixiaodangjiawuxiangniurouwei26g/1desc.jpg','统一小当家干脆面（五香牛肉味）26g');
INSERT INTO BLC_CATEGORY_PRODUCT_XREF (PRODUCT_ID, CATEGORY_ID, DISPLAY_ORDER) VALUES (-1238,1504,1);	INSERT INTO BLC_MEDIA (MEDIA_ID, URL, TITLE, ALT_TEXT) VALUES (-1238,'/cmsstatic/img/product/qiaqiaxiangguaziziranshengxiang60g/1desc.jpg','洽洽香瓜子（自然生香）60g','primary');	INSERT INTO BLC_SKU_MEDIA_MAP (BLC_SKU_SKU_ID, MEDIA_ID, MAP_KEY) VALUES (-1238,-1238,'primary');	INSERT INTO BLC_STATIC_ASSET (STATIC_ASSET_ID, MIME_TYPE, STORAGE_TYPE, FULL_URL, NAME) VALUES (-1238,'image/jpg','FILESYSTEM','/img/product/qiaqiaxiangguaziziranshengxiang60g/1desc.jpg','洽洽香瓜子（自然生香）60g');
INSERT INTO BLC_CATEGORY_PRODUCT_XREF (PRODUCT_ID, CATEGORY_ID, DISPLAY_ORDER) VALUES (-1237,1504,1);	INSERT INTO BLC_MEDIA (MEDIA_ID, URL, TITLE, ALT_TEXT) VALUES (-1237,'/cmsstatic/img/product/qiaqiaxiangguazinaixiang110g/1desc.jpg','洽洽香瓜子（奶香味）110g','primary');	INSERT INTO BLC_SKU_MEDIA_MAP (BLC_SKU_SKU_ID, MEDIA_ID, MAP_KEY) VALUES (-1237,-1237,'primary');	INSERT INTO BLC_STATIC_ASSET (STATIC_ASSET_ID, MIME_TYPE, STORAGE_TYPE, FULL_URL, NAME) VALUES (-1237,'image/jpg','FILESYSTEM','/img/product/qiaqiaxiangguazinaixiang110g/1desc.jpg','洽洽香瓜子（奶香味）110g');
INSERT INTO BLC_CATEGORY_PRODUCT_XREF (PRODUCT_ID, CATEGORY_ID, DISPLAY_ORDER) VALUES (-1236,1504,1);	INSERT INTO BLC_MEDIA (MEDIA_ID, URL, TITLE, ALT_TEXT) VALUES (-1236,'/cmsstatic/img/product/koushuiwalanhuadoujiangzhiniurouwei30g/1desc.jpg','口水娃兰花豆（酱汁牛肉味）30g','primary');	INSERT INTO BLC_SKU_MEDIA_MAP (BLC_SKU_SKU_ID, MEDIA_ID, MAP_KEY) VALUES (-1236,-1236,'primary');	INSERT INTO BLC_STATIC_ASSET (STATIC_ASSET_ID, MIME_TYPE, STORAGE_TYPE, FULL_URL, NAME) VALUES (-1236,'image/jpg','FILESYSTEM','/img/product/koushuiwalanhuadoujiangzhiniurouwei30g/1desc.jpg','口水娃兰花豆（酱汁牛肉味）30g');
INSERT INTO BLC_CATEGORY_PRODUCT_XREF (PRODUCT_ID, CATEGORY_ID, DISPLAY_ORDER) VALUES (-1235,1504,1);	INSERT INTO BLC_MEDIA (MEDIA_ID, URL, TITLE, ALT_TEXT) VALUES (-1235,'/cmsstatic/img/product/koushuiwalanhuadoukaorouwei30g/1desc.jpg','口水娃兰花豆（烤肉味）30g','primary');	INSERT INTO BLC_SKU_MEDIA_MAP (BLC_SKU_SKU_ID, MEDIA_ID, MAP_KEY) VALUES (-1235,-1235,'primary');	INSERT INTO BLC_STATIC_ASSET (STATIC_ASSET_ID, MIME_TYPE, STORAGE_TYPE, FULL_URL, NAME) VALUES (-1235,'image/jpg','FILESYSTEM','/img/product/koushuiwalanhuadoukaorouwei30g/1desc.jpg','口水娃兰花豆（烤肉味）30g');
INSERT INTO BLC_CATEGORY_PRODUCT_XREF (PRODUCT_ID, CATEGORY_ID, DISPLAY_ORDER) VALUES (-1234,1504,1);	INSERT INTO BLC_MEDIA (MEDIA_ID, URL, TITLE, ALT_TEXT) VALUES (-1234,'/cmsstatic/img/product/koushuiwalanhuadouxianglawei30g/1desc.jpg','口水娃兰花豆（香辣味）30g','primary');	INSERT INTO BLC_SKU_MEDIA_MAP (BLC_SKU_SKU_ID, MEDIA_ID, MAP_KEY) VALUES (-1234,-1234,'primary');	INSERT INTO BLC_STATIC_ASSET (STATIC_ASSET_ID, MIME_TYPE, STORAGE_TYPE, FULL_URL, NAME) VALUES (-1234,'image/jpg','FILESYSTEM','/img/product/koushuiwalanhuadouxianglawei30g/1desc.jpg','口水娃兰花豆（香辣味）30g');
INSERT INTO BLC_CATEGORY_PRODUCT_XREF (PRODUCT_ID, CATEGORY_ID, DISPLAY_ORDER) VALUES (-1233,1504,1);	INSERT INTO BLC_MEDIA (MEDIA_ID, URL, TITLE, ALT_TEXT) VALUES (-1233,'/cmsstatic/img/product/koushuiwalanhuadouwuxiangwei30g/1desc.jpg','口水娃兰花豆（五香味）30g','primary');	INSERT INTO BLC_SKU_MEDIA_MAP (BLC_SKU_SKU_ID, MEDIA_ID, MAP_KEY) VALUES (-1233,-1233,'primary');	INSERT INTO BLC_STATIC_ASSET (STATIC_ASSET_ID, MIME_TYPE, STORAGE_TYPE, FULL_URL, NAME) VALUES (-1233,'image/jpg','FILESYSTEM','/img/product/koushuiwalanhuadouwuxiangwei30g/1desc.jpg','口水娃兰花豆（五香味）30g');












insert into blc_inventory (INVENTORY_ID, SKU_ID, QUANTITY_AVAILABLE, QUANTITY_ON_HAND, VERSION_NUM, FULFILLMENT_LOCATION_ID) values (-1264, -1264, 12, 12, 0, -1);
insert into blc_inventory (INVENTORY_ID, SKU_ID, QUANTITY_AVAILABLE, QUANTITY_ON_HAND, VERSION_NUM, FULFILLMENT_LOCATION_ID) values (-1263, -1263, 24, 24, 0, -1);
insert into blc_inventory (INVENTORY_ID, SKU_ID, QUANTITY_AVAILABLE, QUANTITY_ON_HAND, VERSION_NUM, FULFILLMENT_LOCATION_ID) values (-1262, -1262, 72, 72, 0, -1);
insert into blc_inventory (INVENTORY_ID, SKU_ID, QUANTITY_AVAILABLE, QUANTITY_ON_HAND, VERSION_NUM, FULFILLMENT_LOCATION_ID) values (-1261, -1261, 15, 15, 0, -1);
insert into blc_inventory (INVENTORY_ID, SKU_ID, QUANTITY_AVAILABLE, QUANTITY_ON_HAND, VERSION_NUM, FULFILLMENT_LOCATION_ID) values (-1260, -1260, 15, 15, 0, -1);
insert into blc_inventory (INVENTORY_ID, SKU_ID, QUANTITY_AVAILABLE, QUANTITY_ON_HAND, VERSION_NUM, FULFILLMENT_LOCATION_ID) values (-1259, -1259, 24, 24, 0, -1);
insert into blc_inventory (INVENTORY_ID, SKU_ID, QUANTITY_AVAILABLE, QUANTITY_ON_HAND, VERSION_NUM, FULFILLMENT_LOCATION_ID) values (-1258, -1258, 24, 24, 0, -1);
insert into blc_inventory (INVENTORY_ID, SKU_ID, QUANTITY_AVAILABLE, QUANTITY_ON_HAND, VERSION_NUM, FULFILLMENT_LOCATION_ID) values (-1257, -1257, 12, 12, 0, -1);
insert into blc_inventory (INVENTORY_ID, SKU_ID, QUANTITY_AVAILABLE, QUANTITY_ON_HAND, VERSION_NUM, FULFILLMENT_LOCATION_ID) values (-1256, -1256, 24, 24, 0, -1);
insert into blc_inventory (INVENTORY_ID, SKU_ID, QUANTITY_AVAILABLE, QUANTITY_ON_HAND, VERSION_NUM, FULFILLMENT_LOCATION_ID) values (-1255, -1255, 24, 24, 0, -1);
insert into blc_inventory (INVENTORY_ID, SKU_ID, QUANTITY_AVAILABLE, QUANTITY_ON_HAND, VERSION_NUM, FULFILLMENT_LOCATION_ID) values (-1254, -1254, 12, 12, 0, -1);
insert into blc_inventory (INVENTORY_ID, SKU_ID, QUANTITY_AVAILABLE, QUANTITY_ON_HAND, VERSION_NUM, FULFILLMENT_LOCATION_ID) values (-1253, -1253, 15, 15, 0, -1);
insert into blc_inventory (INVENTORY_ID, SKU_ID, QUANTITY_AVAILABLE, QUANTITY_ON_HAND, VERSION_NUM, FULFILLMENT_LOCATION_ID) values (-1252, -1252, 48, 48, 0, -1);
insert into blc_inventory (INVENTORY_ID, SKU_ID, QUANTITY_AVAILABLE, QUANTITY_ON_HAND, VERSION_NUM, FULFILLMENT_LOCATION_ID) values (-1251, -1251, 48, 48, 0, -1);
insert into blc_inventory (INVENTORY_ID, SKU_ID, QUANTITY_AVAILABLE, QUANTITY_ON_HAND, VERSION_NUM, FULFILLMENT_LOCATION_ID) values (-1250, -1250, 48, 48, 0, -1);
insert into blc_inventory (INVENTORY_ID, SKU_ID, QUANTITY_AVAILABLE, QUANTITY_ON_HAND, VERSION_NUM, FULFILLMENT_LOCATION_ID) values (-1249, -1249, 15, 15, 0, -1);
insert into blc_inventory (INVENTORY_ID, SKU_ID, QUANTITY_AVAILABLE, QUANTITY_ON_HAND, VERSION_NUM, FULFILLMENT_LOCATION_ID) values (-1248, -1248, 24, 24, 0, -1);
insert into blc_inventory (INVENTORY_ID, SKU_ID, QUANTITY_AVAILABLE, QUANTITY_ON_HAND, VERSION_NUM, FULFILLMENT_LOCATION_ID) values (-1247, -1247, 24, 24, 0, -1);
insert into blc_inventory (INVENTORY_ID, SKU_ID, QUANTITY_AVAILABLE, QUANTITY_ON_HAND, VERSION_NUM, FULFILLMENT_LOCATION_ID) values (-1246, -1246, 48, 48, 0, -1);
insert into blc_inventory (INVENTORY_ID, SKU_ID, QUANTITY_AVAILABLE, QUANTITY_ON_HAND, VERSION_NUM, FULFILLMENT_LOCATION_ID) values (-1245, -1245, 60, 60, 0, -1);
insert into blc_inventory (INVENTORY_ID, SKU_ID, QUANTITY_AVAILABLE, QUANTITY_ON_HAND, VERSION_NUM, FULFILLMENT_LOCATION_ID) values (-1244, -1244, 30, 30, 0, -1);
insert into blc_inventory (INVENTORY_ID, SKU_ID, QUANTITY_AVAILABLE, QUANTITY_ON_HAND, VERSION_NUM, FULFILLMENT_LOCATION_ID) values (-1243, -1243, 30, 30, 0, -1);
insert into blc_inventory (INVENTORY_ID, SKU_ID, QUANTITY_AVAILABLE, QUANTITY_ON_HAND, VERSION_NUM, FULFILLMENT_LOCATION_ID) values (-1242, -1242, 44, 44, 0, -1);
insert into blc_inventory (INVENTORY_ID, SKU_ID, QUANTITY_AVAILABLE, QUANTITY_ON_HAND, VERSION_NUM, FULFILLMENT_LOCATION_ID) values (-1241, -1241, 44, 44, 0, -1);
insert into blc_inventory (INVENTORY_ID, SKU_ID, QUANTITY_AVAILABLE, QUANTITY_ON_HAND, VERSION_NUM, FULFILLMENT_LOCATION_ID) values (-1240, -1240, 44, 44, 0, -1);
insert into blc_inventory (INVENTORY_ID, SKU_ID, QUANTITY_AVAILABLE, QUANTITY_ON_HAND, VERSION_NUM, FULFILLMENT_LOCATION_ID) values (-1239, -1239, 44, 44, 0, -1);
insert into blc_inventory (INVENTORY_ID, SKU_ID, QUANTITY_AVAILABLE, QUANTITY_ON_HAND, VERSION_NUM, FULFILLMENT_LOCATION_ID) values (-1238, -1238, 35, 35, 0, -1);
insert into blc_inventory (INVENTORY_ID, SKU_ID, QUANTITY_AVAILABLE, QUANTITY_ON_HAND, VERSION_NUM, FULFILLMENT_LOCATION_ID) values (-1237, -1237, 22, 22, 0, -1);
insert into blc_inventory (INVENTORY_ID, SKU_ID, QUANTITY_AVAILABLE, QUANTITY_ON_HAND, VERSION_NUM, FULFILLMENT_LOCATION_ID) values (-1236, -1236, 160, 160, 0, -1);
insert into blc_inventory (INVENTORY_ID, SKU_ID, QUANTITY_AVAILABLE, QUANTITY_ON_HAND, VERSION_NUM, FULFILLMENT_LOCATION_ID) values (-1235, -1235, 80, 80, 0, -1);
insert into blc_inventory (INVENTORY_ID, SKU_ID, QUANTITY_AVAILABLE, QUANTITY_ON_HAND, VERSION_NUM, FULFILLMENT_LOCATION_ID) values (-1234, -1234, 80, 80, 0, -1);
insert into blc_inventory (INVENTORY_ID, SKU_ID, QUANTITY_AVAILABLE, QUANTITY_ON_HAND, VERSION_NUM, FULFILLMENT_LOCATION_ID) values (-1233, -1233, 80, 80, 0, -1);














INSERT INTO blc_media (MEDIA_ID, URL, TITLE, ALT_TEXT) VALUES (-2264,'/cmsstatic/img/product/yinluniunaihuashengdanbaiyinpin370g/2desc.jpg','银鹭牛奶花生蛋白饮品370g','alt1');

INSERT INTO BLC_SKU_MEDIA_MAP (BLC_SKU_SKU_ID, MEDIA_ID, MAP_KEY) VALUES (-1264,-2264,'alt1');	INSERT INTO BLC_STATIC_ASSET (STATIC_ASSET_ID, MIME_TYPE, STORAGE_TYPE, FULL_URL, NAME) VALUES (-2264,'image/jpg','FILESYSTEM','/img/product/yinluniunaihuashengdanbaiyinpin370g/2desc.jpg','银鹭牛奶花生蛋白饮品370g');
INSERT INTO blc_media (MEDIA_ID, URL, TITLE, ALT_TEXT) VALUES (-2263,'/cmsstatic/img/product/tongyilaotansuancainiuroumian120g/2desc.jpg','统一老坛酸菜牛肉面（桶）120g','alt1');	INSERT INTO BLC_SKU_MEDIA_MAP (BLC_SKU_SKU_ID, MEDIA_ID, MAP_KEY) VALUES (-1263,-2263,'alt1');	INSERT INTO BLC_STATIC_ASSET (STATIC_ASSET_ID, MIME_TYPE, STORAGE_TYPE, FULL_URL, NAME) VALUES (-2263,'image/jpg','FILESYSTEM','/img/product/tongyilaotansuancainiuroumian120g/2desc.jpg','统一老坛酸菜牛肉面（桶）120g');
INSERT INTO blc_media (MEDIA_ID, URL, TITLE, ALT_TEXT) VALUES (-2262,'/cmsstatic/img/product/baishikekoukele600ml/2desc.jpg','百事可乐600ml','alt1');	INSERT INTO BLC_SKU_MEDIA_MAP (BLC_SKU_SKU_ID, MEDIA_ID, MAP_KEY) VALUES (-1262,-2262,'alt1');	INSERT INTO BLC_STATIC_ASSET (STATIC_ASSET_ID, MIME_TYPE, STORAGE_TYPE, FULL_URL, NAME) VALUES (-2262,'image/jpg','FILESYSTEM','/img/product/baishikekoukele600ml/2desc.jpg','百事可乐600ml');
INSERT INTO blc_media (MEDIA_ID, URL, TITLE, ALT_TEXT) VALUES (-2261,'/cmsstatic/img/product/wahahayingxiangkuaixianboluowei500g/2desc.jpg','娃哈哈营养快线（菠萝味）500g','alt1');	INSERT INTO BLC_SKU_MEDIA_MAP (BLC_SKU_SKU_ID, MEDIA_ID, MAP_KEY) VALUES (-1261,-2261,'alt1');	INSERT INTO BLC_STATIC_ASSET (STATIC_ASSET_ID, MIME_TYPE, STORAGE_TYPE, FULL_URL, NAME) VALUES (-2261,'image/jpg','FILESYSTEM','/img/product/wahahayingxiangkuaixianboluowei500g/2desc.jpg','娃哈哈营养快线（菠萝味）500g');
INSERT INTO blc_media (MEDIA_ID, URL, TITLE, ALT_TEXT) VALUES (-2260,'/cmsstatic/img/product/wahahayingxiangkuaixianyuanwei500g/2desc.jpg','娃哈哈营养快线（原味）500g','alt1');	INSERT INTO BLC_SKU_MEDIA_MAP (BLC_SKU_SKU_ID, MEDIA_ID, MAP_KEY) VALUES (-1260,-2260,'alt1');	INSERT INTO BLC_STATIC_ASSET (STATIC_ASSET_ID, MIME_TYPE, STORAGE_TYPE, FULL_URL, NAME) VALUES (-2260,'image/jpg','FILESYSTEM','/img/product/wahahayingxiangkuaixianyuanwei500g/2desc.jpg','娃哈哈营养快线（原味）500g');
INSERT INTO blc_media (MEDIA_ID, URL, TITLE, ALT_TEXT) VALUES (-2259,'/cmsstatic/img/product/yeshuyezhi245/2desc.jpg','椰树椰汁245ml','alt1');	INSERT INTO BLC_SKU_MEDIA_MAP (BLC_SKU_SKU_ID, MEDIA_ID, MAP_KEY) VALUES (-1259,-2259,'alt1');	INSERT INTO BLC_STATIC_ASSET (STATIC_ASSET_ID, MIME_TYPE, STORAGE_TYPE, FULL_URL, NAME) VALUES (-2259,'image/jpg','FILESYSTEM','/img/product/yeshuyezhi245/2desc.jpg','椰树椰汁245ml');
INSERT INTO blc_media (MEDIA_ID, URL, TITLE, ALT_TEXT) VALUES (-2258,'/cmsstatic/img/product/nongfushanquankuangquanshui380ml/2desc.jpg','农夫山泉矿泉水380ml','alt1');	INSERT INTO BLC_SKU_MEDIA_MAP (BLC_SKU_SKU_ID, MEDIA_ID, MAP_KEY) VALUES (-1258,-2258,'alt1');	INSERT INTO BLC_STATIC_ASSET (STATIC_ASSET_ID, MIME_TYPE, STORAGE_TYPE, FULL_URL, NAME) VALUES (-2258,'image/jpg','FILESYSTEM','/img/product/nongfushanquankuangquanshui380ml/2desc.jpg','农夫山泉矿泉水380ml');
INSERT INTO blc_media (MEDIA_ID, URL, TITLE, ALT_TEXT) VALUES (-2257,'/cmsstatic/img/product/yinluguiyuanbabaozhou/2desc.jpg','银鹭桂圆八宝粥360g','alt1');	INSERT INTO BLC_SKU_MEDIA_MAP (BLC_SKU_SKU_ID, MEDIA_ID, MAP_KEY) VALUES (-1257,-2257,'alt1');	INSERT INTO BLC_STATIC_ASSET (STATIC_ASSET_ID, MIME_TYPE, STORAGE_TYPE, FULL_URL, NAME) VALUES (-2257,'image/jpg','FILESYSTEM','/img/product/yinluguiyuanbabaozhou/2desc.jpg','银鹭桂圆八宝粥360g');
INSERT INTO blc_media (MEDIA_ID, URL, TITLE, ALT_TEXT) VALUES (-2256,'/cmsstatic/img/product/wahahaadgainaiyinliao220g/2desc.jpg','娃哈哈AD钙奶饮料220g','alt1');	INSERT INTO BLC_SKU_MEDIA_MAP (BLC_SKU_SKU_ID, MEDIA_ID, MAP_KEY) VALUES (-1256,-2256,'alt1');	INSERT INTO BLC_STATIC_ASSET (STATIC_ASSET_ID, MIME_TYPE, STORAGE_TYPE, FULL_URL, NAME) VALUES (-2256,'image/jpg','FILESYSTEM','/img/product/wahahaadgainaiyinliao220g/2desc.jpg','娃哈哈AD钙奶饮料220g');
INSERT INTO blc_media (MEDIA_ID, URL, TITLE, ALT_TEXT) VALUES (-2255,'/cmsstatic/img/product/liziyuantianniunai450ml/2desc.jpg','李子园甜牛奶450ml','alt1');	INSERT INTO BLC_SKU_MEDIA_MAP (BLC_SKU_SKU_ID, MEDIA_ID, MAP_KEY) VALUES (-1255,-2255,'alt1');	INSERT INTO BLC_STATIC_ASSET (STATIC_ASSET_ID, MIME_TYPE, STORAGE_TYPE, FULL_URL, NAME) VALUES (-2255,'image/jpg','FILESYSTEM','/img/product/liziyuantianniunai450ml/2desc.jpg','李子园甜牛奶450ml');
INSERT INTO blc_media (MEDIA_ID, URL, TITLE, ALT_TEXT) VALUES (-2254,'/cmsstatic/img/product/yinlulvdoutang370g/2desc.jpg','银鹭绿豆汤370g','alt1');	INSERT INTO BLC_SKU_MEDIA_MAP (BLC_SKU_SKU_ID, MEDIA_ID, MAP_KEY) VALUES (-1254,-2254,'alt1');	INSERT INTO BLC_STATIC_ASSET (STATIC_ASSET_ID, MIME_TYPE, STORAGE_TYPE, FULL_URL, NAME) VALUES (-2254,'image/jpg','FILESYSTEM','/img/product/yinlulvdoutang370g/2desc.jpg','银鹭绿豆汤370g');
INSERT INTO blc_media (MEDIA_ID, URL, TITLE, ALT_TEXT) VALUES (-2253,'/cmsstatic/img/product/wahahayingxiangkuaixianyeziwei500g/2desc.jpg','娃哈哈营养快线（椰子味）500g','alt1');	INSERT INTO BLC_SKU_MEDIA_MAP (BLC_SKU_SKU_ID, MEDIA_ID, MAP_KEY) VALUES (-1253,-2253,'alt1');	INSERT INTO BLC_STATIC_ASSET (STATIC_ASSET_ID, MIME_TYPE, STORAGE_TYPE, FULL_URL, NAME) VALUES (-2253,'image/jpg','FILESYSTEM','/img/product/wahahayingxiangkuaixianyeziwei500g/2desc.jpg','娃哈哈营养快线（椰子味）500g');
INSERT INTO blc_media (MEDIA_ID, URL, TITLE, ALT_TEXT) VALUES (-2252,'/cmsstatic/img/product/nongfushanquankuangquanshui550ml/2desc.jpg','农夫山泉矿泉水550ml','alt1');	INSERT INTO BLC_SKU_MEDIA_MAP (BLC_SKU_SKU_ID, MEDIA_ID, MAP_KEY) VALUES (-1252,-2252,'alt1');	INSERT INTO BLC_STATIC_ASSET (STATIC_ASSET_ID, MIME_TYPE, STORAGE_TYPE, FULL_URL, NAME) VALUES (-2252,'image/jpg','FILESYSTEM','/img/product/nongfushanquankuangquanshui550ml/2desc.jpg','农夫山泉矿泉水550ml');
INSERT INTO blc_media (MEDIA_ID, URL, TITLE, ALT_TEXT) VALUES (-2251,'/cmsstatic/img/product/kekoukele330ml/2desc.jpg','可口可乐（听）330ml','alt1');	INSERT INTO BLC_SKU_MEDIA_MAP (BLC_SKU_SKU_ID, MEDIA_ID, MAP_KEY) VALUES (-1251,-2251,'alt1');	INSERT INTO BLC_STATIC_ASSET (STATIC_ASSET_ID, MIME_TYPE, STORAGE_TYPE, FULL_URL, NAME) VALUES (-2251,'image/jpg','FILESYSTEM','/img/product/kekoukele330ml/2desc.jpg','可口可乐（听）330ml');
INSERT INTO blc_media (MEDIA_ID, URL, TITLE, ALT_TEXT) VALUES (-2250,'/cmsstatic/img/product/wahahachunjingshui596ml/2desc.jpg','娃哈哈纯净水596ml','alt1');	INSERT INTO BLC_SKU_MEDIA_MAP (BLC_SKU_SKU_ID, MEDIA_ID, MAP_KEY) VALUES (-1250,-2250,'alt1');	INSERT INTO BLC_STATIC_ASSET (STATIC_ASSET_ID, MIME_TYPE, STORAGE_TYPE, FULL_URL, NAME) VALUES (-2250,'image/jpg','FILESYSTEM','/img/product/wahahachunjingshui596ml/2desc.jpg','娃哈哈纯净水596ml');
INSERT INTO blc_media (MEDIA_ID, URL, TITLE, ALT_TEXT) VALUES (-2249,'/cmsstatic/img/product/jinjiaoyundongxingyinliaoxianwei550ms/2desc.jpg','尖叫运动型饮料（纤维）550ml','alt1');	INSERT INTO BLC_SKU_MEDIA_MAP (BLC_SKU_SKU_ID, MEDIA_ID, MAP_KEY) VALUES (-1249,-2249,'alt1');	INSERT INTO BLC_STATIC_ASSET (STATIC_ASSET_ID, MIME_TYPE, STORAGE_TYPE, FULL_URL, NAME) VALUES (-2249,'image/jpg','FILESYSTEM','/img/product/jinjiaoyundongxingyinliaoxianwei550ms/2desc.jpg','尖叫运动型饮料（纤维）550ml');
INSERT INTO blc_media (MEDIA_ID, URL, TITLE, ALT_TEXT) VALUES (-2248,'/cmsstatic/img/product/wahahaguiyuanlianzibabaozhou/2desc.jpg','娃哈哈桂圆莲子八宝粥360g','alt1');	INSERT INTO BLC_SKU_MEDIA_MAP (BLC_SKU_SKU_ID, MEDIA_ID, MAP_KEY) VALUES (-1248,-2248,'alt1');	INSERT INTO BLC_STATIC_ASSET (STATIC_ASSET_ID, MIME_TYPE, STORAGE_TYPE, FULL_URL, NAME) VALUES (-2248,'image/jpg','FILESYSTEM','/img/product/wahahaguiyuanlianzibabaozhou/2desc.jpg','娃哈哈桂圆莲子八宝粥360g');
INSERT INTO blc_media (MEDIA_ID, URL, TITLE, ALT_TEXT) VALUES (-2247,'/cmsstatic/img/product/daizhuangtongyi100luroumian112g/2desc.jpg','袋装统一100卤肉面112g','alt1');	INSERT INTO BLC_SKU_MEDIA_MAP (BLC_SKU_SKU_ID, MEDIA_ID, MAP_KEY) VALUES (-1247,-2247,'alt1');	INSERT INTO BLC_STATIC_ASSET (STATIC_ASSET_ID, MIME_TYPE, STORAGE_TYPE, FULL_URL, NAME) VALUES (-2247,'image/jpg','FILESYSTEM','/img/product/daizhuangtongyi100luroumian112g/2desc.jpg','袋装统一100卤肉面112g');
INSERT INTO blc_media (MEDIA_ID, URL, TITLE, ALT_TEXT) VALUES (-2246,'/cmsstatic/img/product/daizhuangtongyi100laotansuancainiuroumian112g/2desc.jpg','袋装统一100老坛酸菜牛肉面112g','alt1');	INSERT INTO BLC_SKU_MEDIA_MAP (BLC_SKU_SKU_ID, MEDIA_ID, MAP_KEY) VALUES (-1246,-2246,'alt1');	INSERT INTO BLC_STATIC_ASSET (STATIC_ASSET_ID, MIME_TYPE, STORAGE_TYPE, FULL_URL, NAME) VALUES (-2246,'image/jpg','FILESYSTEM','/img/product/daizhuangtongyi100laotansuancainiuroumian112g/2desc.jpg','袋装统一100老坛酸菜牛肉面112g');
INSERT INTO blc_media (MEDIA_ID, URL, TITLE, ALT_TEXT) VALUES (-2245,'/cmsstatic/img/product/tongyixiaohuanxiongaoerliangkaochiwei46g/2desc.jpg','统一小浣熊干脆面（奥尔良烤翅味）46g','alt1');	INSERT INTO BLC_SKU_MEDIA_MAP (BLC_SKU_SKU_ID, MEDIA_ID, MAP_KEY) VALUES (-1245,-2245,'alt1');	INSERT INTO BLC_STATIC_ASSET (STATIC_ASSET_ID, MIME_TYPE, STORAGE_TYPE, FULL_URL, NAME) VALUES (-2245,'image/jpg','FILESYSTEM','/img/product/tongyixiaohuanxiongaoerliangkaochiwei46g/2desc.jpg','统一小浣熊干脆面（奥尔良烤翅味）46g');
INSERT INTO blc_media (MEDIA_ID, URL, TITLE, ALT_TEXT) VALUES (-2244,'/cmsstatic/img/product/tongyixiaohuanxionggancuimiankaorouwei46g/2desc.jpg','统一小浣熊干脆面（烤肉味）46g','alt1');	INSERT INTO BLC_SKU_MEDIA_MAP (BLC_SKU_SKU_ID, MEDIA_ID, MAP_KEY) VALUES (-1244,-2244,'alt1');	INSERT INTO BLC_STATIC_ASSET (STATIC_ASSET_ID, MIME_TYPE, STORAGE_TYPE, FULL_URL, NAME) VALUES (-2244,'image/jpg','FILESYSTEM','/img/product/tongyixiaohuanxionggancuimiankaorouwei46g/2desc.jpg','统一小浣熊干脆面（烤肉味）46g');
INSERT INTO blc_media (MEDIA_ID, URL, TITLE, ALT_TEXT) VALUES (-2243,'/cmsstatic/img/product/tongyixiaohuanxiongyidalihonghuiwei46g/2desc.jpg','统一小浣熊干脆面（意大利红烩味）46g','alt1');	INSERT INTO BLC_SKU_MEDIA_MAP (BLC_SKU_SKU_ID, MEDIA_ID, MAP_KEY) VALUES (-1243,-2243,'alt1');	INSERT INTO BLC_STATIC_ASSET (STATIC_ASSET_ID, MIME_TYPE, STORAGE_TYPE, FULL_URL, NAME) VALUES (-2243,'image/jpg','FILESYSTEM','/img/product/tongyixiaohuanxiongyidalihonghuiwei46g/2desc.jpg','统一小浣熊干脆面（意大利红烩味）46g');
INSERT INTO blc_media (MEDIA_ID, URL, TITLE, ALT_TEXT) VALUES (-2242,'/cmsstatic/img/product/tongyixiaodangjiagancuimianxiangcongwei26g/2desc.jpg','统一小当家干脆面（香葱味）26g','alt1');	INSERT INTO BLC_SKU_MEDIA_MAP (BLC_SKU_SKU_ID, MEDIA_ID, MAP_KEY) VALUES (-1242,-2242,'alt1');	INSERT INTO BLC_STATIC_ASSET (STATIC_ASSET_ID, MIME_TYPE, STORAGE_TYPE, FULL_URL, NAME) VALUES (-2242,'image/jpg','FILESYSTEM','/img/product/tongyixiaodangjiagancuimianxiangcongwei26g/2desc.jpg','统一小当家干脆面（香葱味）26g');
INSERT INTO blc_media (MEDIA_ID, URL, TITLE, ALT_TEXT) VALUES (-2241,'/cmsstatic/img/product/tongyixiaodangjiahongshaoniurouwei46g/2desc.jpg','统一小当家干脆面（红烧牛肉味）26g','alt1');	INSERT INTO BLC_SKU_MEDIA_MAP (BLC_SKU_SKU_ID, MEDIA_ID, MAP_KEY) VALUES (-1241,-2241,'alt1');	INSERT INTO BLC_STATIC_ASSET (STATIC_ASSET_ID, MIME_TYPE, STORAGE_TYPE, FULL_URL, NAME) VALUES (-2241,'image/jpg','FILESYSTEM','/img/product/tongyixiaodangjiahongshaoniurouwei46g/2desc.jpg','统一小当家干脆面（红烧牛肉味）26g');
INSERT INTO blc_media (MEDIA_ID, URL, TITLE, ALT_TEXT) VALUES (-2240,'/cmsstatic/img/product/tongyixiaodangjiamizhizhupaiwei26g/2desc.jpg','统一小当家干脆面（蜜汁猪排味）26g','alt1');	INSERT INTO BLC_SKU_MEDIA_MAP (BLC_SKU_SKU_ID, MEDIA_ID, MAP_KEY) VALUES (-1240,-2240,'alt1');	INSERT INTO BLC_STATIC_ASSET (STATIC_ASSET_ID, MIME_TYPE, STORAGE_TYPE, FULL_URL, NAME) VALUES (-2240,'image/jpg','FILESYSTEM','/img/product/tongyixiaodangjiamizhizhupaiwei26g/2desc.jpg','统一小当家干脆面（蜜汁猪排味）26g');
INSERT INTO blc_media (MEDIA_ID, URL, TITLE, ALT_TEXT) VALUES (-2239,'/cmsstatic/img/product/tongyixiaodangjiawuxiangniurouwei26g/2desc.jpg','统一小当家干脆面（五香牛肉味）26g','alt1');	INSERT INTO BLC_SKU_MEDIA_MAP (BLC_SKU_SKU_ID, MEDIA_ID, MAP_KEY) VALUES (-1239,-2239,'alt1');	INSERT INTO BLC_STATIC_ASSET (STATIC_ASSET_ID, MIME_TYPE, STORAGE_TYPE, FULL_URL, NAME) VALUES (-2239,'image/jpg','FILESYSTEM','/img/product/tongyixiaodangjiawuxiangniurouwei26g/2desc.jpg','统一小当家干脆面（五香牛肉味）26g');
INSERT INTO blc_media (MEDIA_ID, URL, TITLE, ALT_TEXT) VALUES (-2238,'/cmsstatic/img/product/qiaqiaxiangguaziziranshengxiang60g/2desc.jpg','洽洽香瓜子（自然生香）60g','alt1');	INSERT INTO BLC_SKU_MEDIA_MAP (BLC_SKU_SKU_ID, MEDIA_ID, MAP_KEY) VALUES (-1238,-2238,'alt1');	INSERT INTO BLC_STATIC_ASSET (STATIC_ASSET_ID, MIME_TYPE, STORAGE_TYPE, FULL_URL, NAME) VALUES (-2238,'image/jpg','FILESYSTEM','/img/product/qiaqiaxiangguaziziranshengxiang60g/2desc.jpg','洽洽香瓜子（自然生香）60g');
INSERT INTO blc_media (MEDIA_ID, URL, TITLE, ALT_TEXT) VALUES (-2237,'/cmsstatic/img/product/qiaqiaxiangguazinaixiang110g/2desc.jpg','洽洽香瓜子（奶香味）110g','alt1');	INSERT INTO BLC_SKU_MEDIA_MAP (BLC_SKU_SKU_ID, MEDIA_ID, MAP_KEY) VALUES (-1237,-2237,'alt1');	INSERT INTO BLC_STATIC_ASSET (STATIC_ASSET_ID, MIME_TYPE, STORAGE_TYPE, FULL_URL, NAME) VALUES (-2237,'image/jpg','FILESYSTEM','/img/product/qiaqiaxiangguazinaixiang110g/2desc.jpg','洽洽香瓜子（奶香味）110g');
INSERT INTO blc_media (MEDIA_ID, URL, TITLE, ALT_TEXT) VALUES (-2236,'/cmsstatic/img/product/koushuiwalanhuadoujiangzhiniurouwei30g/2desc.jpg','口水娃兰花豆（酱汁牛肉味）30g','alt1');	INSERT INTO BLC_SKU_MEDIA_MAP (BLC_SKU_SKU_ID, MEDIA_ID, MAP_KEY) VALUES (-1236,-2236,'alt1');	INSERT INTO BLC_STATIC_ASSET (STATIC_ASSET_ID, MIME_TYPE, STORAGE_TYPE, FULL_URL, NAME) VALUES (-2236,'image/jpg','FILESYSTEM','/img/product/koushuiwalanhuadoujiangzhiniurouwei30g/2desc.jpg','口水娃兰花豆（酱汁牛肉味）30g');
INSERT INTO blc_media (MEDIA_ID, URL, TITLE, ALT_TEXT) VALUES (-2235,'/cmsstatic/img/product/koushuiwalanhuadoukaorouwei30g/2desc.jpg','口水娃兰花豆（烤肉味）30g','alt1');	INSERT INTO BLC_SKU_MEDIA_MAP (BLC_SKU_SKU_ID, MEDIA_ID, MAP_KEY) VALUES (-1235,-2235,'alt1');	INSERT INTO BLC_STATIC_ASSET (STATIC_ASSET_ID, MIME_TYPE, STORAGE_TYPE, FULL_URL, NAME) VALUES (-2235,'image/jpg','FILESYSTEM','/img/product/koushuiwalanhuadoukaorouwei30g/2desc.jpg','口水娃兰花豆（烤肉味）30g');
INSERT INTO blc_media (MEDIA_ID, URL, TITLE, ALT_TEXT) VALUES (-2234,'/cmsstatic/img/product/koushuiwalanhuadouxianglawei30g/2desc.jpg','口水娃兰花豆（香辣味）30g','alt1');	INSERT INTO BLC_SKU_MEDIA_MAP (BLC_SKU_SKU_ID, MEDIA_ID, MAP_KEY) VALUES (-1234,-2234,'alt1');	INSERT INTO BLC_STATIC_ASSET (STATIC_ASSET_ID, MIME_TYPE, STORAGE_TYPE, FULL_URL, NAME) VALUES (-2234,'image/jpg','FILESYSTEM','/img/product/koushuiwalanhuadouxianglawei30g/2desc.jpg','口水娃兰花豆（香辣味）30g');
INSERT INTO blc_media (MEDIA_ID, URL, TITLE, ALT_TEXT) VALUES (-2233,'/cmsstatic/img/product/koushuiwalanhuadouwuxiangwei30g/2desc.jpg','口水娃兰花豆（五香味）30g','alt1');	INSERT INTO BLC_SKU_MEDIA_MAP (BLC_SKU_SKU_ID, MEDIA_ID, MAP_KEY) VALUES (-1233,-2233,'alt1');	INSERT INTO BLC_STATIC_ASSET (STATIC_ASSET_ID, MIME_TYPE, STORAGE_TYPE, FULL_URL, NAME) VALUES (-2233,'image/jpg','FILESYSTEM','/img/product/koushuiwalanhuadouwuxiangwei30g/2desc.jpg','口水娃兰花豆（五香味）30g');








INSERT INTO blc_media (MEDIA_ID, URL, TITLE, ALT_TEXT) VALUES (-3264,'/cmsstatic/img/product/yinluniunaihuashengdanbaiyinpin370g/3desc.jpg','银鹭牛奶花生蛋白饮品370g','alt2');	INSERT INTO BLC_SKU_MEDIA_MAP (BLC_SKU_SKU_ID, MEDIA_ID, MAP_KEY) VALUES (-1264,-3264,'alt2');	INSERT INTO BLC_STATIC_ASSET (STATIC_ASSET_ID, MIME_TYPE, STORAGE_TYPE, FULL_URL, NAME) VALUES (-3264,'image/jpg','FILESYSTEM','/img/product/yinluniunaihuashengdanbaiyinpin370g/3desc.jpg','银鹭牛奶花生蛋白饮品370g');
INSERT INTO blc_media (MEDIA_ID, URL, TITLE, ALT_TEXT) VALUES (-3263,'/cmsstatic/img/product/tongyilaotansuancainiuroumian120g/3desc.jpg','统一老坛酸菜牛肉面（桶）120g','alt2');	INSERT INTO BLC_SKU_MEDIA_MAP (BLC_SKU_SKU_ID, MEDIA_ID, MAP_KEY) VALUES (-1263,-3263,'alt2');	INSERT INTO BLC_STATIC_ASSET (STATIC_ASSET_ID, MIME_TYPE, STORAGE_TYPE, FULL_URL, NAME) VALUES (-3263,'image/jpg','FILESYSTEM','/img/product/tongyilaotansuancainiuroumian120g/3desc.jpg','统一老坛酸菜牛肉面（桶）120g');
INSERT INTO blc_media (MEDIA_ID, URL, TITLE, ALT_TEXT) VALUES (-3262,'/cmsstatic/img/product/baishikekoukele600ml/3desc.jpg','百事可乐600ml','alt2');	INSERT INTO BLC_SKU_MEDIA_MAP (BLC_SKU_SKU_ID, MEDIA_ID, MAP_KEY) VALUES (-1262,-3262,'alt2');	INSERT INTO BLC_STATIC_ASSET (STATIC_ASSET_ID, MIME_TYPE, STORAGE_TYPE, FULL_URL, NAME) VALUES (-3262,'image/jpg','FILESYSTEM','/img/product/baishikekoukele600ml/3desc.jpg','百事可乐600ml');
INSERT INTO blc_media (MEDIA_ID, URL, TITLE, ALT_TEXT) VALUES (-3261,'/cmsstatic/img/product/wahahayingxiangkuaixianboluowei500g/3desc.jpg','娃哈哈营养快线（菠萝味）500g','alt2');	INSERT INTO BLC_SKU_MEDIA_MAP (BLC_SKU_SKU_ID, MEDIA_ID, MAP_KEY) VALUES (-1261,-3261,'alt2');	INSERT INTO BLC_STATIC_ASSET (STATIC_ASSET_ID, MIME_TYPE, STORAGE_TYPE, FULL_URL, NAME) VALUES (-3261,'image/jpg','FILESYSTEM','/img/product/wahahayingxiangkuaixianboluowei500g/3desc.jpg','娃哈哈营养快线（菠萝味）500g');
INSERT INTO blc_media (MEDIA_ID, URL, TITLE, ALT_TEXT) VALUES (-3260,'/cmsstatic/img/product/wahahayingxiangkuaixianyuanwei500g/3desc.jpg','娃哈哈营养快线（原味）500g','alt2');	INSERT INTO BLC_SKU_MEDIA_MAP (BLC_SKU_SKU_ID, MEDIA_ID, MAP_KEY) VALUES (-1260,-3260,'alt2');	INSERT INTO BLC_STATIC_ASSET (STATIC_ASSET_ID, MIME_TYPE, STORAGE_TYPE, FULL_URL, NAME) VALUES (-3260,'image/jpg','FILESYSTEM','/img/product/wahahayingxiangkuaixianyuanwei500g/3desc.jpg','娃哈哈营养快线（原味）500g');
INSERT INTO blc_media (MEDIA_ID, URL, TITLE, ALT_TEXT) VALUES (-3259,'/cmsstatic/img/product/yeshuyezhi245/3desc.jpg','椰树椰汁245ml','alt2');	INSERT INTO BLC_SKU_MEDIA_MAP (BLC_SKU_SKU_ID, MEDIA_ID, MAP_KEY) VALUES (-1259,-3259,'alt2');	INSERT INTO BLC_STATIC_ASSET (STATIC_ASSET_ID, MIME_TYPE, STORAGE_TYPE, FULL_URL, NAME) VALUES (-3259,'image/jpg','FILESYSTEM','/img/product/yeshuyezhi245/3desc.jpg','椰树椰汁245ml');
INSERT INTO blc_media (MEDIA_ID, URL, TITLE, ALT_TEXT) VALUES (-3258,'/cmsstatic/img/product/nongfushanquankuangquanshui380ml/3desc.jpg','农夫山泉矿泉水380ml','alt2');	INSERT INTO BLC_SKU_MEDIA_MAP (BLC_SKU_SKU_ID, MEDIA_ID, MAP_KEY) VALUES (-1258,-3258,'alt2');	INSERT INTO BLC_STATIC_ASSET (STATIC_ASSET_ID, MIME_TYPE, STORAGE_TYPE, FULL_URL, NAME) VALUES (-3258,'image/jpg','FILESYSTEM','/img/product/nongfushanquankuangquanshui380ml/3desc.jpg','农夫山泉矿泉水380ml');
INSERT INTO blc_media (MEDIA_ID, URL, TITLE, ALT_TEXT) VALUES (-3257,'/cmsstatic/img/product/yinluguiyuanbabaozhou/3desc.jpg','银鹭桂圆八宝粥360g','alt2');	INSERT INTO BLC_SKU_MEDIA_MAP (BLC_SKU_SKU_ID, MEDIA_ID, MAP_KEY) VALUES (-1257,-3257,'alt2');	INSERT INTO BLC_STATIC_ASSET (STATIC_ASSET_ID, MIME_TYPE, STORAGE_TYPE, FULL_URL, NAME) VALUES (-3257,'image/jpg','FILESYSTEM','/img/product/yinluguiyuanbabaozhou/3desc.jpg','银鹭桂圆八宝粥360g');
INSERT INTO blc_media (MEDIA_ID, URL, TITLE, ALT_TEXT) VALUES (-3256,'/cmsstatic/img/product/wahahaadgainaiyinliao220g/3desc.jpg','娃哈哈AD钙奶饮料220g','alt2');	INSERT INTO BLC_SKU_MEDIA_MAP (BLC_SKU_SKU_ID, MEDIA_ID, MAP_KEY) VALUES (-1256,-3256,'alt2');	INSERT INTO BLC_STATIC_ASSET (STATIC_ASSET_ID, MIME_TYPE, STORAGE_TYPE, FULL_URL, NAME) VALUES (-3256,'image/jpg','FILESYSTEM','/img/product/wahahaadgainaiyinliao220g/3desc.jpg','娃哈哈AD钙奶饮料220g');
INSERT INTO blc_media (MEDIA_ID, URL, TITLE, ALT_TEXT) VALUES (-3255,'/cmsstatic/img/product/liziyuantianniunai450ml/3desc.jpg','李子园甜牛奶450ml','alt2');	INSERT INTO BLC_SKU_MEDIA_MAP (BLC_SKU_SKU_ID, MEDIA_ID, MAP_KEY) VALUES (-1255,-3255,'alt2');	INSERT INTO BLC_STATIC_ASSET (STATIC_ASSET_ID, MIME_TYPE, STORAGE_TYPE, FULL_URL, NAME) VALUES (-3255,'image/jpg','FILESYSTEM','/img/product/liziyuantianniunai450ml/3desc.jpg','李子园甜牛奶450ml');
INSERT INTO blc_media (MEDIA_ID, URL, TITLE, ALT_TEXT) VALUES (-3254,'/cmsstatic/img/product/yinlulvdoutang370g/3desc.jpg','银鹭绿豆汤370g','alt2');	INSERT INTO BLC_SKU_MEDIA_MAP (BLC_SKU_SKU_ID, MEDIA_ID, MAP_KEY) VALUES (-1254,-3254,'alt2');	INSERT INTO BLC_STATIC_ASSET (STATIC_ASSET_ID, MIME_TYPE, STORAGE_TYPE, FULL_URL, NAME) VALUES (-3254,'image/jpg','FILESYSTEM','/img/product/yinlulvdoutang370g/3desc.jpg','银鹭绿豆汤370g');
INSERT INTO blc_media (MEDIA_ID, URL, TITLE, ALT_TEXT) VALUES (-3253,'/cmsstatic/img/product/wahahayingxiangkuaixianyeziwei500g/3desc.jpg','娃哈哈营养快线（椰子味）500g','alt2');	INSERT INTO BLC_SKU_MEDIA_MAP (BLC_SKU_SKU_ID, MEDIA_ID, MAP_KEY) VALUES (-1253,-3253,'alt2');	INSERT INTO BLC_STATIC_ASSET (STATIC_ASSET_ID, MIME_TYPE, STORAGE_TYPE, FULL_URL, NAME) VALUES (-3253,'image/jpg','FILESYSTEM','/img/product/wahahayingxiangkuaixianyeziwei500g/3desc.jpg','娃哈哈营养快线（椰子味）500g');
INSERT INTO blc_media (MEDIA_ID, URL, TITLE, ALT_TEXT) VALUES (-3252,'/cmsstatic/img/product/nongfushanquankuangquanshui550ml/3desc.jpg','农夫山泉矿泉水550ml','alt2');	INSERT INTO BLC_SKU_MEDIA_MAP (BLC_SKU_SKU_ID, MEDIA_ID, MAP_KEY) VALUES (-1252,-3252,'alt2');	INSERT INTO BLC_STATIC_ASSET (STATIC_ASSET_ID, MIME_TYPE, STORAGE_TYPE, FULL_URL, NAME) VALUES (-3252,'image/jpg','FILESYSTEM','/img/product/nongfushanquankuangquanshui550ml/3desc.jpg','农夫山泉矿泉水550ml');
INSERT INTO blc_media (MEDIA_ID, URL, TITLE, ALT_TEXT) VALUES (-3251,'/cmsstatic/img/product/kekoukele330ml/3desc.jpg','可口可乐（听）330ml','alt2');	INSERT INTO BLC_SKU_MEDIA_MAP (BLC_SKU_SKU_ID, MEDIA_ID, MAP_KEY) VALUES (-1251,-3251,'alt2');	INSERT INTO BLC_STATIC_ASSET (STATIC_ASSET_ID, MIME_TYPE, STORAGE_TYPE, FULL_URL, NAME) VALUES (-3251,'image/jpg','FILESYSTEM','/img/product/kekoukele330ml/3desc.jpg','可口可乐（听）330ml');
INSERT INTO blc_media (MEDIA_ID, URL, TITLE, ALT_TEXT) VALUES (-3250,'/cmsstatic/img/product/wahahachunjingshui596ml/3desc.jpg','娃哈哈纯净水596ml','alt2');	INSERT INTO BLC_SKU_MEDIA_MAP (BLC_SKU_SKU_ID, MEDIA_ID, MAP_KEY) VALUES (-1250,-3250,'alt2');	INSERT INTO BLC_STATIC_ASSET (STATIC_ASSET_ID, MIME_TYPE, STORAGE_TYPE, FULL_URL, NAME) VALUES (-3250,'image/jpg','FILESYSTEM','/img/product/wahahachunjingshui596ml/3desc.jpg','娃哈哈纯净水596ml');
INSERT INTO blc_media (MEDIA_ID, URL, TITLE, ALT_TEXT) VALUES (-3249,'/cmsstatic/img/product/jinjiaoyundongxingyinliaoxianwei550ms/3desc.jpg','尖叫运动型饮料（纤维）550ml','alt2');	INSERT INTO BLC_SKU_MEDIA_MAP (BLC_SKU_SKU_ID, MEDIA_ID, MAP_KEY) VALUES (-1249,-3249,'alt2');	INSERT INTO BLC_STATIC_ASSET (STATIC_ASSET_ID, MIME_TYPE, STORAGE_TYPE, FULL_URL, NAME) VALUES (-3249,'image/jpg','FILESYSTEM','/img/product/jinjiaoyundongxingyinliaoxianwei550ms/3desc.jpg','尖叫运动型饮料（纤维）550ml');
INSERT INTO blc_media (MEDIA_ID, URL, TITLE, ALT_TEXT) VALUES (-3248,'/cmsstatic/img/product/wahahaguiyuanlianzibabaozhou/3desc.jpg','娃哈哈桂圆莲子八宝粥360g','alt2');	INSERT INTO BLC_SKU_MEDIA_MAP (BLC_SKU_SKU_ID, MEDIA_ID, MAP_KEY) VALUES (-1248,-3248,'alt2');	INSERT INTO BLC_STATIC_ASSET (STATIC_ASSET_ID, MIME_TYPE, STORAGE_TYPE, FULL_URL, NAME) VALUES (-3248,'image/jpg','FILESYSTEM','/img/product/wahahaguiyuanlianzibabaozhou/3desc.jpg','娃哈哈桂圆莲子八宝粥360g');
INSERT INTO blc_media (MEDIA_ID, URL, TITLE, ALT_TEXT) VALUES (-3247,'/cmsstatic/img/product/daizhuangtongyi100luroumian112g/3desc.jpg','袋装统一100卤肉面112g','alt2');	INSERT INTO BLC_SKU_MEDIA_MAP (BLC_SKU_SKU_ID, MEDIA_ID, MAP_KEY) VALUES (-1247,-3247,'alt2');	INSERT INTO BLC_STATIC_ASSET (STATIC_ASSET_ID, MIME_TYPE, STORAGE_TYPE, FULL_URL, NAME) VALUES (-3247,'image/jpg','FILESYSTEM','/img/product/daizhuangtongyi100luroumian112g/3desc.jpg','袋装统一100卤肉面112g');
INSERT INTO blc_media (MEDIA_ID, URL, TITLE, ALT_TEXT) VALUES (-3246,'/cmsstatic/img/product/daizhuangtongyi100laotansuancainiuroumian112g/3desc.jpg','袋装统一100老坛酸菜牛肉面112g','alt2');	INSERT INTO BLC_SKU_MEDIA_MAP (BLC_SKU_SKU_ID, MEDIA_ID, MAP_KEY) VALUES (-1246,-3246,'alt2');	INSERT INTO BLC_STATIC_ASSET (STATIC_ASSET_ID, MIME_TYPE, STORAGE_TYPE, FULL_URL, NAME) VALUES (-3246,'image/jpg','FILESYSTEM','/img/product/daizhuangtongyi100laotansuancainiuroumian112g/3desc.jpg','袋装统一100老坛酸菜牛肉面112g');
INSERT INTO blc_media (MEDIA_ID, URL, TITLE, ALT_TEXT) VALUES (-3245,'/cmsstatic/img/product/tongyixiaohuanxiongaoerliangkaochiwei46g/3desc.jpg','统一小浣熊干脆面（奥尔良烤翅味）46g','alt2');	INSERT INTO BLC_SKU_MEDIA_MAP (BLC_SKU_SKU_ID, MEDIA_ID, MAP_KEY) VALUES (-1245,-3245,'alt2');	INSERT INTO BLC_STATIC_ASSET (STATIC_ASSET_ID, MIME_TYPE, STORAGE_TYPE, FULL_URL, NAME) VALUES (-3245,'image/jpg','FILESYSTEM','/img/product/tongyixiaohuanxiongaoerliangkaochiwei46g/3desc.jpg','统一小浣熊干脆面（奥尔良烤翅味）46g');
INSERT INTO blc_media (MEDIA_ID, URL, TITLE, ALT_TEXT) VALUES (-3244,'/cmsstatic/img/product/tongyixiaohuanxionggancuimiankaorouwei46g/3desc.jpg','统一小浣熊干脆面（烤肉味）46g','alt2');	INSERT INTO BLC_SKU_MEDIA_MAP (BLC_SKU_SKU_ID, MEDIA_ID, MAP_KEY) VALUES (-1244,-3244,'alt2');	INSERT INTO BLC_STATIC_ASSET (STATIC_ASSET_ID, MIME_TYPE, STORAGE_TYPE, FULL_URL, NAME) VALUES (-3244,'image/jpg','FILESYSTEM','/img/product/tongyixiaohuanxionggancuimiankaorouwei46g/3desc.jpg','统一小浣熊干脆面（烤肉味）46g');
INSERT INTO blc_media (MEDIA_ID, URL, TITLE, ALT_TEXT) VALUES (-3243,'/cmsstatic/img/product/tongyixiaohuanxiongyidalihonghuiwei46g/3desc.jpg','统一小浣熊干脆面（意大利红烩味）46g','alt2');	INSERT INTO BLC_SKU_MEDIA_MAP (BLC_SKU_SKU_ID, MEDIA_ID, MAP_KEY) VALUES (-1243,-3243,'alt2');	INSERT INTO BLC_STATIC_ASSET (STATIC_ASSET_ID, MIME_TYPE, STORAGE_TYPE, FULL_URL, NAME) VALUES (-3243,'image/jpg','FILESYSTEM','/img/product/tongyixiaohuanxiongyidalihonghuiwei46g/3desc.jpg','统一小浣熊干脆面（意大利红烩味）46g');
INSERT INTO blc_media (MEDIA_ID, URL, TITLE, ALT_TEXT) VALUES (-3242,'/cmsstatic/img/product/tongyixiaodangjiagancuimianxiangcongwei26g/3desc.jpg','统一小当家干脆面（香葱味）26g','alt2');	INSERT INTO BLC_SKU_MEDIA_MAP (BLC_SKU_SKU_ID, MEDIA_ID, MAP_KEY) VALUES (-1242,-3242,'alt2');	INSERT INTO BLC_STATIC_ASSET (STATIC_ASSET_ID, MIME_TYPE, STORAGE_TYPE, FULL_URL, NAME) VALUES (-3242,'image/jpg','FILESYSTEM','/img/product/tongyixiaodangjiagancuimianxiangcongwei26g/3desc.jpg','统一小当家干脆面（香葱味）26g');
INSERT INTO blc_media (MEDIA_ID, URL, TITLE, ALT_TEXT) VALUES (-3241,'/cmsstatic/img/product/tongyixiaodangjiahongshaoniurouwei46g/3desc.jpg','统一小当家干脆面（红烧牛肉味）26g','alt2');	INSERT INTO BLC_SKU_MEDIA_MAP (BLC_SKU_SKU_ID, MEDIA_ID, MAP_KEY) VALUES (-1241,-3241,'alt2');	INSERT INTO BLC_STATIC_ASSET (STATIC_ASSET_ID, MIME_TYPE, STORAGE_TYPE, FULL_URL, NAME) VALUES (-3241,'image/jpg','FILESYSTEM','/img/product/tongyixiaodangjiahongshaoniurouwei46g/3desc.jpg','统一小当家干脆面（红烧牛肉味）26g');
INSERT INTO blc_media (MEDIA_ID, URL, TITLE, ALT_TEXT) VALUES (-3240,'/cmsstatic/img/product/tongyixiaodangjiamizhizhupaiwei26g/3desc.jpg','统一小当家干脆面（蜜汁猪排味）26g','alt2');	INSERT INTO BLC_SKU_MEDIA_MAP (BLC_SKU_SKU_ID, MEDIA_ID, MAP_KEY) VALUES (-1240,-3240,'alt2');	INSERT INTO BLC_STATIC_ASSET (STATIC_ASSET_ID, MIME_TYPE, STORAGE_TYPE, FULL_URL, NAME) VALUES (-3240,'image/jpg','FILESYSTEM','/img/product/tongyixiaodangjiamizhizhupaiwei26g/3desc.jpg','统一小当家干脆面（蜜汁猪排味）26g');
INSERT INTO blc_media (MEDIA_ID, URL, TITLE, ALT_TEXT) VALUES (-3239,'/cmsstatic/img/product/tongyixiaodangjiawuxiangniurouwei26g/3desc.jpg','统一小当家干脆面（五香牛肉味）26g','alt2');	INSERT INTO BLC_SKU_MEDIA_MAP (BLC_SKU_SKU_ID, MEDIA_ID, MAP_KEY) VALUES (-1239,-3239,'alt2');	INSERT INTO BLC_STATIC_ASSET (STATIC_ASSET_ID, MIME_TYPE, STORAGE_TYPE, FULL_URL, NAME) VALUES (-3239,'image/jpg','FILESYSTEM','/img/product/tongyixiaodangjiawuxiangniurouwei26g/3desc.jpg','统一小当家干脆面（五香牛肉味）26g');
INSERT INTO blc_media (MEDIA_ID, URL, TITLE, ALT_TEXT) VALUES (-3238,'/cmsstatic/img/product/qiaqiaxiangguaziziranshengxiang60g/3desc.jpg','洽洽香瓜子（自然生香）60g','alt2');	INSERT INTO BLC_SKU_MEDIA_MAP (BLC_SKU_SKU_ID, MEDIA_ID, MAP_KEY) VALUES (-1238,-3238,'alt2');	INSERT INTO BLC_STATIC_ASSET (STATIC_ASSET_ID, MIME_TYPE, STORAGE_TYPE, FULL_URL, NAME) VALUES (-3238,'image/jpg','FILESYSTEM','/img/product/qiaqiaxiangguaziziranshengxiang60g/3desc.jpg','洽洽香瓜子（自然生香）60g');
INSERT INTO blc_media (MEDIA_ID, URL, TITLE, ALT_TEXT) VALUES (-3237,'/cmsstatic/img/product/qiaqiaxiangguazinaixiang110g/3desc.jpg','洽洽香瓜子（奶香味）110g','alt2');	INSERT INTO BLC_SKU_MEDIA_MAP (BLC_SKU_SKU_ID, MEDIA_ID, MAP_KEY) VALUES (-1237,-3237,'alt2');	INSERT INTO BLC_STATIC_ASSET (STATIC_ASSET_ID, MIME_TYPE, STORAGE_TYPE, FULL_URL, NAME) VALUES (-3237,'image/jpg','FILESYSTEM','/img/product/qiaqiaxiangguazinaixiang110g/3desc.jpg','洽洽香瓜子（奶香味）110g');
INSERT INTO blc_media (MEDIA_ID, URL, TITLE, ALT_TEXT) VALUES (-3236,'/cmsstatic/img/product/koushuiwalanhuadoujiangzhiniurouwei30g/3desc.jpg','口水娃兰花豆（酱汁牛肉味）30g','alt2');	INSERT INTO BLC_SKU_MEDIA_MAP (BLC_SKU_SKU_ID, MEDIA_ID, MAP_KEY) VALUES (-1236,-3236,'alt2');	INSERT INTO BLC_STATIC_ASSET (STATIC_ASSET_ID, MIME_TYPE, STORAGE_TYPE, FULL_URL, NAME) VALUES (-3236,'image/jpg','FILESYSTEM','/img/product/koushuiwalanhuadoujiangzhiniurouwei30g/3desc.jpg','口水娃兰花豆（酱汁牛肉味）30g');
INSERT INTO blc_media (MEDIA_ID, URL, TITLE, ALT_TEXT) VALUES (-3235,'/cmsstatic/img/product/koushuiwalanhuadoukaorouwei30g/3desc.jpg','口水娃兰花豆（烤肉味）30g','alt2');	INSERT INTO BLC_SKU_MEDIA_MAP (BLC_SKU_SKU_ID, MEDIA_ID, MAP_KEY) VALUES (-1235,-3235,'alt2');	INSERT INTO BLC_STATIC_ASSET (STATIC_ASSET_ID, MIME_TYPE, STORAGE_TYPE, FULL_URL, NAME) VALUES (-3235,'image/jpg','FILESYSTEM','/img/product/koushuiwalanhuadoukaorouwei30g/3desc.jpg','口水娃兰花豆（烤肉味）30g');
INSERT INTO blc_media (MEDIA_ID, URL, TITLE, ALT_TEXT) VALUES (-3234,'/cmsstatic/img/product/koushuiwalanhuadouxianglawei30g/3desc.jpg','口水娃兰花豆（香辣味）30g','alt2');	INSERT INTO BLC_SKU_MEDIA_MAP (BLC_SKU_SKU_ID, MEDIA_ID, MAP_KEY) VALUES (-1234,-3234,'alt2');	INSERT INTO BLC_STATIC_ASSET (STATIC_ASSET_ID, MIME_TYPE, STORAGE_TYPE, FULL_URL, NAME) VALUES (-3234,'image/jpg','FILESYSTEM','/img/product/koushuiwalanhuadouxianglawei30g/3desc.jpg','口水娃兰花豆（香辣味）30g');
INSERT INTO blc_media (MEDIA_ID, URL, TITLE, ALT_TEXT) VALUES (-3233,'/cmsstatic/img/product/koushuiwalanhuadouwuxiangwei30g/3desc.jpg','口水娃兰花豆（五香味）30g','alt2');	INSERT INTO BLC_SKU_MEDIA_MAP (BLC_SKU_SKU_ID, MEDIA_ID, MAP_KEY) VALUES (-1233,-3233,'alt2');	INSERT INTO BLC_STATIC_ASSET (STATIC_ASSET_ID, MIME_TYPE, STORAGE_TYPE, FULL_URL, NAME) VALUES (-3233,'image/jpg','FILESYSTEM','/img/product/koushuiwalanhuadouwuxiangwei30g/3desc.jpg','口水娃兰花豆（五香味）30g');


